{
 "2024-07": {
  "_src": "finmind",
  "公司代號": 1294,
  "營業收入-當月營收": 77111000
 },
 "2024-08": {
  "_src": "finmind",
  "公司代號": 1294,
  "營業收入-當月營收": 71230000
 },
 "2024-09": {
  "_src": "finmind",
  "公司代號": 1294,
  "營業收入-當月營收": 50102000
 },
 "2024-10": {
  "_src": "finmind",
  "公司代號": 1294,
  "營業收入-當月營收": 41765000
 },
 "2024-11": {
  "_src": "finmind",
  "公司代號": 1294,
  "營業收入-當月營收": 53749000
 },
 "2024-12": {
  "_src": "finmind",
  "公司代號": 1294,
  "營業收入-當月營收": 57522000
 },
 "2025-01": {
  "_src": "finmind",
  "公司代號": 1294,
  "營業收入-當月營收": 41491000
 },
 "2025-02": {
  "_src": "finmind",
  "公司代號": 1294,
  "營業收入-當月營收": 59494000
 },
 "2025-03": {
  "_src": "finmind",
  "公司代號": 1294,
  "營業收入-當月營收": 73692000
 },
 "2025-04": {
  "_src": "finmind",
  "公司代號": 1294,
  "營業收入-當月營收": 72323000
 },
 "2025-05": {
  "_src": "finmind",
  "公司代號": 1294,
  "營業收入-當月營收": 52034000
 },
 "2025-06": {
  "_src": "finmind",
  "公司代號": 1294,
  "營業收入-當月營收": 70108000
 },
 "2025-07": {
  "_src": "finmind",
  "公司代號": 1294,
  "營業收入-當月營收": 57191000
 },
 "2025-08": {
  "_src": "finmind",
  "公司代號": 1294,
  "營業收入-當月營收": 68440000
 },
 "2025-09": {
  "_src": "finmind",
  "公司代號": 1294,
  "營業收入-當月營收": 70043000
 },
 "2025-10": {
  "_src": "finmind",
  "公司代號": 1294,
  "營業收入-當月營收": 60024000
 },
 "2025-11": {
  "_src": "finmind",
  "公司代號": 1294,
  "營業收入-當月營收": 70063000
 },
 "2025-12": {
  "_src": "finmind",
  "公司代號": 1294,
  "營業收入-當月營收": 83640000
 },
 "2026-01": {
  "_src": "finmind",
  "公司代號": 1294,
  "營業收入-當月營收": 90427000
 },
 "2026-02": {
  "_src": "finmind",
  "公司代號": 1294,
  "營業收入-當月營收": 61511000
 },
 "2026-03": {
  "_src": "finmind",
  "公司代號": 1294,
  "營業收入-當月營收": 76113000
 },
 "2026-04": {
  "_src": "finmind",
  "公司代號": 1294,
  "營業收入-當月營收": 76653000
 },
 "2026-05": {
  "備註": null,
  "公司代號": 1294,
  "公司名稱": "漢田生技",
  "營業收入-上月比較增減(%)": -10.915424053853078,
  "營業收入-上月營收": 76653,
  "營業收入-去年同月增減(%)": 31.233424299496484,
  "營業收入-去年當月營收": 52034,
  "營業收入-當月營收": 68286,
  "產業別": "食品工業",
  "累計營業收入-前期比較增減(%)": 24.731635867493328,
  "累計營業收入-去年累計營收": 299034,
  "累計營業收入-當月累計營收": 372990,
  "資料年月": 11505
 }
}