{
 "2025-03": {
  "_src": "finmind",
  "公司代號": 1295,
  "營業收入-當月營收": 95889000
 },
 "2025-04": {
  "_src": "finmind",
  "公司代號": 1295,
  "營業收入-當月營收": 116307000
 },
 "2025-05": {
  "_src": "finmind",
  "公司代號": 1295,
  "營業收入-當月營收": 104854000
 },
 "2025-06": {
  "_src": "finmind",
  "公司代號": 1295,
  "營業收入-當月營收": 87952000
 },
 "2025-07": {
  "_src": "finmind",
  "公司代號": 1295,
  "營業收入-當月營收": 63971000
 },
 "2025-08": {
  "_src": "finmind",
  "公司代號": 1295,
  "營業收入-當月營收": 75481000
 },
 "2025-09": {
  "_src": "finmind",
  "公司代號": 1295,
  "營業收入-當月營收": 71934000
 },
 "2025-10": {
  "_src": "finmind",
  "公司代號": 1295,
  "營業收入-當月營收": 96596000
 },
 "2025-11": {
  "_src": "finmind",
  "公司代號": 1295,
  "營業收入-當月營收": 81080000
 },
 "2025-12": {
  "_src": "finmind",
  "公司代號": 1295,
  "營業收入-當月營收": 106769000
 },
 "2026-01": {
  "_src": "finmind",
  "公司代號": 1295,
  "營業收入-當月營收": 81085000
 },
 "2026-02": {
  "_src": "finmind",
  "公司代號": 1295,
  "營業收入-當月營收": 54071000
 },
 "2026-03": {
  "_src": "finmind",
  "公司代號": 1295,
  "營業收入-當月營收": 79388000
 },
 "2026-04": {
  "_src": "finmind",
  "公司代號": 1295,
  "營業收入-當月營收": 104392000
 },
 "2026-05": {
  "備註": null,
  "公司代號": 1295,
  "公司名稱": "生合",
  "營業收入-上月比較增減(%)": -23.0458272664572,
  "營業收入-上月營收": 104392,
  "營業收入-去年同月增減(%)": -23.3848970950083,
  "營業收入-去年當月營收": 104854,
  "營業收入-當月營收": 80334,
  "產業別": "食品工業",
  "累計營業收入-前期比較增減(%)": -12.22616705321125,
  "累計營業收入-去年累計營收": 454885,
  "累計營業收入-當月累計營收": 399270,
  "資料年月": 11505
 },
 "2026-06": {
  "備註": null,
  "公司代號": 1295,
  "公司名稱": "生合",
  "營業收入-上月比較增減(%)": 38.72830930863644,
  "營業收入-上月營收": 80334,
  "營業收入-去年同月增減(%)": 26.712297616881937,
  "營業收入-去年當月營收": 87952,
  "營業收入-當月營收": 111446,
  "產業別": "食品工業",
  "累計營業收入-前期比較增減(%)": -5.917245876754901,
  "累計營業收入-去年累計營收": 542837,
  "累計營業收入-當月累計營收": 510716,
  "資料年月": 11506
 }
}