{
 "2024-03": {
  "_src": "finmind",
  "公司代號": 1563,
  "營業收入-當月營收": 652974000
 },
 "2024-04": {
  "_src": "finmind",
  "公司代號": 1563,
  "營業收入-當月營收": 620133000
 },
 "2024-05": {
  "_src": "finmind",
  "公司代號": 1563,
  "營業收入-當月營收": 647268000
 },
 "2024-06": {
  "_src": "finmind",
  "公司代號": 1563,
  "營業收入-當月營收": 605853000
 },
 "2024-07": {
  "_src": "finmind",
  "公司代號": 1563,
  "營業收入-當月營收": 547262000
 },
 "2024-08": {
  "_src": "finmind",
  "公司代號": 1563,
  "營業收入-當月營收": 573255000
 },
 "2024-09": {
  "_src": "finmind",
  "公司代號": 1563,
  "營業收入-當月營收": 597422000
 },
 "2024-10": {
  "_src": "finmind",
  "公司代號": 1563,
  "營業收入-當月營收": 669091000
 },
 "2024-11": {
  "_src": "finmind",
  "公司代號": 1563,
  "營業收入-當月營收": 704819000
 },
 "2024-12": {
  "_src": "finmind",
  "公司代號": 1563,
  "營業收入-當月營收": 554036000
 },
 "2025-01": {
  "_src": "finmind",
  "公司代號": 1563,
  "營業收入-當月營收": 597608000
 },
 "2025-02": {
  "_src": "finmind",
  "公司代號": 1563,
  "營業收入-當月營收": 637817000
 },
 "2025-03": {
  "_src": "finmind",
  "公司代號": 1563,
  "營業收入-當月營收": 682815000
 },
 "2025-04": {
  "_src": "finmind",
  "公司代號": 1563,
  "營業收入-當月營收": 563041000
 },
 "2025-05": {
  "_src": "finmind",
  "公司代號": 1563,
  "營業收入-當月營收": 535017000
 },
 "2025-06": {
  "_src": "finmind",
  "公司代號": 1563,
  "營業收入-當月營收": 616775000
 },
 "2025-07": {
  "_src": "finmind",
  "公司代號": 1563,
  "營業收入-當月營收": 580762000
 },
 "2025-08": {
  "_src": "finmind",
  "公司代號": 1563,
  "營業收入-當月營收": 536622000
 },
 "2025-09": {
  "_src": "finmind",
  "公司代號": 1563,
  "營業收入-當月營收": 584286000
 },
 "2025-10": {
  "_src": "finmind",
  "公司代號": 1563,
  "營業收入-當月營收": 591767000
 },
 "2025-11": {
  "_src": "finmind",
  "公司代號": 1563,
  "營業收入-當月營收": 581632000
 },
 "2025-12": {
  "_src": "finmind",
  "公司代號": 1563,
  "營業收入-當月營收": 469209000
 },
 "2026-01": {
  "_src": "finmind",
  "公司代號": 1563,
  "營業收入-當月營收": 637198000
 },
 "2026-02": {
  "_src": "finmind",
  "公司代號": 1563,
  "營業收入-當月營收": 558743000
 },
 "2026-03": {
  "_src": "finmind",
  "公司代號": 1563,
  "營業收入-當月營收": 675996000
 },
 "2026-04": {
  "_src": "finmind",
  "公司代號": 1563,
  "營業收入-當月營收": 595372000
 },
 "2026-05": {
  "備註": null,
  "公司代號": 1563,
  "公司名稱": "巧新",
  "營業收入-上月比較增減(%)": 6.698837029621816,
  "營業收入-上月營收": 595372,
  "營業收入-去年同月增減(%)": 18.7354794333638,
  "營業收入-去年當月營收": 535017,
  "營業收入-當月營收": 635255,
  "產業別": "汽車工業",
  "累計營業收入-前期比較增減(%)": 2.8599959287842247,
  "累計營業收入-去年累計營收": 3016298,
  "累計營業收入-當月累計營收": 3102564,
  "資料年月": 11505
 },
 "2026-06": {
  "備註": null,
  "公司代號": 1563,
  "公司名稱": "巧新",
  "營業收入-上月比較增減(%)": 17.93122446891406,
  "營業收入-上月營收": 635255,
  "營業收入-去年同月增減(%)": 21.464715658060072,
  "營業收入-去年當月營收": 616775,
  "營業收入-當月營收": 749164,
  "產業別": "汽車工業",
  "累計營業收入-前期比較增減(%)": 6.018458753787772,
  "累計營業收入-去年累計營收": 3633073,
  "累計營業收入-當月累計營收": 3851728,
  "資料年月": 11506
 }
}