{
 "2025-11": {
  "_src": "finmind",
  "公司代號": 1623,
  "營業收入-當月營收": 605208000
 },
 "2025-12": {
  "_src": "finmind",
  "公司代號": 1623,
  "營業收入-當月營收": 613963000
 },
 "2026-01": {
  "_src": "finmind",
  "公司代號": 1623,
  "營業收入-當月營收": 613933000
 },
 "2026-02": {
  "_src": "finmind",
  "公司代號": 1623,
  "營業收入-當月營收": 602009000
 },
 "2026-03": {
  "_src": "finmind",
  "公司代號": 1623,
  "營業收入-當月營收": 646394000
 },
 "2026-04": {
  "_src": "finmind",
  "公司代號": 1623,
  "營業收入-當月營收": 477372000
 },
 "2026-05": {
  "備註": null,
  "公司代號": 1623,
  "公司名稱": "大東電",
  "營業收入-上月比較增減(%)": -25.452477313290263,
  "營業收入-上月營收": 477372,
  "營業收入-去年同月增減(%)": -32.723907684396785,
  "營業收入-去年當月營收": 528968,
  "營業收入-當月營收": 355869,
  "產業別": "電器電纜",
  "累計營業收入-前期比較增減(%)": -0.4695208384026396,
  "累計營業收入-去年累計營收": 2708293,
  "累計營業收入-當月累計營收": 2695577,
  "資料年月": 11505
 }
}