{
 "2026-01": {
  "_src": "finmind",
  "公司代號": 2072,
  "營業收入-當月營收": 1176244000
 },
 "2026-02": {
  "_src": "finmind",
  "公司代號": 2072,
  "營業收入-當月營收": 1336414000
 },
 "2026-03": {
  "_src": "finmind",
  "公司代號": 2072,
  "營業收入-當月營收": 1435546000
 },
 "2026-04": {
  "_src": "finmind",
  "公司代號": 2072,
  "營業收入-當月營收": 1637460000
 },
 "2026-05": {
  "備註": "本月營收較去年本月增加，主要係因本月承接工程案件依進度認列收入較高所致",
  "公司代號": 2072,
  "公司名稱": "世紀風電",
  "營業收入-上月比較增減(%)": -5.81443210826524,
  "營業收入-上月營收": 1637460,
  "營業收入-去年同月增減(%)": 81.08636484255565,
  "營業收入-去年當月營收": 851666,
  "營業收入-當月營收": 1542251,
  "產業別": "綠能環保",
  "累計營業收入-前期比較增減(%)": 56.24608174520713,
  "累計營業收入-去年累計營收": 4561980,
  "累計營業收入-當月累計營收": 7127915,
  "資料年月": 11505
 },
 "2026-06": {
  "備註": "本月營收較去年本月增加，主要係因本月承接工程案件依進度認列收入較高所致",
  "公司代號": 2072,
  "公司名稱": "世紀風電",
  "營業收入-上月比較增減(%)": 11.419541955232967,
  "營業收入-上月營收": 1542251,
  "營業收入-去年同月增減(%)": 101.11290567980993,
  "營業收入-去年當月營收": 854430,
  "營業收入-當月營收": 1718369,
  "產業別": "綠能環保",
  "累計營業收入-前期比較增減(%)": 63.323751340832764,
  "累計營業收入-去年累計營收": 5416410,
  "累計營業收入-當月累計營收": 8846284,
  "資料年月": 11506
 }
}