{
 "2025-01": {
  "_src": "finmind",
  "公司代號": 2248,
  "營業收入-當月營收": 165972000
 },
 "2025-02": {
  "_src": "finmind",
  "公司代號": 2248,
  "營業收入-當月營收": 133960000
 },
 "2025-03": {
  "_src": "finmind",
  "公司代號": 2248,
  "營業收入-當月營收": 155726000
 },
 "2025-04": {
  "_src": "finmind",
  "公司代號": 2248,
  "營業收入-當月營收": 146450000
 },
 "2025-05": {
  "_src": "finmind",
  "公司代號": 2248,
  "營業收入-當月營收": 149714000
 },
 "2025-06": {
  "_src": "finmind",
  "公司代號": 2248,
  "營業收入-當月營收": 148957000
 },
 "2025-07": {
  "_src": "finmind",
  "公司代號": 2248,
  "營業收入-當月營收": 145803000
 },
 "2025-08": {
  "_src": "finmind",
  "公司代號": 2248,
  "營業收入-當月營收": 151780000
 },
 "2025-09": {
  "_src": "finmind",
  "公司代號": 2248,
  "營業收入-當月營收": 209933000
 },
 "2025-10": {
  "_src": "finmind",
  "公司代號": 2248,
  "營業收入-當月營收": 184754000
 },
 "2025-11": {
  "_src": "finmind",
  "公司代號": 2248,
  "營業收入-當月營收": 222885000
 },
 "2025-12": {
  "_src": "finmind",
  "公司代號": 2248,
  "營業收入-當月營收": 248587000
 },
 "2026-01": {
  "_src": "finmind",
  "公司代號": 2248,
  "營業收入-當月營收": 193806000
 },
 "2026-02": {
  "_src": "finmind",
  "公司代號": 2248,
  "營業收入-當月營收": 143802000
 },
 "2026-03": {
  "_src": "finmind",
  "公司代號": 2248,
  "營業收入-當月營收": 256118000
 },
 "2026-04": {
  "_src": "finmind",
  "公司代號": 2248,
  "營業收入-當月營收": 232847000
 },
 "2026-05": {
  "備註": null,
  "公司代號": 2248,
  "公司名稱": "華勝-KY",
  "營業收入-上月比較增減(%)": -15.038201050475205,
  "營業收入-上月營收": 232847,
  "營業收入-去年同月增減(%)": 32.13927889175361,
  "營業收入-去年當月營收": 149714,
  "營業收入-當月營收": 197831,
  "產業別": "汽車工業",
  "累計營業收入-前期比較增減(%)": 36.25600706549281,
  "累計營業收入-去年累計營收": 751823,
  "累計營業收入-當月累計營收": 1024404,
  "資料年月": 11505
 }
}