{
 "2024-08": {
  "_src": "finmind",
  "公司代號": 2646,
  "營業收入-當月營收": 3308872000
 },
 "2024-09": {
  "_src": "finmind",
  "公司代號": 2646,
  "營業收入-當月營收": 2818695000
 },
 "2024-10": {
  "_src": "finmind",
  "公司代號": 2646,
  "營業收入-當月營收": 3098123000
 },
 "2024-11": {
  "_src": "finmind",
  "公司代號": 2646,
  "營業收入-當月營收": 2984810000
 },
 "2024-12": {
  "_src": "finmind",
  "公司代號": 2646,
  "營業收入-當月營收": 3536699000
 },
 "2025-01": {
  "_src": "finmind",
  "公司代號": 2646,
  "營業收入-當月營收": 4237837000
 },
 "2025-02": {
  "_src": "finmind",
  "公司代號": 2646,
  "營業收入-當月營收": 3404856000
 },
 "2025-03": {
  "_src": "finmind",
  "公司代號": 2646,
  "營業收入-當月營收": 3552147000
 },
 "2025-04": {
  "_src": "finmind",
  "公司代號": 2646,
  "營業收入-當月營收": 3596742000
 },
 "2025-05": {
  "_src": "finmind",
  "公司代號": 2646,
  "營業收入-當月營收": 3418250000
 },
 "2025-06": {
  "_src": "finmind",
  "公司代號": 2646,
  "營業收入-當月營收": 3754564000
 },
 "2025-07": {
  "_src": "finmind",
  "公司代號": 2646,
  "營業收入-當月營收": 4012027000
 },
 "2025-08": {
  "_src": "finmind",
  "公司代號": 2646,
  "營業收入-當月營收": 3774834000
 },
 "2025-09": {
  "_src": "finmind",
  "公司代號": 2646,
  "營業收入-當月營收": 2945566000
 },
 "2025-10": {
  "_src": "finmind",
  "公司代號": 2646,
  "營業收入-當月營收": 3696855000
 },
 "2025-11": {
  "_src": "finmind",
  "公司代號": 2646,
  "營業收入-當月營收": 3525191000
 },
 "2025-12": {
  "_src": "finmind",
  "公司代號": 2646,
  "營業收入-當月營收": 4134393000
 },
 "2026-01": {
  "_src": "finmind",
  "公司代號": 2646,
  "營業收入-當月營收": 4214581000
 },
 "2026-02": {
  "_src": "finmind",
  "公司代號": 2646,
  "營業收入-當月營收": 4817778000
 },
 "2026-03": {
  "_src": "finmind",
  "公司代號": 2646,
  "營業收入-當月營收": 4727439000
 },
 "2026-04": {
  "_src": "finmind",
  "公司代號": 2646,
  "營業收入-當月營收": 4680260000
 },
 "2026-05": {
  "備註": null,
  "公司代號": 2646,
  "公司名稱": "星宇航空",
  "營業收入-上月比較增減(%)": 3.1162157657907894,
  "營業收入-上月營收": 4680260,
  "營業收入-去年同月增減(%)": 41.18648431214803,
  "營業收入-去年當月營收": 3418250,
  "營業收入-當月營收": 4826107,
  "產業別": "航運業",
  "累計營業收入-前期比較增減(%)": 27.76705066620333,
  "累計營業收入-去年累計營收": 18209831,
  "累計營業收入-當月累計營收": 23266164,
  "資料年月": 11505
 },
 "2026-06": {
  "備註": null,
  "公司代號": 2646,
  "公司名稱": "星宇航空",
  "營業收入-上月比較增減(%)": 9.543592796429918,
  "營業收入-上月營收": 4826107,
  "營業收入-去年同月增減(%)": 40.80705509348089,
  "營業收入-去年當月營收": 3754564,
  "營業收入-當月營收": 5286691,
  "產業別": "航運業",
  "累計營業收入-前期比較增減(%)": 29.99609595438436,
  "累計營業收入-去年累計營收": 21964395,
  "累計營業收入-當月累計營收": 28552856,
  "資料年月": 11506
 }
}