{
 "2024-06": {
  "_src": "finmind",
  "公司代號": 2751,
  "營業收入-當月營收": 119176000
 },
 "2024-07": {
  "_src": "finmind",
  "公司代號": 2751,
  "營業收入-當月營收": 121998000
 },
 "2024-08": {
  "_src": "finmind",
  "公司代號": 2751,
  "營業收入-當月營收": 123355000
 },
 "2024-09": {
  "_src": "finmind",
  "公司代號": 2751,
  "營業收入-當月營收": 109028000
 },
 "2024-10": {
  "_src": "finmind",
  "公司代號": 2751,
  "營業收入-當月營收": 115522000
 },
 "2024-11": {
  "_src": "finmind",
  "公司代號": 2751,
  "營業收入-當月營收": 115330000
 },
 "2024-12": {
  "_src": "finmind",
  "公司代號": 2751,
  "營業收入-當月營收": 131546000
 },
 "2025-01": {
  "_src": "finmind",
  "公司代號": 2751,
  "營業收入-當月營收": 133930000
 },
 "2025-02": {
  "_src": "finmind",
  "公司代號": 2751,
  "營業收入-當月營收": 113633000
 },
 "2025-03": {
  "_src": "finmind",
  "公司代號": 2751,
  "營業收入-當月營收": 116533000
 },
 "2025-04": {
  "_src": "finmind",
  "公司代號": 2751,
  "營業收入-當月營收": 119209000
 },
 "2025-05": {
  "_src": "finmind",
  "公司代號": 2751,
  "營業收入-當月營收": 130270000
 },
 "2025-06": {
  "_src": "finmind",
  "公司代號": 2751,
  "營業收入-當月營收": 150485000
 },
 "2025-07": {
  "_src": "finmind",
  "公司代號": 2751,
  "營業收入-當月營收": 166630000
 },
 "2025-08": {
  "_src": "finmind",
  "公司代號": 2751,
  "營業收入-當月營收": 193932000
 },
 "2025-09": {
  "_src": "finmind",
  "公司代號": 2751,
  "營業收入-當月營收": 156418000
 },
 "2025-10": {
  "_src": "finmind",
  "公司代號": 2751,
  "營業收入-當月營收": 161034000
 },
 "2025-11": {
  "_src": "finmind",
  "公司代號": 2751,
  "營業收入-當月營收": 160035000
 },
 "2025-12": {
  "_src": "finmind",
  "公司代號": 2751,
  "營業收入-當月營收": 169217000
 },
 "2026-01": {
  "_src": "finmind",
  "公司代號": 2751,
  "營業收入-當月營收": 163728000
 },
 "2026-02": {
  "_src": "finmind",
  "公司代號": 2751,
  "營業收入-當月營收": 191823000
 },
 "2026-03": {
  "_src": "finmind",
  "公司代號": 2751,
  "營業收入-當月營收": 149718000
 },
 "2026-04": {
  "_src": "finmind",
  "公司代號": 2751,
  "營業收入-當月營收": 159191000
 },
 "2026-05": {
  "備註": null,
  "公司代號": 2751,
  "公司名稱": "王座",
  "營業收入-上月比較增減(%)": 6.977781407240359,
  "營業收入-上月營收": 159191,
  "營業收入-去年同月增減(%)": 30.72771935211484,
  "營業收入-去年當月營收": 130270,
  "營業收入-當月營收": 170299,
  "產業別": "觀光餐旅",
  "累計營業收入-前期比較增減(%)": 36.04840484048405,
  "累計營業收入-去年累計營收": 613575,
  "累計營業收入-當月累計營收": 834759,
  "資料年月": 11505
 },
 "2026-06": {
  "備註": null,
  "公司代號": 2751,
  "公司名稱": "王座",
  "營業收入-上月比較增減(%)": 4.348821778166636,
  "營業收入-上月營收": 170299,
  "營業收入-去年同月增減(%)": 18.088181546333523,
  "營業收入-去年當月營收": 150485,
  "營業收入-當月營收": 177705,
  "產業別": "觀光餐旅",
  "累計營業收入-前期比較增減(%)": 32.51105934088946,
  "累計營業收入-去年累計營收": 764060,
  "累計營業收入-當月累計營收": 1012464,
  "資料年月": 11506
 }
}