{
 "2024-01": {
  "_src": "finmind",
  "公司代號": 2941,
  "營業收入-當月營收": 61897000
 },
 "2024-02": {
  "_src": "finmind",
  "公司代號": 2941,
  "營業收入-當月營收": 87834000
 },
 "2024-03": {
  "_src": "finmind",
  "公司代號": 2941,
  "營業收入-當月營收": 50153000
 },
 "2024-04": {
  "_src": "finmind",
  "公司代號": 2941,
  "營業收入-當月營收": 63931000
 },
 "2024-05": {
  "_src": "finmind",
  "公司代號": 2941,
  "營業收入-當月營收": 59856000
 },
 "2024-06": {
  "_src": "finmind",
  "公司代號": 2941,
  "營業收入-當月營收": 76528000
 },
 "2024-07": {
  "_src": "finmind",
  "公司代號": 2941,
  "營業收入-當月營收": 67909000
 },
 "2024-08": {
  "_src": "finmind",
  "公司代號": 2941,
  "營業收入-當月營收": 67333000
 },
 "2024-09": {
  "_src": "finmind",
  "公司代號": 2941,
  "營業收入-當月營收": 65445000
 },
 "2024-10": {
  "_src": "finmind",
  "公司代號": 2941,
  "營業收入-當月營收": 61975000
 },
 "2024-11": {
  "_src": "finmind",
  "公司代號": 2941,
  "營業收入-當月營收": 71528000
 },
 "2024-12": {
  "_src": "finmind",
  "公司代號": 2941,
  "營業收入-當月營收": 88240000
 },
 "2025-01": {
  "_src": "finmind",
  "公司代號": 2941,
  "營業收入-當月營收": 117798000
 },
 "2025-02": {
  "_src": "finmind",
  "公司代號": 2941,
  "營業收入-當月營收": 55325000
 },
 "2025-03": {
  "_src": "finmind",
  "公司代號": 2941,
  "營業收入-當月營收": 57927000
 },
 "2025-04": {
  "_src": "finmind",
  "公司代號": 2941,
  "營業收入-當月營收": 73702000
 },
 "2025-05": {
  "_src": "finmind",
  "公司代號": 2941,
  "營業收入-當月營收": 84796000
 },
 "2025-06": {
  "_src": "finmind",
  "公司代號": 2941,
  "營業收入-當月營收": 79153000
 },
 "2025-07": {
  "_src": "finmind",
  "公司代號": 2941,
  "營業收入-當月營收": 78452000
 },
 "2025-08": {
  "_src": "finmind",
  "公司代號": 2941,
  "營業收入-當月營收": 90891000
 },
 "2025-09": {
  "_src": "finmind",
  "公司代號": 2941,
  "營業收入-當月營收": 64312000
 },
 "2025-10": {
  "_src": "finmind",
  "公司代號": 2941,
  "營業收入-當月營收": 67207000
 },
 "2025-11": {
  "_src": "finmind",
  "公司代號": 2941,
  "營業收入-當月營收": 78539000
 },
 "2025-12": {
  "_src": "finmind",
  "公司代號": 2941,
  "營業收入-當月營收": 79052000
 },
 "2026-01": {
  "_src": "finmind",
  "公司代號": 2941,
  "營業收入-當月營收": 83748000
 },
 "2026-02": {
  "_src": "finmind",
  "公司代號": 2941,
  "營業收入-當月營收": 109729000
 },
 "2026-03": {
  "_src": "finmind",
  "公司代號": 2941,
  "營業收入-當月營收": 52473000
 },
 "2026-04": {
  "_src": "finmind",
  "公司代號": 2941,
  "營業收入-當月營收": 66800000
 },
 "2026-05": {
  "備註": null,
  "公司代號": 2941,
  "公司名稱": "米斯特",
  "出表日期": 1150617,
  "營業收入-上月比較增減(%)": 19.498502994011975,
  "營業收入-上月營收": 66800,
  "營業收入-去年同月增減(%)": -5.862304825699326,
  "營業收入-去年當月營收": 84796,
  "營業收入-當月營收": 79825,
  "產業別": "居家生活",
  "累計營業收入-前期比較增減(%)": 0.7770544323164282,
  "累計營業收入-去年累計營收": 389548,
  "累計營業收入-當月累計營收": 392575,
  "資料年月": 11505
 }
}