{
 "2025-05": {
  "_src": "finmind",
  "公司代號": 3135,
  "營業收入-當月營收": 550652000
 },
 "2025-06": {
  "_src": "finmind",
  "公司代號": 3135,
  "營業收入-當月營收": 643976000
 },
 "2025-07": {
  "_src": "finmind",
  "公司代號": 3135,
  "營業收入-當月營收": 646389000
 },
 "2025-08": {
  "_src": "finmind",
  "公司代號": 3135,
  "營業收入-當月營收": 540959000
 },
 "2025-09": {
  "_src": "finmind",
  "公司代號": 3135,
  "營業收入-當月營收": 792873000
 },
 "2025-10": {
  "_src": "finmind",
  "公司代號": 3135,
  "營業收入-當月營收": 633219000
 },
 "2025-11": {
  "_src": "finmind",
  "公司代號": 3135,
  "營業收入-當月營收": 751849000
 },
 "2025-12": {
  "_src": "finmind",
  "公司代號": 3135,
  "營業收入-當月營收": 1176074000
 },
 "2026-01": {
  "_src": "finmind",
  "公司代號": 3135,
  "營業收入-當月營收": 1545976000
 },
 "2026-02": {
  "_src": "finmind",
  "公司代號": 3135,
  "營業收入-當月營收": 981428000
 },
 "2026-03": {
  "_src": "finmind",
  "公司代號": 3135,
  "營業收入-當月營收": 1430288000
 },
 "2026-04": {
  "_src": "finmind",
  "公司代號": 3135,
  "營業收入-當月營收": 3852946000
 },
 "2026-05": {
  "備註": "市場價格上漲及需求增加。",
  "公司代號": 3135,
  "公司名稱": "凌航",
  "出表日期": 1150617,
  "營業收入-上月比較增減(%)": -52.19870717108415,
  "營業收入-上月營收": 3852946,
  "營業收入-去年同月增減(%)": 234.46859359450252,
  "營業收入-去年當月營收": 550652,
  "營業收入-當月營收": 1841758,
  "產業別": "半導體業",
  "累計營業收入-前期比較增減(%)": 283.2136137681272,
  "累計營業收入-去年累計營收": 2518803,
  "累計營業收入-當月累計營收": 9652396,
  "資料年月": 11505
 }
}