{
 "2024-04": {
  "_src": "finmind",
  "公司代號": 3150,
  "營業收入-當月營收": 34592000
 },
 "2024-05": {
  "_src": "finmind",
  "公司代號": 3150,
  "營業收入-當月營收": 39279000
 },
 "2024-06": {
  "_src": "finmind",
  "公司代號": 3150,
  "營業收入-當月營收": 37980000
 },
 "2024-07": {
  "_src": "finmind",
  "公司代號": 3150,
  "營業收入-當月營收": 39102000
 },
 "2024-08": {
  "_src": "finmind",
  "公司代號": 3150,
  "營業收入-當月營收": 34942000
 },
 "2024-09": {
  "_src": "finmind",
  "公司代號": 3150,
  "營業收入-當月營收": 29916000
 },
 "2024-10": {
  "_src": "finmind",
  "公司代號": 3150,
  "營業收入-當月營收": 20982000
 },
 "2024-11": {
  "_src": "finmind",
  "公司代號": 3150,
  "營業收入-當月營收": 24192000
 },
 "2024-12": {
  "_src": "finmind",
  "公司代號": 3150,
  "營業收入-當月營收": 16585000
 },
 "2025-01": {
  "_src": "finmind",
  "公司代號": 3150,
  "營業收入-當月營收": 28567000
 },
 "2025-02": {
  "_src": "finmind",
  "公司代號": 3150,
  "營業收入-當月營收": 27431000
 },
 "2025-03": {
  "_src": "finmind",
  "公司代號": 3150,
  "營業收入-當月營收": 29924000
 },
 "2025-04": {
  "_src": "finmind",
  "公司代號": 3150,
  "營業收入-當月營收": 31902000
 },
 "2025-05": {
  "_src": "finmind",
  "公司代號": 3150,
  "營業收入-當月營收": 30276000
 },
 "2025-06": {
  "_src": "finmind",
  "公司代號": 3150,
  "營業收入-當月營收": 21226000
 },
 "2025-07": {
  "_src": "finmind",
  "公司代號": 3150,
  "營業收入-當月營收": 30458000
 },
 "2025-08": {
  "_src": "finmind",
  "公司代號": 3150,
  "營業收入-當月營收": 28577000
 },
 "2025-09": {
  "_src": "finmind",
  "公司代號": 3150,
  "營業收入-當月營收": 23114000
 },
 "2025-10": {
  "_src": "finmind",
  "公司代號": 3150,
  "營業收入-當月營收": 20813000
 },
 "2025-11": {
  "_src": "finmind",
  "公司代號": 3150,
  "營業收入-當月營收": 16912000
 },
 "2025-12": {
  "_src": "finmind",
  "公司代號": 3150,
  "營業收入-當月營收": 12615000
 },
 "2026-01": {
  "_src": "finmind",
  "公司代號": 3150,
  "營業收入-當月營收": 22784000
 },
 "2026-02": {
  "_src": "finmind",
  "公司代號": 3150,
  "營業收入-當月營收": 21808000
 },
 "2026-03": {
  "_src": "finmind",
  "公司代號": 3150,
  "營業收入-當月營收": 36496000
 },
 "2026-04": {
  "_src": "finmind",
  "公司代號": 3150,
  "營業收入-當月營收": 31450000
 },
 "2026-05": {
  "備註": null,
  "公司代號": 3150,
  "公司名稱": "鈺寶-創",
  "出表日期": 1150617,
  "營業收入-上月比較增減(%)": -8.391096979332273,
  "營業收入-上月營收": 31450,
  "營業收入-去年同月增減(%)": -4.838816224071872,
  "營業收入-去年當月營收": 30276,
  "營業收入-當月營收": 28811,
  "產業別": "半導體業",
  "累計營業收入-前期比較增減(%)": -4.558406482106685,
  "累計營業收入-去年累計營收": 148100,
  "累計營業收入-當月累計營收": 141349,
  "資料年月": 11505
 }
}