{
 "2025-09": {
  "_src": "finmind",
  "公司代號": 3158,
  "營業收入-當月營收": 85447000
 },
 "2025-10": {
  "_src": "finmind",
  "公司代號": 3158,
  "營業收入-當月營收": 89011000
 },
 "2025-11": {
  "_src": "finmind",
  "公司代號": 3158,
  "營業收入-當月營收": 97755000
 },
 "2025-12": {
  "_src": "finmind",
  "公司代號": 3158,
  "營業收入-當月營收": 103832000
 },
 "2026-01": {
  "_src": "finmind",
  "公司代號": 3158,
  "營業收入-當月營收": 84725000
 },
 "2026-02": {
  "_src": "finmind",
  "公司代號": 3158,
  "營業收入-當月營收": 80546000
 },
 "2026-03": {
  "_src": "finmind",
  "公司代號": 3158,
  "營業收入-當月營收": 96360000
 },
 "2026-04": {
  "_src": "finmind",
  "公司代號": 3158,
  "營業收入-當月營收": 88068000
 },
 "2026-05": {
  "備註": null,
  "公司代號": 3158,
  "公司名稱": "嘉實",
  "營業收入-上月比較增減(%)": 4.3716219285097875,
  "營業收入-上月營收": 88068,
  "營業收入-去年同月增減(%)": 11.837350497025149,
  "營業收入-去年當月營收": 82189,
  "營業收入-當月營收": 91918,
  "產業別": "資訊服務業",
  "累計營業收入-前期比較增減(%)": 12.544566289408833,
  "累計營業收入-去年累計營收": 392393,
  "累計營業收入-當月累計營收": 441617,
  "資料年月": 11505
 },
 "2026-06": {
  "備註": null,
  "公司代號": 3158,
  "公司名稱": "嘉實",
  "營業收入-上月比較增減(%)": 24.851498074370635,
  "營業收入-上月營收": 91918,
  "營業收入-去年同月增減(%)": 35.49434461262368,
  "營業收入-去年當月營收": 84698,
  "營業收入-當月營收": 114761,
  "產業別": "資訊服務業",
  "累計營業收入-前期比較增減(%)": 16.618842107690146,
  "累計營業收入-去年累計營收": 477091,
  "累計營業收入-當月累計營收": 556378,
  "資料年月": 11506
 }
}