{
 "2024-01": {
  "_src": "finmind",
  "公司代號": 3168,
  "營業收入-當月營收": 282112000
 },
 "2024-02": {
  "_src": "finmind",
  "公司代號": 3168,
  "營業收入-當月營收": 272366000
 },
 "2024-03": {
  "_src": "finmind",
  "公司代號": 3168,
  "營業收入-當月營收": 306908000
 },
 "2024-04": {
  "_src": "finmind",
  "公司代號": 3168,
  "營業收入-當月營收": 288621000
 },
 "2024-05": {
  "_src": "finmind",
  "公司代號": 3168,
  "營業收入-當月營收": 275500000
 },
 "2024-06": {
  "_src": "finmind",
  "公司代號": 3168,
  "營業收入-當月營收": 305811000
 },
 "2024-07": {
  "_src": "finmind",
  "公司代號": 3168,
  "營業收入-當月營收": 278159000
 },
 "2024-08": {
  "_src": "finmind",
  "公司代號": 3168,
  "營業收入-當月營收": 287825000
 },
 "2024-09": {
  "_src": "finmind",
  "公司代號": 3168,
  "營業收入-當月營收": 326163000
 },
 "2024-10": {
  "_src": "finmind",
  "公司代號": 3168,
  "營業收入-當月營收": 255202000
 },
 "2024-11": {
  "_src": "finmind",
  "公司代號": 3168,
  "營業收入-當月營收": 228166000
 },
 "2024-12": {
  "_src": "finmind",
  "公司代號": 3168,
  "營業收入-當月營收": 311612000
 },
 "2025-01": {
  "_src": "finmind",
  "公司代號": 3168,
  "營業收入-當月營收": 244131000
 },
 "2025-02": {
  "_src": "finmind",
  "公司代號": 3168,
  "營業收入-當月營收": 265817000
 },
 "2025-03": {
  "_src": "finmind",
  "公司代號": 3168,
  "營業收入-當月營收": 306436000
 },
 "2025-04": {
  "_src": "finmind",
  "公司代號": 3168,
  "營業收入-當月營收": 289921000
 },
 "2025-05": {
  "_src": "finmind",
  "公司代號": 3168,
  "營業收入-當月營收": 273160000
 },
 "2025-06": {
  "_src": "finmind",
  "公司代號": 3168,
  "營業收入-當月營收": 324202000
 },
 "2025-07": {
  "_src": "finmind",
  "公司代號": 3168,
  "營業收入-當月營收": 262679000
 },
 "2025-08": {
  "_src": "finmind",
  "公司代號": 3168,
  "營業收入-當月營收": 275088000
 },
 "2025-09": {
  "_src": "finmind",
  "公司代號": 3168,
  "營業收入-當月營收": 343411000
 },
 "2025-10": {
  "_src": "finmind",
  "公司代號": 3168,
  "營業收入-當月營收": 247414000
 },
 "2025-11": {
  "_src": "finmind",
  "公司代號": 3168,
  "營業收入-當月營收": 267704000
 },
 "2025-12": {
  "_src": "finmind",
  "公司代號": 3168,
  "營業收入-當月營收": 334304000
 },
 "2026-01": {
  "_src": "finmind",
  "公司代號": 3168,
  "營業收入-當月營收": 270773000
 },
 "2026-02": {
  "_src": "finmind",
  "公司代號": 3168,
  "營業收入-當月營收": 259736000
 },
 "2026-03": {
  "_src": "finmind",
  "公司代號": 3168,
  "營業收入-當月營收": 339151000
 },
 "2026-04": {
  "_src": "finmind",
  "公司代號": 3168,
  "營業收入-當月營收": 312439000
 },
 "2026-05": {
  "備註": null,
  "公司代號": 3168,
  "公司名稱": "眾福科",
  "出表日期": 1150617,
  "營業收入-上月比較增減(%)": -3.9796568290130234,
  "營業收入-上月營收": 312439,
  "營業收入-去年同月增減(%)": 9.827573583247913,
  "營業收入-去年當月營收": 273160,
  "營業收入-當月營收": 300005,
  "產業別": "光電業",
  "累計營業收入-前期比較增減(%)": 7.44049323469606,
  "累計營業收入-去年累計營收": 1379465,
  "累計營業收入-當月累計營收": 1482104,
  "資料年月": 11505
 }
}