{
 "2025-01": {
  "_src": "finmind",
  "公司代號": 3467,
  "營業收入-當月營收": 50369000
 },
 "2025-02": {
  "_src": "finmind",
  "公司代號": 3467,
  "營業收入-當月營收": 53481000
 },
 "2025-03": {
  "_src": "finmind",
  "公司代號": 3467,
  "營業收入-當月營收": 49478000
 },
 "2025-04": {
  "_src": "finmind",
  "公司代號": 3467,
  "營業收入-當月營收": 49696000
 },
 "2025-05": {
  "_src": "finmind",
  "公司代號": 3467,
  "營業收入-當月營收": 52283000
 },
 "2025-06": {
  "_src": "finmind",
  "公司代號": 3467,
  "營業收入-當月營收": 53076000
 },
 "2025-07": {
  "_src": "finmind",
  "公司代號": 3467,
  "營業收入-當月營收": 51587000
 },
 "2025-08": {
  "_src": "finmind",
  "公司代號": 3467,
  "營業收入-當月營收": 50685000
 },
 "2025-09": {
  "_src": "finmind",
  "公司代號": 3467,
  "營業收入-當月營收": 49209000
 },
 "2025-10": {
  "_src": "finmind",
  "公司代號": 3467,
  "營業收入-當月營收": 50106000
 },
 "2025-11": {
  "_src": "finmind",
  "公司代號": 3467,
  "營業收入-當月營收": 51568000
 },
 "2025-12": {
  "_src": "finmind",
  "公司代號": 3467,
  "營業收入-當月營收": 52230000
 },
 "2026-01": {
  "_src": "finmind",
  "公司代號": 3467,
  "營業收入-當月營收": 52696000
 },
 "2026-02": {
  "_src": "finmind",
  "公司代號": 3467,
  "營業收入-當月營收": 53298000
 },
 "2026-03": {
  "_src": "finmind",
  "公司代號": 3467,
  "營業收入-當月營收": 62567000
 },
 "2026-04": {
  "_src": "finmind",
  "公司代號": 3467,
  "營業收入-當月營收": 69424000
 },
 "2026-05": {
  "備註": null,
  "公司代號": 3467,
  "公司名稱": "台灣精材",
  "營業收入-上月比較增減(%)": 3.033533072136437,
  "營業收入-上月營收": 69424,
  "營業收入-去年同月增減(%)": 36.81311324904845,
  "營業收入-去年當月營收": 52283,
  "營業收入-當月營收": 71530,
  "產業別": "半導體業",
  "累計營業收入-前期比較增減(%)": 21.232476978696237,
  "累計營業收入-去年累計營收": 255307,
  "累計營業收入-當月累計營收": 309515,
  "資料年月": 11505
 },
 "2026-06": {
  "備註": null,
  "公司代號": 3467,
  "公司名稱": "台灣精材",
  "營業收入-上月比較增減(%)": -8.709632322102614,
  "營業收入-上月營收": 71530,
  "營業收入-去年同月增減(%)": 23.03112517898862,
  "營業收入-去年當月營收": 53076,
  "營業收入-當月營收": 65300,
  "產業別": "半導體業",
  "累計營業收入-前期比較增減(%)": 21.542043497858185,
  "累計營業收入-去年累計營收": 308383,
  "累計營業收入-當月累計營收": 374815,
  "資料年月": 11506
 }
}