{
 "2024-08": {
  "_src": "finmind",
  "公司代號": 3716,
  "營業收入-當月營收": 0
 },
 "2024-09": {
  "_src": "finmind",
  "公司代號": 3716,
  "營業收入-當月營收": 748876000
 },
 "2024-10": {
  "_src": "finmind",
  "公司代號": 3716,
  "營業收入-當月營收": 741200000
 },
 "2024-11": {
  "_src": "finmind",
  "公司代號": 3716,
  "營業收入-當月營收": 725940000
 },
 "2024-12": {
  "_src": "finmind",
  "公司代號": 3716,
  "營業收入-當月營收": 800298000
 },
 "2025-01": {
  "_src": "finmind",
  "公司代號": 3716,
  "營業收入-當月營收": 856600000
 },
 "2025-02": {
  "_src": "finmind",
  "公司代號": 3716,
  "營業收入-當月營收": 669514000
 },
 "2025-03": {
  "_src": "finmind",
  "公司代號": 3716,
  "營業收入-當月營收": 726875000
 },
 "2025-04": {
  "_src": "finmind",
  "公司代號": 3716,
  "營業收入-當月營收": 720632000
 },
 "2025-05": {
  "_src": "finmind",
  "公司代號": 3716,
  "營業收入-當月營收": 689752000
 },
 "2025-06": {
  "_src": "finmind",
  "公司代號": 3716,
  "營業收入-當月營收": 701585000
 },
 "2025-07": {
  "_src": "finmind",
  "公司代號": 3716,
  "營業收入-當月營收": 646986000
 },
 "2025-08": {
  "_src": "finmind",
  "公司代號": 3716,
  "營業收入-當月營收": 639358000
 },
 "2025-09": {
  "_src": "finmind",
  "公司代號": 3716,
  "營業收入-當月營收": 758711000
 },
 "2025-10": {
  "_src": "finmind",
  "公司代號": 3716,
  "營業收入-當月營收": 709079000
 },
 "2025-11": {
  "_src": "finmind",
  "公司代號": 3716,
  "營業收入-當月營收": 678760000
 },
 "2025-12": {
  "_src": "finmind",
  "公司代號": 3716,
  "營業收入-當月營收": 770326000
 },
 "2026-01": {
  "_src": "finmind",
  "公司代號": 3716,
  "營業收入-當月營收": 880229000
 },
 "2026-02": {
  "_src": "finmind",
  "公司代號": 3716,
  "營業收入-當月營收": 621628000
 },
 "2026-03": {
  "_src": "finmind",
  "公司代號": 3716,
  "營業收入-當月營收": 727740000
 },
 "2026-04": {
  "_src": "finmind",
  "公司代號": 3716,
  "營業收入-當月營收": 675653000
 },
 "2026-05": {
  "備註": null,
  "公司代號": 3716,
  "公司名稱": "中化控股",
  "營業收入-上月比較增減(%)": -2.420177221147542,
  "營業收入-上月營收": 675653,
  "營業收入-去年同月增減(%)": -4.414775165566755,
  "營業收入-去年當月營收": 689752,
  "營業收入-當月營收": 659301,
  "產業別": "生技醫療業",
  "累計營業收入-前期比較增減(%)": -2.6975686068549396,
  "累計營業收入-去年累計營收": 3663373,
  "累計營業收入-當月累計營收": 3564551,
  "資料年月": 11505
 },
 "2026-06": {
  "備註": null,
  "公司代號": 3716,
  "公司名稱": "中化控股",
  "營業收入-上月比較增減(%)": 0.6751089411361427,
  "營業收入-上月營收": 659301,
  "營業收入-去年同月增減(%)": -5.392504115680922,
  "營業收入-去年當月營收": 701585,
  "營業收入-當月營收": 663752,
  "產業別": "生技醫療業",
  "累計營業收入-前期比較增減(%)": -3.1307288638287014,
  "累計營業收入-去年累計營收": 4364958,
  "累計營業收入-當月累計營收": 4228303,
  "資料年月": 11506
 }
}