{
 "2025-06": {
  "_src": "finmind",
  "公司代號": 4166,
  "營業收入-當月營收": 108771000
 },
 "2025-07": {
  "_src": "finmind",
  "公司代號": 4166,
  "營業收入-當月營收": 109787000
 },
 "2025-08": {
  "_src": "finmind",
  "公司代號": 4166,
  "營業收入-當月營收": 100919000
 },
 "2025-09": {
  "_src": "finmind",
  "公司代號": 4166,
  "營業收入-當月營收": 105415000
 },
 "2025-10": {
  "_src": "finmind",
  "公司代號": 4166,
  "營業收入-當月營收": 150039000
 },
 "2025-11": {
  "_src": "finmind",
  "公司代號": 4166,
  "營業收入-當月營收": 160033000
 },
 "2025-12": {
  "_src": "finmind",
  "公司代號": 4166,
  "營業收入-當月營收": 131736000
 },
 "2026-01": {
  "_src": "finmind",
  "公司代號": 4166,
  "營業收入-當月營收": 145393000
 },
 "2026-02": {
  "_src": "finmind",
  "公司代號": 4166,
  "營業收入-當月營收": 78204000
 },
 "2026-03": {
  "_src": "finmind",
  "公司代號": 4166,
  "營業收入-當月營收": 107622000
 },
 "2026-04": {
  "_src": "finmind",
  "公司代號": 4166,
  "營業收入-當月營收": 131042000
 },
 "2026-05": {
  "備註": null,
  "公司代號": 4166,
  "公司名稱": "友霖",
  "營業收入-上月比較增減(%)": -13.752079485966332,
  "營業收入-上月營收": 131042,
  "營業收入-去年同月增減(%)": -0.9004980359147026,
  "營業收入-去年當月營收": 114048,
  "營業收入-當月營收": 113021,
  "產業別": "生技醫療業",
  "累計營業收入-前期比較增減(%)": 7.795914007911152,
  "累計營業收入-去年累計營收": 533677,
  "累計營業收入-當月累計營收": 575282,
  "資料年月": 11505
 },
 "2026-06": {
  "備註": "依客戶訂單需求出貨所致",
  "公司代號": 4166,
  "公司名稱": "友霖",
  "營業收入-上月比較增減(%)": 61.93008378973819,
  "營業收入-上月營收": 113021,
  "營業收入-去年同月增減(%)": 68.25716413382243,
  "營業收入-去年當月營收": 108771,
  "營業收入-當月營收": 183015,
  "產業別": "生技醫療業",
  "累計營業收入-前期比較增減(%)": 18.03243219684706,
  "累計營業收入-去年累計營收": 642448,
  "累計營業收入-當月累計營收": 758297,
  "資料年月": 11506
 }
}