{
 "2026-01": {
  "_src": "finmind",
  "公司代號": 4169,
  "營業收入-當月營收": 65264000
 },
 "2026-02": {
  "_src": "finmind",
  "公司代號": 4169,
  "營業收入-當月營收": 45848000
 },
 "2026-03": {
  "_src": "finmind",
  "公司代號": 4169,
  "營業收入-當月營收": 61779000
 },
 "2026-04": {
  "_src": "finmind",
  "公司代號": 4169,
  "營業收入-當月營收": 59141000
 },
 "2026-05": {
  "備註": null,
  "公司代號": 4169,
  "公司名稱": "泰宗",
  "營業收入-上月比較增減(%)": -3.344549466529142,
  "營業收入-上月營收": 59141,
  "營業收入-去年同月增減(%)": -17.163476169084294,
  "營業收入-去年當月營收": 69007,
  "營業收入-當月營收": 57163,
  "產業別": "生技醫療業",
  "累計營業收入-前期比較增減(%)": 4.952676121764629,
  "累計營業收入-去年累計營收": 275548,
  "累計營業收入-當月累計營收": 289195,
  "資料年月": 11505
 }
}