{
 "2026-02": {
  "_src": "finmind",
  "公司代號": 4178,
  "營業收入-當月營收": 29082000
 },
 "2026-03": {
  "_src": "finmind",
  "公司代號": 4178,
  "營業收入-當月營收": 27781000
 },
 "2026-04": {
  "_src": "finmind",
  "公司代號": 4178,
  "營業收入-當月營收": 32673000
 },
 "2026-05": {
  "備註": null,
  "公司代號": 4178,
  "公司名稱": "永笙-KY",
  "營業收入-上月比較增減(%)": -7.654638386435283,
  "營業收入-上月營收": 32673,
  "營業收入-去年同月增減(%)": 5.000870019140421,
  "營業收入-去年當月營收": 28735,
  "營業收入-當月營收": 30172,
  "產業別": "生技醫療業",
  "累計營業收入-前期比較增減(%)": -4.735647302091172,
  "累計營業收入-去年累計營收": 158141,
  "累計營業收入-當月累計營收": 150652,
  "資料年月": 11505
 }
}