{
 "2025-06": {
  "_src": "finmind",
  "公司代號": 4441,
  "營業收入-當月營收": 742984000
 },
 "2025-07": {
  "_src": "finmind",
  "公司代號": 4441,
  "營業收入-當月營收": 773701000
 },
 "2025-08": {
  "_src": "finmind",
  "公司代號": 4441,
  "營業收入-當月營收": 665511000
 },
 "2025-09": {
  "_src": "finmind",
  "公司代號": 4441,
  "營業收入-當月營收": 818863000
 },
 "2025-10": {
  "_src": "finmind",
  "公司代號": 4441,
  "營業收入-當月營收": 642210000
 },
 "2025-11": {
  "_src": "finmind",
  "公司代號": 4441,
  "營業收入-當月營收": 470790000
 },
 "2025-12": {
  "_src": "finmind",
  "公司代號": 4441,
  "營業收入-當月營收": 683432000
 },
 "2026-01": {
  "_src": "finmind",
  "公司代號": 4441,
  "營業收入-當月營收": 701250000
 },
 "2026-02": {
  "_src": "finmind",
  "公司代號": 4441,
  "營業收入-當月營收": 586105000
 },
 "2026-03": {
  "_src": "finmind",
  "公司代號": 4441,
  "營業收入-當月營收": 602614000
 },
 "2026-04": {
  "_src": "finmind",
  "公司代號": 4441,
  "營業收入-當月營收": 801356000
 },
 "2026-05": {
  "備註": null,
  "公司代號": 4441,
  "公司名稱": "振大環球",
  "營業收入-上月比較增減(%)": -52.35438431858001,
  "營業收入-上月營收": 801356,
  "營業收入-去年同月增減(%)": -35.23929223233125,
  "營業收入-去年當月營收": 589572,
  "營業收入-當月營收": 381811,
  "產業別": "紡織纖維",
  "累計營業收入-前期比較增減(%)": 14.559481809967165,
  "累計營業收入-去年累計營收": 2682568,
  "累計營業收入-當月累計營收": 3073136,
  "資料年月": 11505
 }
}