{
 "2025-07": {
  "_src": "finmind",
  "公司代號": 4585,
  "營業收入-當月營收": 115078000
 },
 "2025-08": {
  "_src": "finmind",
  "公司代號": 4585,
  "營業收入-當月營收": 162491000
 },
 "2025-09": {
  "_src": "finmind",
  "公司代號": 4585,
  "營業收入-當月營收": 177844000
 },
 "2025-10": {
  "_src": "finmind",
  "公司代號": 4585,
  "營業收入-當月營收": 135456000
 },
 "2025-11": {
  "_src": "finmind",
  "公司代號": 4585,
  "營業收入-當月營收": 141035000
 },
 "2025-12": {
  "_src": "finmind",
  "公司代號": 4585,
  "營業收入-當月營收": 198863000
 },
 "2026-01": {
  "_src": "finmind",
  "公司代號": 4585,
  "營業收入-當月營收": 136829000
 },
 "2026-02": {
  "_src": "finmind",
  "公司代號": 4585,
  "營業收入-當月營收": 138428000
 },
 "2026-03": {
  "_src": "finmind",
  "公司代號": 4585,
  "營業收入-當月營收": 208179000
 },
 "2026-04": {
  "_src": "finmind",
  "公司代號": 4585,
  "營業收入-當月營收": 142154000
 },
 "2026-05": {
  "備註": null,
  "公司代號": 4585,
  "公司名稱": "達明",
  "出表日期": 1150617,
  "營業收入-上月比較增減(%)": 9.536136865652743,
  "營業收入-上月營收": 142154,
  "營業收入-去年同月增減(%)": 27.051086433251466,
  "營業收入-去年當月營收": 122557,
  "營業收入-當月營收": 155710,
  "產業別": "其他電子業",
  "累計營業收入-前期比較增減(%)": 5.5427148779700355,
  "累計營業收入-去年累計營收": 740269,
  "累計營業收入-當月累計營收": 781300,
  "資料年月": 11505
 }
}