{
 "2025-11": {
  "_src": "finmind",
  "公司代號": 4590,
  "營業收入-當月營收": 84263000
 },
 "2025-12": {
  "_src": "finmind",
  "公司代號": 4590,
  "營業收入-當月營收": 105507000
 },
 "2026-01": {
  "_src": "finmind",
  "公司代號": 4590,
  "營業收入-當月營收": 79261000
 },
 "2026-02": {
  "_src": "finmind",
  "公司代號": 4590,
  "營業收入-當月營收": 80678000
 },
 "2026-03": {
  "_src": "finmind",
  "公司代號": 4590,
  "營業收入-當月營收": 107606000
 },
 "2026-04": {
  "_src": "finmind",
  "公司代號": 4590,
  "營業收入-當月營收": 73370000
 },
 "2026-05": {
  "備註": null,
  "公司代號": 4590,
  "公司名稱": "富田-創",
  "出表日期": 1150617,
  "營業收入-上月比較增減(%)": 47.99100449775113,
  "營業收入-上月營收": 73370,
  "營業收入-去年同月增減(%)": 10.982664867737848,
  "營業收入-去年當月營收": 97836,
  "營業收入-當月營收": 108581,
  "產業別": "電機機械",
  "累計營業收入-前期比較增減(%)": -21.343489650321015,
  "累計營業收入-去年累計營收": 571467,
  "累計營業收入-當月累計營收": 449496,
  "資料年月": 11505
 }
}