{
 "2024-11": {
  "_src": "finmind",
  "公司代號": 4749,
  "營業收入-當月營收": 316475000
 },
 "2024-12": {
  "_src": "finmind",
  "公司代號": 4749,
  "營業收入-當月營收": 324886000
 },
 "2025-01": {
  "_src": "finmind",
  "公司代號": 4749,
  "營業收入-當月營收": 315982000
 },
 "2025-02": {
  "_src": "finmind",
  "公司代號": 4749,
  "營業收入-當月營收": 316978000
 },
 "2025-03": {
  "_src": "finmind",
  "公司代號": 4749,
  "營業收入-當月營收": 326356000
 },
 "2025-04": {
  "_src": "finmind",
  "公司代號": 4749,
  "營業收入-當月營收": 402516000
 },
 "2025-05": {
  "_src": "finmind",
  "公司代號": 4749,
  "營業收入-當月營收": 385455000
 },
 "2025-06": {
  "_src": "finmind",
  "公司代號": 4749,
  "營業收入-當月營收": 364727000
 },
 "2025-07": {
  "_src": "finmind",
  "公司代號": 4749,
  "營業收入-當月營收": 338679000
 },
 "2025-08": {
  "_src": "finmind",
  "公司代號": 4749,
  "營業收入-當月營收": 341633000
 },
 "2025-09": {
  "_src": "finmind",
  "公司代號": 4749,
  "營業收入-當月營收": 385192000
 },
 "2025-10": {
  "_src": "finmind",
  "公司代號": 4749,
  "營業收入-當月營收": 358263000
 },
 "2025-11": {
  "_src": "finmind",
  "公司代號": 4749,
  "營業收入-當月營收": 365501000
 },
 "2025-12": {
  "_src": "finmind",
  "公司代號": 4749,
  "營業收入-當月營收": 360554000
 },
 "2026-01": {
  "_src": "finmind",
  "公司代號": 4749,
  "營業收入-當月營收": 366958000
 },
 "2026-02": {
  "_src": "finmind",
  "公司代號": 4749,
  "營業收入-當月營收": 445762000
 },
 "2026-03": {
  "_src": "finmind",
  "公司代號": 4749,
  "營業收入-當月營收": 432973000
 },
 "2026-04": {
  "_src": "finmind",
  "公司代號": 4749,
  "營業收入-當月營收": 352635000
 },
 "2026-05": {
  "備註": null,
  "公司代號": 4749,
  "公司名稱": "新應材",
  "營業收入-上月比較增減(%)": 20.691933585718946,
  "營業收入-上月營收": 352635,
  "營業收入-去年同月增減(%)": 10.415483000609669,
  "營業收入-去年當月營收": 385455,
  "營業收入-當月營收": 425602,
  "產業別": "半導體業",
  "累計營業收入-前期比較增減(%)": 15.83271666303246,
  "累計營業收入-去年累計營收": 1747287,
  "累計營業收入-當月累計營收": 2023930,
  "資料年月": 11505
 }
}