{
 "2024-01": {
  "_src": "finmind",
  "公司代號": 4771,
  "營業收入-當月營收": 321786000
 },
 "2024-02": {
  "_src": "finmind",
  "公司代號": 4771,
  "營業收入-當月營收": 219201000
 },
 "2024-03": {
  "_src": "finmind",
  "公司代號": 4771,
  "營業收入-當月營收": 227046000
 },
 "2024-04": {
  "_src": "finmind",
  "公司代號": 4771,
  "營業收入-當月營收": 251239000
 },
 "2024-05": {
  "_src": "finmind",
  "公司代號": 4771,
  "營業收入-當月營收": 260177000
 },
 "2024-06": {
  "_src": "finmind",
  "公司代號": 4771,
  "營業收入-當月營收": 218354000
 },
 "2024-07": {
  "_src": "finmind",
  "公司代號": 4771,
  "營業收入-當月營收": 233118000
 },
 "2024-08": {
  "_src": "finmind",
  "公司代號": 4771,
  "營業收入-當月營收": 250319000
 },
 "2024-09": {
  "_src": "finmind",
  "公司代號": 4771,
  "營業收入-當月營收": 259008000
 },
 "2024-10": {
  "_src": "finmind",
  "公司代號": 4771,
  "營業收入-當月營收": 311009000
 },
 "2024-11": {
  "_src": "finmind",
  "公司代號": 4771,
  "營業收入-當月營收": 228084000
 },
 "2024-12": {
  "_src": "finmind",
  "公司代號": 4771,
  "營業收入-當月營收": 222666000
 },
 "2025-01": {
  "_src": "finmind",
  "公司代號": 4771,
  "營業收入-當月營收": 256577000
 },
 "2025-02": {
  "_src": "finmind",
  "公司代號": 4771,
  "營業收入-當月營收": 259379000
 },
 "2025-03": {
  "_src": "finmind",
  "公司代號": 4771,
  "營業收入-當月營收": 294579000
 },
 "2025-04": {
  "_src": "finmind",
  "公司代號": 4771,
  "營業收入-當月營收": 285329000
 },
 "2025-05": {
  "_src": "finmind",
  "公司代號": 4771,
  "營業收入-當月營收": 286178000
 },
 "2025-06": {
  "_src": "finmind",
  "公司代號": 4771,
  "營業收入-當月營收": 300854000
 },
 "2025-07": {
  "_src": "finmind",
  "公司代號": 4771,
  "營業收入-當月營收": 281664000
 },
 "2025-08": {
  "_src": "finmind",
  "公司代號": 4771,
  "營業收入-當月營收": 256040000
 },
 "2025-09": {
  "_src": "finmind",
  "公司代號": 4771,
  "營業收入-當月營收": 315898000
 },
 "2025-10": {
  "_src": "finmind",
  "公司代號": 4771,
  "營業收入-當月營收": 355332000
 },
 "2025-11": {
  "_src": "finmind",
  "公司代號": 4771,
  "營業收入-當月營收": 308000000
 },
 "2025-12": {
  "_src": "finmind",
  "公司代號": 4771,
  "營業收入-當月營收": 287612000
 },
 "2026-01": {
  "_src": "finmind",
  "公司代號": 4771,
  "營業收入-當月營收": 367954000
 },
 "2026-02": {
  "_src": "finmind",
  "公司代號": 4771,
  "營業收入-當月營收": 314685000
 },
 "2026-03": {
  "_src": "finmind",
  "公司代號": 4771,
  "營業收入-當月營收": 348088000
 },
 "2026-04": {
  "_src": "finmind",
  "公司代號": 4771,
  "營業收入-當月營收": 420175000
 },
 "2026-05": {
  "備註": null,
  "公司代號": 4771,
  "公司名稱": "望隼",
  "營業收入-上月比較增減(%)": -9.322782174094128,
  "營業收入-上月營收": 420175,
  "營業收入-去年同月增減(%)": 33.1349719405405,
  "營業收入-去年當月營收": 286178,
  "營業收入-當月營收": 381003,
  "產業別": "生技醫療業",
  "累計營業收入-前期比較增減(%)": 32.55060265896405,
  "累計營業收入-去年累計營收": 1382042,
  "累計營業收入-當月累計營收": 1831905,
  "資料年月": 11505
 }
}