{
 "2024-07": {
  "_src": "finmind",
  "公司代號": 4772,
  "營業收入-當月營收": 66876000
 },
 "2024-08": {
  "_src": "finmind",
  "公司代號": 4772,
  "營業收入-當月營收": 76408000
 },
 "2024-09": {
  "_src": "finmind",
  "公司代號": 4772,
  "營業收入-當月營收": 70690000
 },
 "2024-10": {
  "_src": "finmind",
  "公司代號": 4772,
  "營業收入-當月營收": 83577000
 },
 "2024-11": {
  "_src": "finmind",
  "公司代號": 4772,
  "營業收入-當月營收": 84765000
 },
 "2024-12": {
  "_src": "finmind",
  "公司代號": 4772,
  "營業收入-當月營收": 86986000
 },
 "2025-01": {
  "_src": "finmind",
  "公司代號": 4772,
  "營業收入-當月營收": 70385000
 },
 "2025-02": {
  "_src": "finmind",
  "公司代號": 4772,
  "營業收入-當月營收": 77491000
 },
 "2025-03": {
  "_src": "finmind",
  "公司代號": 4772,
  "營業收入-當月營收": 71743000
 },
 "2025-04": {
  "_src": "finmind",
  "公司代號": 4772,
  "營業收入-當月營收": 91924000
 },
 "2025-05": {
  "_src": "finmind",
  "公司代號": 4772,
  "營業收入-當月營收": 90184000
 },
 "2025-06": {
  "_src": "finmind",
  "公司代號": 4772,
  "營業收入-當月營收": 80642000
 },
 "2025-07": {
  "_src": "finmind",
  "公司代號": 4772,
  "營業收入-當月營收": 87799000
 },
 "2025-08": {
  "_src": "finmind",
  "公司代號": 4772,
  "營業收入-當月營收": 272422000
 },
 "2025-09": {
  "_src": "finmind",
  "公司代號": 4772,
  "營業收入-當月營收": 279293000
 },
 "2025-10": {
  "_src": "finmind",
  "公司代號": 4772,
  "營業收入-當月營收": 281959000
 },
 "2025-11": {
  "_src": "finmind",
  "公司代號": 4772,
  "營業收入-當月營收": 272042000
 },
 "2025-12": {
  "_src": "finmind",
  "公司代號": 4772,
  "營業收入-當月營收": 315615000
 },
 "2026-01": {
  "_src": "finmind",
  "公司代號": 4772,
  "營業收入-當月營收": 288134000
 },
 "2026-02": {
  "_src": "finmind",
  "公司代號": 4772,
  "營業收入-當月營收": 288878000
 },
 "2026-03": {
  "_src": "finmind",
  "公司代號": 4772,
  "營業收入-當月營收": 279573000
 },
 "2026-04": {
  "_src": "finmind",
  "公司代號": 4772,
  "營業收入-當月營收": 285078000
 },
 "2026-05": {
  "備註": "合併弘潔科技營業收入",
  "公司代號": 4772,
  "公司名稱": "台特化",
  "營業收入-上月比較增減(%)": 7.934670511228506,
  "營業收入-上月營收": 285078,
  "營業收入-去年同月增減(%)": 241.18912445666638,
  "營業收入-去年當月營收": 90184,
  "營業收入-當月營收": 307698,
  "產業別": "化學工業",
  "累計營業收入-前期比較增減(%)": 260.78257124863404,
  "累計營業收入-去年累計營收": 401727,
  "累計營業收入-當月累計營收": 1449361,
  "資料年月": 11505
 },
 "2026-06": {
  "備註": "合併弘潔科技營業收入",
  "公司代號": 4772,
  "公司名稱": "台特化",
  "營業收入-上月比較增減(%)": -2.314607179767174,
  "營業收入-上月營收": 307698,
  "營業收入-去年同月增減(%)": 272.72885097095804,
  "營業收入-去年當月營收": 80642,
  "營業收入-當月營收": 300576,
  "產業別": "化學工業",
  "累計營業收入-前期比較增減(%)": 262.77973916234254,
  "累計營業收入-去年累計營收": 482369,
  "累計營業收入-當月累計營收": 1749937,
  "資料年月": 11506
 }
}