{
 "2024-02": {
  "_src": "finmind",
  "公司代號": 4949,
  "營業收入-當月營收": 191477000
 },
 "2024-03": {
  "_src": "finmind",
  "公司代號": 4949,
  "營業收入-當月營收": 252512000
 },
 "2024-04": {
  "_src": "finmind",
  "公司代號": 4949,
  "營業收入-當月營收": 256038000
 },
 "2024-05": {
  "_src": "finmind",
  "公司代號": 4949,
  "營業收入-當月營收": 191928000
 },
 "2024-06": {
  "_src": "finmind",
  "公司代號": 4949,
  "營業收入-當月營收": 183195000
 },
 "2024-07": {
  "_src": "finmind",
  "公司代號": 4949,
  "營業收入-當月營收": 178559000
 },
 "2024-08": {
  "_src": "finmind",
  "公司代號": 4949,
  "營業收入-當月營收": 170572000
 },
 "2024-09": {
  "_src": "finmind",
  "公司代號": 4949,
  "營業收入-當月營收": 224764000
 },
 "2024-10": {
  "_src": "finmind",
  "公司代號": 4949,
  "營業收入-當月營收": 188961000
 },
 "2024-11": {
  "_src": "finmind",
  "公司代號": 4949,
  "營業收入-當月營收": 210072000
 },
 "2024-12": {
  "_src": "finmind",
  "公司代號": 4949,
  "營業收入-當月營收": 183304000
 },
 "2025-01": {
  "_src": "finmind",
  "公司代號": 4949,
  "營業收入-當月營收": 169879000
 },
 "2025-02": {
  "_src": "finmind",
  "公司代號": 4949,
  "營業收入-當月營收": 185242000
 },
 "2025-03": {
  "_src": "finmind",
  "公司代號": 4949,
  "營業收入-當月營收": 221164000
 },
 "2025-04": {
  "_src": "finmind",
  "公司代號": 4949,
  "營業收入-當月營收": 219593000
 },
 "2025-05": {
  "_src": "finmind",
  "公司代號": 4949,
  "營業收入-當月營收": 243634000
 },
 "2025-06": {
  "_src": "finmind",
  "公司代號": 4949,
  "營業收入-當月營收": 197847000
 },
 "2025-07": {
  "_src": "finmind",
  "公司代號": 4949,
  "營業收入-當月營收": 183479000
 },
 "2025-08": {
  "_src": "finmind",
  "公司代號": 4949,
  "營業收入-當月營收": 149302000
 },
 "2025-09": {
  "_src": "finmind",
  "公司代號": 4949,
  "營業收入-當月營收": 203638000
 },
 "2025-10": {
  "_src": "finmind",
  "公司代號": 4949,
  "營業收入-當月營收": 221777000
 },
 "2025-11": {
  "_src": "finmind",
  "公司代號": 4949,
  "營業收入-當月營收": 191907000
 },
 "2025-12": {
  "_src": "finmind",
  "公司代號": 4949,
  "營業收入-當月營收": 193922000
 },
 "2026-01": {
  "_src": "finmind",
  "公司代號": 4949,
  "營業收入-當月營收": 217187000
 },
 "2026-02": {
  "_src": "finmind",
  "公司代號": 4949,
  "營業收入-當月營收": 255854000
 },
 "2026-03": {
  "_src": "finmind",
  "公司代號": 4949,
  "營業收入-當月營收": 314576000
 },
 "2026-04": {
  "_src": "finmind",
  "公司代號": 4949,
  "營業收入-當月營收": 316030000
 },
 "2026-05": {
  "備註": null,
  "公司代號": 4949,
  "公司名稱": "有成精密",
  "營業收入-上月比較增減(%)": -2.9804132519064646,
  "營業收入-上月營收": 316030,
  "營業收入-去年同月增減(%)": 25.84901943078552,
  "營業收入-去年當月營收": 243634,
  "營業收入-當月營收": 306611,
  "產業別": "光電業",
  "累計營業收入-前期比較增減(%)": 35.66551965299068,
  "累計營業收入-去年累計營收": 1039511,
  "累計營業收入-當月累計營收": 1410258,
  "資料年月": 11505
 },
 "2026-06": {
  "備註": "主要係本期太陽能模組銷售量較去年同期增加所致。",
  "公司代號": 4949,
  "公司名稱": "有成精密",
  "營業收入-上月比較增減(%)": 8.85225905137128,
  "營業收入-上月營收": 306611,
  "營業收入-去年同月增減(%)": 68.69247448786183,
  "營業收入-去年當月營收": 197847,
  "營業收入-當月營收": 333753,
  "產業別": "光電業",
  "累計營業收入-前期比較增減(%)": 40.946355056499414,
  "累計營業收入-去年累計營收": 1237358,
  "累計營業收入-當月累計營收": 1744011,
  "資料年月": 11506
 }
}