{
 "2025-11": {
  "_src": "finmind",
  "公司代號": 5547,
  "營業收入-當月營收": 291501000
 },
 "2025-12": {
  "_src": "finmind",
  "公司代號": 5547,
  "營業收入-當月營收": 232442000
 },
 "2026-01": {
  "_src": "finmind",
  "公司代號": 5547,
  "營業收入-當月營收": 189340000
 },
 "2026-02": {
  "_src": "finmind",
  "公司代號": 5547,
  "營業收入-當月營收": 159405000
 },
 "2026-03": {
  "_src": "finmind",
  "公司代號": 5547,
  "營業收入-當月營收": 139588000
 },
 "2026-04": {
  "_src": "finmind",
  "公司代號": 5547,
  "營業收入-當月營收": 275126000
 },
 "2026-05": {
  "備註": null,
  "公司代號": 5547,
  "公司名稱": "久舜",
  "營業收入-上月比較增減(%)": -21.100513946337315,
  "營業收入-上月營收": 275126,
  "營業收入-去年同月增減(%)": 19.325952637481034,
  "營業收入-去年當月營收": 181916,
  "營業收入-當月營收": 217073,
  "產業別": "建材營造",
  "累計營業收入-前期比較增減(%)": 9.472861552889688,
  "累計營業收入-去年累計營收": 895685,
  "累計營業收入-當月累計營收": 980532,
  "資料年月": 11505
 }
}