{
 "2024-01": {
  "_src": "finmind",
  "公司代號": 5548,
  "營業收入-當月營收": 180248000
 },
 "2024-02": {
  "_src": "finmind",
  "公司代號": 5548,
  "營業收入-當月營收": 162763000
 },
 "2024-03": {
  "_src": "finmind",
  "公司代號": 5548,
  "營業收入-當月營收": 195978000
 },
 "2024-04": {
  "_src": "finmind",
  "公司代號": 5548,
  "營業收入-當月營收": 173023000
 },
 "2024-05": {
  "_src": "finmind",
  "公司代號": 5548,
  "營業收入-當月營收": 135236000
 },
 "2024-06": {
  "_src": "finmind",
  "公司代號": 5548,
  "營業收入-當月營收": 204777000
 },
 "2024-07": {
  "_src": "finmind",
  "公司代號": 5548,
  "營業收入-當月營收": 164257000
 },
 "2024-08": {
  "_src": "finmind",
  "公司代號": 5548,
  "營業收入-當月營收": 182014000
 },
 "2024-09": {
  "_src": "finmind",
  "公司代號": 5548,
  "營業收入-當月營收": 186458000
 },
 "2024-10": {
  "_src": "finmind",
  "公司代號": 5548,
  "營業收入-當月營收": 173276000
 },
 "2024-11": {
  "_src": "finmind",
  "公司代號": 5548,
  "營業收入-當月營收": 187865000
 },
 "2024-12": {
  "_src": "finmind",
  "公司代號": 5548,
  "營業收入-當月營收": 230861000
 },
 "2025-01": {
  "_src": "finmind",
  "公司代號": 5548,
  "營業收入-當月營收": 139420000
 },
 "2025-02": {
  "_src": "finmind",
  "公司代號": 5548,
  "營業收入-當月營收": 198126000
 },
 "2025-03": {
  "_src": "finmind",
  "公司代號": 5548,
  "營業收入-當月營收": 251292000
 },
 "2025-04": {
  "_src": "finmind",
  "公司代號": 5548,
  "營業收入-當月營收": 173757000
 },
 "2025-05": {
  "_src": "finmind",
  "公司代號": 5548,
  "營業收入-當月營收": 244664000
 },
 "2025-06": {
  "_src": "finmind",
  "公司代號": 5548,
  "營業收入-當月營收": 200564000
 },
 "2025-07": {
  "_src": "finmind",
  "公司代號": 5548,
  "營業收入-當月營收": 163627000
 },
 "2025-08": {
  "_src": "finmind",
  "公司代號": 5548,
  "營業收入-當月營收": 162454000
 },
 "2025-09": {
  "_src": "finmind",
  "公司代號": 5548,
  "營業收入-當月營收": 257366000
 },
 "2025-10": {
  "_src": "finmind",
  "公司代號": 5548,
  "營業收入-當月營收": 180165000
 },
 "2025-11": {
  "_src": "finmind",
  "公司代號": 5548,
  "營業收入-當月營收": 274077000
 },
 "2025-12": {
  "_src": "finmind",
  "公司代號": 5548,
  "營業收入-當月營收": 248289000
 },
 "2026-01": {
  "_src": "finmind",
  "公司代號": 5548,
  "營業收入-當月營收": 272020000
 },
 "2026-02": {
  "_src": "finmind",
  "公司代號": 5548,
  "營業收入-當月營收": 152506000
 },
 "2026-03": {
  "_src": "finmind",
  "公司代號": 5548,
  "營業收入-當月營收": 241052000
 },
 "2026-04": {
  "_src": "finmind",
  "公司代號": 5548,
  "營業收入-當月營收": 189352000
 },
 "2026-05": {
  "備註": null,
  "公司代號": 5548,
  "公司名稱": "安倉",
  "出表日期": 1150617,
  "營業收入-上月比較增減(%)": 38.89475685495796,
  "營業收入-上月營收": 189352,
  "營業收入-去年同月增減(%)": 7.4943596115489,
  "營業收入-去年當月營收": 244664,
  "營業收入-當月營收": 263000,
  "產業別": "建材營造",
  "累計營業收入-前期比較增減(%)": 10.987342878048247,
  "累計營業收入-去年累計營收": 1007259,
  "累計營業收入-當月累計營收": 1117930,
  "資料年月": 11505
 }
}