{
 "2026-01": {
  "_src": "finmind",
  "公司代號": 6028,
  "營業收入-當月營收": 519353000
 },
 "2026-02": {
  "_src": "finmind",
  "公司代號": 6028,
  "營業收入-當月營收": 368479000
 },
 "2026-03": {
  "_src": "finmind",
  "公司代號": 6028,
  "營業收入-當月營收": 605003000
 },
 "2026-04": {
  "_src": "finmind",
  "公司代號": 6028,
  "營業收入-當月營收": 532113000
 },
 "2026-05": {
  "備註": null,
  "公司代號": 6028,
  "公司名稱": "公勝保經",
  "出表日期": 1150617,
  "營業收入-上月比較增減(%)": -4.200047734221866,
  "營業收入-上月營收": 532113,
  "營業收入-去年同月增減(%)": 42.579363969457106,
  "營業收入-去年當月營收": 357530,
  "營業收入-當月營收": 509764,
  "產業別": "金融業",
  "累計營業收入-前期比較增減(%)": 23.157026287173597,
  "累計營業收入-去年累計營收": 2058114,
  "累計營業收入-當月累計營收": 2534712,
  "資料年月": 11505
 }
}