{
 "2025-10": {
  "_src": "finmind",
  "公司代號": 6272,
  "營業收入-當月營收": 351661000
 },
 "2025-11": {
  "_src": "finmind",
  "公司代號": 6272,
  "營業收入-當月營收": 337285000
 },
 "2025-12": {
  "_src": "finmind",
  "公司代號": 6272,
  "營業收入-當月營收": 284734000
 },
 "2026-01": {
  "_src": "finmind",
  "公司代號": 6272,
  "營業收入-當月營收": 311981000
 },
 "2026-02": {
  "_src": "finmind",
  "公司代號": 6272,
  "營業收入-當月營收": 171697000
 },
 "2026-03": {
  "_src": "finmind",
  "公司代號": 6272,
  "營業收入-當月營收": 220673000
 },
 "2026-04": {
  "_src": "finmind",
  "公司代號": 6272,
  "營業收入-當月營收": 316502000
 },
 "2026-05": {
  "備註": null,
  "公司代號": 6272,
  "公司名稱": "驊陞",
  "出表日期": 1150617,
  "營業收入-上月比較增減(%)": -16.430227929049423,
  "營業收入-上月營收": 316502,
  "營業收入-去年同月增減(%)": -18.560757677457495,
  "營業收入-去年當月營收": 324782,
  "營業收入-當月營收": 264500,
  "產業別": "電子零組件業",
  "累計營業收入-前期比較增減(%)": -23.78974592490875,
  "累計營業收入-去年累計營收": 1686588,
  "累計營業收入-當月累計營收": 1285353,
  "資料年月": 11505
 }
}