{
 "2024-03": {
  "_src": "finmind",
  "公司代號": 6423,
  "營業收入-當月營收": 11200000
 },
 "2024-04": {
  "_src": "finmind",
  "公司代號": 6423,
  "營業收入-當月營收": 27790000
 },
 "2024-05": {
  "_src": "finmind",
  "公司代號": 6423,
  "營業收入-當月營收": 12152000
 },
 "2024-06": {
  "_src": "finmind",
  "公司代號": 6423,
  "營業收入-當月營收": 5064000
 },
 "2024-07": {
  "_src": "finmind",
  "公司代號": 6423,
  "營業收入-當月營收": 57626000
 },
 "2024-08": {
  "_src": "finmind",
  "公司代號": 6423,
  "營業收入-當月營收": 10502000
 },
 "2024-09": {
  "_src": "finmind",
  "公司代號": 6423,
  "營業收入-當月營收": 2550000
 },
 "2024-10": {
  "_src": "finmind",
  "公司代號": 6423,
  "營業收入-當月營收": 33235000
 },
 "2024-11": {
  "_src": "finmind",
  "公司代號": 6423,
  "營業收入-當月營收": 5204000
 },
 "2024-12": {
  "_src": "finmind",
  "公司代號": 6423,
  "營業收入-當月營收": 10693000
 },
 "2025-01": {
  "_src": "finmind",
  "公司代號": 6423,
  "營業收入-當月營收": 53898000
 },
 "2025-02": {
  "_src": "finmind",
  "公司代號": 6423,
  "營業收入-當月營收": 9247000
 },
 "2025-03": {
  "_src": "finmind",
  "公司代號": 6423,
  "營業收入-當月營收": 6499000
 },
 "2025-04": {
  "_src": "finmind",
  "公司代號": 6423,
  "營業收入-當月營收": 32370000
 },
 "2025-05": {
  "_src": "finmind",
  "公司代號": 6423,
  "營業收入-當月營收": 10943000
 },
 "2025-06": {
  "_src": "finmind",
  "公司代號": 6423,
  "營業收入-當月營收": 1718000
 },
 "2025-07": {
  "_src": "finmind",
  "公司代號": 6423,
  "營業收入-當月營收": 52106000
 },
 "2025-08": {
  "_src": "finmind",
  "公司代號": 6423,
  "營業收入-當月營收": 10324000
 },
 "2025-09": {
  "_src": "finmind",
  "公司代號": 6423,
  "營業收入-當月營收": 5030000
 },
 "2025-10": {
  "_src": "finmind",
  "公司代號": 6423,
  "營業收入-當月營收": 33810000
 },
 "2025-11": {
  "_src": "finmind",
  "公司代號": 6423,
  "營業收入-當月營收": 8777000
 },
 "2025-12": {
  "_src": "finmind",
  "公司代號": 6423,
  "營業收入-當月營收": 5236000
 },
 "2026-01": {
  "_src": "finmind",
  "公司代號": 6423,
  "營業收入-當月營收": 55773000
 },
 "2026-02": {
  "_src": "finmind",
  "公司代號": 6423,
  "營業收入-當月營收": 6830000
 },
 "2026-03": {
  "_src": "finmind",
  "公司代號": 6423,
  "營業收入-當月營收": 2211000
 },
 "2026-04": {
  "_src": "finmind",
  "公司代號": 6423,
  "營業收入-當月營收": 42909000
 },
 "2026-05": {
  "備註": null,
  "公司代號": 6423,
  "公司名稱": "億而得",
  "營業收入-上月比較增減(%)": -70.19506397259316,
  "營業收入-上月營收": 42909,
  "營業收入-去年同月增減(%)": 16.869231472173993,
  "營業收入-去年當月營收": 10943,
  "營業收入-當月營收": 12789,
  "產業別": "半導體業",
  "累計營業收入-前期比較增減(%)": 6.688385845941376,
  "累計營業收入-去年累計營收": 112957,
  "累計營業收入-當月累計營收": 120512,
  "資料年月": 11505
 }
}