{
 "2025-09": {
  "_src": "finmind",
  "公司代號": 6474,
  "營業收入-當月營收": 332069000
 },
 "2025-10": {
  "_src": "finmind",
  "公司代號": 6474,
  "營業收入-當月營收": 318177000
 },
 "2025-11": {
  "_src": "finmind",
  "公司代號": 6474,
  "營業收入-當月營收": 297626000
 },
 "2025-12": {
  "_src": "finmind",
  "公司代號": 6474,
  "營業收入-當月營收": 316420000
 },
 "2026-01": {
  "_src": "finmind",
  "公司代號": 6474,
  "營業收入-當月營收": 354583000
 },
 "2026-02": {
  "_src": "finmind",
  "公司代號": 6474,
  "營業收入-當月營收": 203489000
 },
 "2026-03": {
  "_src": "finmind",
  "公司代號": 6474,
  "營業收入-當月營收": 418880000
 },
 "2026-04": {
  "_src": "finmind",
  "公司代號": 6474,
  "營業收入-當月營收": 357016000
 },
 "2026-05": {
  "備註": null,
  "公司代號": 6474,
  "公司名稱": "華豫寧",
  "營業收入-上月比較增減(%)": 10.417460281892128,
  "營業收入-上月營收": 357016,
  "營業收入-去年同月增減(%)": 32.136907415539014,
  "營業收入-去年當月營收": 298333,
  "營業收入-當月營收": 394208,
  "產業別": "電子通路業",
  "累計營業收入-前期比較增減(%)": 6.536600040810212,
  "累計營業收入-去年累計營收": 1622143,
  "累計營業收入-當月累計營收": 1728176,
  "資料年月": 11505
 },
 "2026-06": {
  "備註": null,
  "公司代號": 6474,
  "公司名稱": "華豫寧",
  "營業收入-上月比較增減(%)": 13.112113402061855,
  "營業收入-上月營收": 394208,
  "營業收入-去年同月增減(%)": 29.71398151003334,
  "營業收入-去年當月營收": 343754,
  "營業收入-當月營收": 445897,
  "產業別": "電子通路業",
  "累計營業收入-前期比較增減(%)": 10.589364549617809,
  "累計營業收入-去年累計營收": 1965897,
  "累計營業收入-當月累計營收": 2174073,
  "資料年月": 11506
 }
}