{
 "2025-03": {
  "_src": "finmind",
  "公司代號": 6498,
  "營業收入-當月營收": 86670000
 },
 "2025-04": {
  "_src": "finmind",
  "公司代號": 6498,
  "營業收入-當月營收": 100178000
 },
 "2025-05": {
  "_src": "finmind",
  "公司代號": 6498,
  "營業收入-當月營收": 101361000
 },
 "2025-06": {
  "_src": "finmind",
  "公司代號": 6498,
  "營業收入-當月營收": 101749000
 },
 "2025-07": {
  "_src": "finmind",
  "公司代號": 6498,
  "營業收入-當月營收": 116361000
 },
 "2025-08": {
  "_src": "finmind",
  "公司代號": 6498,
  "營業收入-當月營收": 118602000
 },
 "2025-09": {
  "_src": "finmind",
  "公司代號": 6498,
  "營業收入-當月營收": 113329000
 },
 "2025-10": {
  "_src": "finmind",
  "公司代號": 6498,
  "營業收入-當月營收": 113454000
 },
 "2025-11": {
  "_src": "finmind",
  "公司代號": 6498,
  "營業收入-當月營收": 110693000
 },
 "2025-12": {
  "_src": "finmind",
  "公司代號": 6498,
  "營業收入-當月營收": 103979000
 },
 "2026-01": {
  "_src": "finmind",
  "公司代號": 6498,
  "營業收入-當月營收": 123031000
 },
 "2026-02": {
  "_src": "finmind",
  "公司代號": 6498,
  "營業收入-當月營收": 96714000
 },
 "2026-03": {
  "_src": "finmind",
  "公司代號": 6498,
  "營業收入-當月營收": 125260000
 },
 "2026-04": {
  "_src": "finmind",
  "公司代號": 6498,
  "營業收入-當月營收": 137524000
 },
 "2026-05": {
  "備註": null,
  "公司代號": 6498,
  "公司名稱": "久禾光",
  "營業收入-上月比較增減(%)": -4.766440766702539,
  "營業收入-上月營收": 137524,
  "營業收入-去年同月增減(%)": 29.21044583222344,
  "營業收入-去年當月營收": 101361,
  "營業收入-當月營收": 130969,
  "產業別": "光電業",
  "累計營業收入-前期比較增減(%)": 34.057486484950985,
  "累計營業收入-去年累計營收": 457638,
  "累計營業收入-當月累計營收": 613498,
  "資料年月": 11505
 }
}