{
 "2025-02": {
  "_src": "finmind",
  "公司代號": 6597,
  "營業收入-當月營收": 69663000
 },
 "2025-03": {
  "_src": "finmind",
  "公司代號": 6597,
  "營業收入-當月營收": 68920000
 },
 "2025-04": {
  "_src": "finmind",
  "公司代號": 6597,
  "營業收入-當月營收": 51345000
 },
 "2025-05": {
  "_src": "finmind",
  "公司代號": 6597,
  "營業收入-當月營收": 55605000
 },
 "2025-06": {
  "_src": "finmind",
  "公司代號": 6597,
  "營業收入-當月營收": 57564000
 },
 "2025-07": {
  "_src": "finmind",
  "公司代號": 6597,
  "營業收入-當月營收": 60518000
 },
 "2025-08": {
  "_src": "finmind",
  "公司代號": 6597,
  "營業收入-當月營收": 66371000
 },
 "2025-09": {
  "_src": "finmind",
  "公司代號": 6597,
  "營業收入-當月營收": 70629000
 },
 "2025-10": {
  "_src": "finmind",
  "公司代號": 6597,
  "營業收入-當月營收": 74090000
 },
 "2025-11": {
  "_src": "finmind",
  "公司代號": 6597,
  "營業收入-當月營收": 57769000
 },
 "2025-12": {
  "_src": "finmind",
  "公司代號": 6597,
  "營業收入-當月營收": 64178000
 },
 "2026-01": {
  "_src": "finmind",
  "公司代號": 6597,
  "營業收入-當月營收": 53990000
 },
 "2026-02": {
  "_src": "finmind",
  "公司代號": 6597,
  "營業收入-當月營收": 41410000
 },
 "2026-03": {
  "_src": "finmind",
  "公司代號": 6597,
  "營業收入-當月營收": 64152000
 },
 "2026-04": {
  "_src": "finmind",
  "公司代號": 6597,
  "營業收入-當月營收": 47250000
 },
 "2026-05": {
  "備註": null,
  "公司代號": 6597,
  "公司名稱": "立誠",
  "營業收入-上月比較增減(%)": 7.712169312169312,
  "營業收入-上月營收": 47250,
  "營業收入-去年同月增減(%)": -8.4722596888769,
  "營業收入-去年當月營收": 55605,
  "營業收入-當月營收": 50894,
  "產業別": "電子零組件業",
  "累計營業收入-前期比較增減(%)": -17.94871794871795,
  "累計營業收入-去年累計營收": 314067,
  "累計營業收入-當月累計營收": 257696,
  "資料年月": 11505
 },
 "2026-06": {
  "備註": null,
  "公司代號": 6597,
  "公司名稱": "立誠",
  "營業收入-上月比較增減(%)": -2.8333398828938576,
  "營業收入-上月營收": 50894,
  "營業收入-去年同月增減(%)": -14.092140921409214,
  "營業收入-去年當月營收": 57564,
  "營業收入-當月營收": 49452,
  "產業別": "電子零組件業",
  "累計營業收入-前期比較增減(%)": -17.35112881091408,
  "累計營業收入-去年累計營收": 371630,
  "累計營業收入-當月累計營收": 307148,
  "資料年月": 11506
 }
}