{
 "2025-09": {
  "_src": "finmind",
  "公司代號": 6614,
  "營業收入-當月營收": 648785000
 },
 "2025-10": {
  "_src": "finmind",
  "公司代號": 6614,
  "營業收入-當月營收": 391058000
 },
 "2025-11": {
  "_src": "finmind",
  "公司代號": 6614,
  "營業收入-當月營收": 367831000
 },
 "2025-12": {
  "_src": "finmind",
  "公司代號": 6614,
  "營業收入-當月營收": 955891000
 },
 "2026-01": {
  "_src": "finmind",
  "公司代號": 6614,
  "營業收入-當月營收": 517114000
 },
 "2026-02": {
  "_src": "finmind",
  "公司代號": 6614,
  "營業收入-當月營收": 360554000
 },
 "2026-03": {
  "_src": "finmind",
  "公司代號": 6614,
  "營業收入-當月營收": 370352000
 },
 "2026-04": {
  "_src": "finmind",
  "公司代號": 6614,
  "營業收入-當月營收": 340399000
 },
 "2026-05": {
  "備註": "因數個政府專案於本年度完成階段性驗收，致本月及本年累計合併營收皆較去年同期增加超過50%。",
  "公司代號": 6614,
  "公司名稱": "資拓宏宇",
  "營業收入-上月比較增減(%)": 52.307145438147586,
  "營業收入-上月營收": 340399,
  "營業收入-去年同月增減(%)": 83.31453463498114,
  "營業收入-去年當月營收": 282821,
  "營業收入-當月營收": 518452,
  "產業別": "數位雲端",
  "累計營業收入-前期比較增減(%)": 52.60336124593389,
  "累計營業收入-去年累計營收": 1380619,
  "累計營業收入-當月累計營收": 2106871,
  "資料年月": 11505
 },
 "2026-06": {
  "備註": null,
  "公司代號": 6614,
  "公司名稱": "資拓宏宇",
  "營業收入-上月比較增減(%)": -26.213034186385624,
  "營業收入-上月營收": 518452,
  "營業收入-去年同月增減(%)": -19.546659992891588,
  "營業收入-去年當月營收": 475493,
  "營業收入-當月營收": 382550,
  "產業別": "數位雲端",
  "累計營業收入-前期比較增減(%)": 34.120193177997876,
  "累計營業收入-去年累計營收": 1856112,
  "累計營業收入-當月累計營收": 2489421,
  "資料年月": 11506
 }
}