{
 "2024-04": {
  "_src": "finmind",
  "公司代號": 6617,
  "營業收入-當月營收": 2457000
 },
 "2024-05": {
  "_src": "finmind",
  "公司代號": 6617,
  "營業收入-當月營收": 3530000
 },
 "2024-06": {
  "_src": "finmind",
  "公司代號": 6617,
  "營業收入-當月營收": 3742000
 },
 "2024-07": {
  "_src": "finmind",
  "公司代號": 6617,
  "營業收入-當月營收": 2763000
 },
 "2024-08": {
  "_src": "finmind",
  "公司代號": 6617,
  "營業收入-當月營收": 3176000
 },
 "2024-09": {
  "_src": "finmind",
  "公司代號": 6617,
  "營業收入-當月營收": 2771000
 },
 "2024-10": {
  "_src": "finmind",
  "公司代號": 6617,
  "營業收入-當月營收": 2735000
 },
 "2024-11": {
  "_src": "finmind",
  "公司代號": 6617,
  "營業收入-當月營收": 2961000
 },
 "2024-12": {
  "_src": "finmind",
  "公司代號": 6617,
  "營業收入-當月營收": 2686000
 },
 "2025-01": {
  "_src": "finmind",
  "公司代號": 6617,
  "營業收入-當月營收": 2381000
 },
 "2025-02": {
  "_src": "finmind",
  "公司代號": 6617,
  "營業收入-當月營收": 2447000
 },
 "2025-03": {
  "_src": "finmind",
  "公司代號": 6617,
  "營業收入-當月營收": 2784000
 },
 "2025-04": {
  "_src": "finmind",
  "公司代號": 6617,
  "營業收入-當月營收": 3485000
 },
 "2025-05": {
  "_src": "finmind",
  "公司代號": 6617,
  "營業收入-當月營收": 2627000
 },
 "2025-06": {
  "_src": "finmind",
  "公司代號": 6617,
  "營業收入-當月營收": 2650000
 },
 "2025-07": {
  "_src": "finmind",
  "公司代號": 6617,
  "營業收入-當月營收": 2805000
 },
 "2025-08": {
  "_src": "finmind",
  "公司代號": 6617,
  "營業收入-當月營收": 4310000
 },
 "2025-09": {
  "_src": "finmind",
  "公司代號": 6617,
  "營業收入-當月營收": 5050000
 },
 "2025-10": {
  "_src": "finmind",
  "公司代號": 6617,
  "營業收入-當月營收": 1874000
 },
 "2025-11": {
  "_src": "finmind",
  "公司代號": 6617,
  "營業收入-當月營收": 2591000
 },
 "2025-12": {
  "_src": "finmind",
  "公司代號": 6617,
  "營業收入-當月營收": 3505000
 },
 "2026-01": {
  "_src": "finmind",
  "公司代號": 6617,
  "營業收入-當月營收": 3242000
 },
 "2026-02": {
  "_src": "finmind",
  "公司代號": 6617,
  "營業收入-當月營收": 2776000
 },
 "2026-03": {
  "_src": "finmind",
  "公司代號": 6617,
  "營業收入-當月營收": 3094000
 },
 "2026-04": {
  "_src": "finmind",
  "公司代號": 6617,
  "營業收入-當月營收": 3750000
 },
 "2026-05": {
  "備註": "自2018年度起依據國際會計準則公報15號規定認列收入",
  "公司代號": 6617,
  "公司名稱": "共信-KY",
  "營業收入-上月比較增減(%)": 18.026666666666667,
  "營業收入-上月營收": 3750,
  "營業收入-去年同月增減(%)": 68.48115721355158,
  "營業收入-去年當月營收": 2627,
  "營業收入-當月營收": 4426,
  "產業別": "生技醫療業",
  "累計營業收入-前期比較增減(%)": 25.969105217137862,
  "累計營業收入-去年累計營收": 13724,
  "累計營業收入-當月累計營收": 17288,
  "資料年月": 11505
 }
}