{
 "2025-10": {
  "_src": "finmind",
  "公司代號": 6620,
  "營業收入-當月營收": 87576000
 },
 "2025-11": {
  "_src": "finmind",
  "公司代號": 6620,
  "營業收入-當月營收": 75804000
 },
 "2025-12": {
  "_src": "finmind",
  "公司代號": 6620,
  "營業收入-當月營收": 136813000
 },
 "2026-01": {
  "_src": "finmind",
  "公司代號": 6620,
  "營業收入-當月營收": 75690000
 },
 "2026-02": {
  "_src": "finmind",
  "公司代號": 6620,
  "營業收入-當月營收": 54974000
 },
 "2026-03": {
  "_src": "finmind",
  "公司代號": 6620,
  "營業收入-當月營收": 78718000
 },
 "2026-04": {
  "_src": "finmind",
  "公司代號": 6620,
  "營業收入-當月營收": 62071000
 },
 "2026-05": {
  "備註": "營收差異主要係114年4月份認列Phyrago授權收入所致",
  "公司代號": 6620,
  "公司名稱": "漢達",
  "出表日期": 1150617,
  "營業收入-上月比較增減(%)": 14.813681107119267,
  "營業收入-上月營收": 62071,
  "營業收入-去年同月增減(%)": -24.35490547812888,
  "營業收入-去年當月營收": 94211,
  "營業收入-當月營收": 71266,
  "產業別": "生技醫療業",
  "累計營業收入-前期比較增減(%)": -59.02362795947306,
  "累計營業收入-去年累計營收": 836382,
  "累計營業收入-當月累計營收": 342719,
  "資料年月": 11505
 }
}