{
 "2024-04": {
  "_src": "finmind",
  "公司代號": 6637,
  "營業收入-當月營收": 111189000
 },
 "2024-05": {
  "_src": "finmind",
  "公司代號": 6637,
  "營業收入-當月營收": 49780000
 },
 "2024-06": {
  "_src": "finmind",
  "公司代號": 6637,
  "營業收入-當月營收": 46967000
 },
 "2024-07": {
  "_src": "finmind",
  "公司代號": 6637,
  "營業收入-當月營收": 60718000
 },
 "2024-08": {
  "_src": "finmind",
  "公司代號": 6637,
  "營業收入-當月營收": 48799000
 },
 "2024-09": {
  "_src": "finmind",
  "公司代號": 6637,
  "營業收入-當月營收": 132324000
 },
 "2024-10": {
  "_src": "finmind",
  "公司代號": 6637,
  "營業收入-當月營收": 102096000
 },
 "2024-11": {
  "_src": "finmind",
  "公司代號": 6637,
  "營業收入-當月營收": 54166000
 },
 "2024-12": {
  "_src": "finmind",
  "公司代號": 6637,
  "營業收入-當月營收": 54886000
 },
 "2025-01": {
  "_src": "finmind",
  "公司代號": 6637,
  "營業收入-當月營收": 48997000
 },
 "2025-02": {
  "_src": "finmind",
  "公司代號": 6637,
  "營業收入-當月營收": 31627000
 },
 "2025-03": {
  "_src": "finmind",
  "公司代號": 6637,
  "營業收入-當月營收": 44263000
 },
 "2025-04": {
  "_src": "finmind",
  "公司代號": 6637,
  "營業收入-當月營收": 59503000
 },
 "2025-05": {
  "_src": "finmind",
  "公司代號": 6637,
  "營業收入-當月營收": 525616000
 },
 "2025-06": {
  "_src": "finmind",
  "公司代號": 6637,
  "營業收入-當月營收": 59551000
 },
 "2025-07": {
  "_src": "finmind",
  "公司代號": 6637,
  "營業收入-當月營收": 55134000
 },
 "2025-08": {
  "_src": "finmind",
  "公司代號": 6637,
  "營業收入-當月營收": 42943000
 },
 "2025-09": {
  "_src": "finmind",
  "公司代號": 6637,
  "營業收入-當月營收": 47300000
 },
 "2025-10": {
  "_src": "finmind",
  "公司代號": 6637,
  "營業收入-當月營收": 58231000
 },
 "2025-11": {
  "_src": "finmind",
  "公司代號": 6637,
  "營業收入-當月營收": 39960000
 },
 "2025-12": {
  "_src": "finmind",
  "公司代號": 6637,
  "營業收入-當月營收": 151344000
 },
 "2026-01": {
  "_src": "finmind",
  "公司代號": 6637,
  "營業收入-當月營收": 43172000
 },
 "2026-02": {
  "_src": "finmind",
  "公司代號": 6637,
  "營業收入-當月營收": 93714000
 },
 "2026-03": {
  "_src": "finmind",
  "公司代號": 6637,
  "營業收入-當月營收": 52738000
 },
 "2026-04": {
  "_src": "finmind",
  "公司代號": 6637,
  "營業收入-當月營收": 45115000
 },
 "2026-05": {
  "備註": "主係因去年同期(114年05月)有數台核子醫學相關大設備驗收所致。",
  "公司代號": 6637,
  "公司名稱": "醫影",
  "營業收入-上月比較增減(%)": 4.37326831430788,
  "營業收入-上月營收": 45115,
  "營業收入-去年同月增減(%)": -91.04136860369547,
  "營業收入-去年當月營收": 525616,
  "營業收入-當月營收": 47088,
  "產業別": "生技醫療業",
  "累計營業收入-前期比較增減(%)": -60.3063917769709,
  "累計營業收入-去年累計營收": 710006,
  "累計營業收入-當月累計營收": 281827,
  "資料年月": 11505
 },
 "2026-06": {
  "備註": "本月較去年同期高主係因115年6月設備驗收較多；本年累計較去年累計低主係因114年5月數台核醫大設備驗收所致。",
  "公司代號": 6637,
  "公司名稱": "醫影",
  "營業收入-上月比較增減(%)": 406.9083418280666,
  "營業收入-上月營收": 47088,
  "營業收入-去年同月增減(%)": 300.82114490100923,
  "營業收入-去年當月營收": 59551,
  "營業收入-當月營收": 238693,
  "產業別": "生技醫療業",
  "累計營業收入-前期比較增減(%)": -32.36108566357008,
  "累計營業收入-去年累計營收": 769557,
  "累計營業收入-當月累計營收": 520520,
  "資料年月": 11506
 }
}