{
 "2024-09": {
  "_src": "finmind",
  "公司代號": 6720,
  "營業收入-當月營收": 40990000
 },
 "2024-10": {
  "_src": "finmind",
  "公司代號": 6720,
  "營業收入-當月營收": 41851000
 },
 "2024-11": {
  "_src": "finmind",
  "公司代號": 6720,
  "營業收入-當月營收": 44082000
 },
 "2024-12": {
  "_src": "finmind",
  "公司代號": 6720,
  "營業收入-當月營收": 40723000
 },
 "2025-01": {
  "_src": "finmind",
  "公司代號": 6720,
  "營業收入-當月營收": 42381000
 },
 "2025-02": {
  "_src": "finmind",
  "公司代號": 6720,
  "營業收入-當月營收": 43029000
 },
 "2025-03": {
  "_src": "finmind",
  "公司代號": 6720,
  "營業收入-當月營收": 47567000
 },
 "2025-04": {
  "_src": "finmind",
  "公司代號": 6720,
  "營業收入-當月營收": 46663000
 },
 "2025-05": {
  "_src": "finmind",
  "公司代號": 6720,
  "營業收入-當月營收": 40075000
 },
 "2025-06": {
  "_src": "finmind",
  "公司代號": 6720,
  "營業收入-當月營收": 36172000
 },
 "2025-07": {
  "_src": "finmind",
  "公司代號": 6720,
  "營業收入-當月營收": 31304000
 },
 "2025-08": {
  "_src": "finmind",
  "公司代號": 6720,
  "營業收入-當月營收": 25904000
 },
 "2025-09": {
  "_src": "finmind",
  "公司代號": 6720,
  "營業收入-當月營收": 29550000
 },
 "2025-10": {
  "_src": "finmind",
  "公司代號": 6720,
  "營業收入-當月營收": 29718000
 },
 "2025-11": {
  "_src": "finmind",
  "公司代號": 6720,
  "營業收入-當月營收": 32766000
 },
 "2025-12": {
  "_src": "finmind",
  "公司代號": 6720,
  "營業收入-當月營收": 30724000
 },
 "2026-01": {
  "_src": "finmind",
  "公司代號": 6720,
  "營業收入-當月營收": 32757000
 },
 "2026-02": {
  "_src": "finmind",
  "公司代號": 6720,
  "營業收入-當月營收": 23903000
 },
 "2026-03": {
  "_src": "finmind",
  "公司代號": 6720,
  "營業收入-當月營收": 31628000
 },
 "2026-04": {
  "_src": "finmind",
  "公司代號": 6720,
  "營業收入-當月營收": 37498000
 },
 "2026-05": {
  "備註": null,
  "公司代號": 6720,
  "公司名稱": "久昌",
  "營業收入-上月比較增減(%)": 0.06133660461891301,
  "營業收入-上月營收": 37498,
  "營業收入-去年同月增減(%)": -6.37305053025577,
  "營業收入-去年當月營收": 40075,
  "營業收入-當月營收": 37521,
  "產業別": "半導體業",
  "累計營業收入-前期比較增減(%)": -25.67325853947159,
  "累計營業收入-去年累計營收": 219715,
  "累計營業收入-當月累計營收": 163307,
  "資料年月": 11505
 }
}