{
 "2025-11": {
  "_src": "finmind",
  "公司代號": 6722,
  "營業收入-當月營收": 418495000
 },
 "2025-12": {
  "_src": "finmind",
  "公司代號": 6722,
  "營業收入-當月營收": 415598000
 },
 "2026-01": {
  "_src": "finmind",
  "公司代號": 6722,
  "營業收入-當月營收": 414083000
 },
 "2026-02": {
  "_src": "finmind",
  "公司代號": 6722,
  "營業收入-當月營收": 379500000
 },
 "2026-03": {
  "_src": "finmind",
  "公司代號": 6722,
  "營業收入-當月營收": 445549000
 },
 "2026-04": {
  "_src": "finmind",
  "公司代號": 6722,
  "營業收入-當月營收": 410164000
 },
 "2026-05": {
  "備註": null,
  "公司代號": 6722,
  "公司名稱": "輝創",
  "出表日期": 1150617,
  "營業收入-上月比較增減(%)": -4.121522122858174,
  "營業收入-上月營收": 410164,
  "營業收入-去年同月增減(%)": -9.086726850299955,
  "營業收入-去年當月營收": 432565,
  "營業收入-當月營收": 393259,
  "產業別": "其他電子業",
  "累計營業收入-前期比較增減(%)": -6.108419446181003,
  "累計營業收入-去年累計營收": 2175440,
  "累計營業收入-當月累計營收": 2042555,
  "資料年月": 11505
 }
}