{
 "2025-10": {
  "_src": "finmind",
  "公司代號": 6725,
  "營業收入-當月營收": 386750000
 },
 "2025-11": {
  "_src": "finmind",
  "公司代號": 6725,
  "營業收入-當月營收": 280444000
 },
 "2025-12": {
  "_src": "finmind",
  "公司代號": 6725,
  "營業收入-當月營收": 359966000
 },
 "2026-01": {
  "_src": "finmind",
  "公司代號": 6725,
  "營業收入-當月營收": 363198000
 },
 "2026-02": {
  "_src": "finmind",
  "公司代號": 6725,
  "營業收入-當月營收": 241398000
 },
 "2026-03": {
  "_src": "finmind",
  "公司代號": 6725,
  "營業收入-當月營收": 333801000
 },
 "2026-04": {
  "_src": "finmind",
  "公司代號": 6725,
  "營業收入-當月營收": 310193000
 },
 "2026-05": {
  "備註": null,
  "公司代號": 6725,
  "公司名稱": "矽科宏晟",
  "營業收入-上月比較增減(%)": -11.10856789160297,
  "營業收入-上月營收": 310193,
  "營業收入-去年同月增減(%)": -9.674449991482893,
  "營業收入-去年當月營收": 305268,
  "營業收入-當月營收": 275735,
  "產業別": "其他電子業",
  "累計營業收入-前期比較增減(%)": 11.01412797840784,
  "累計營業收入-去年累計營收": 1373091,
  "累計營業收入-當月累計營收": 1524325,
  "資料年月": 11505
 }
}