{
 "2025-09": {
  "_src": "finmind",
  "公司代號": 6730,
  "營業收入-當月營收": 40795000
 },
 "2025-10": {
  "_src": "finmind",
  "公司代號": 6730,
  "營業收入-當月營收": 42557000
 },
 "2025-11": {
  "_src": "finmind",
  "公司代號": 6730,
  "營業收入-當月營收": 37381000
 },
 "2025-12": {
  "_src": "finmind",
  "公司代號": 6730,
  "營業收入-當月營收": 43987000
 },
 "2026-01": {
  "_src": "finmind",
  "公司代號": 6730,
  "營業收入-當月營收": 42720000
 },
 "2026-02": {
  "_src": "finmind",
  "公司代號": 6730,
  "營業收入-當月營收": 34297000
 },
 "2026-03": {
  "_src": "finmind",
  "公司代號": 6730,
  "營業收入-當月營收": 37541000
 },
 "2026-04": {
  "_src": "finmind",
  "公司代號": 6730,
  "營業收入-當月營收": 39180000
 },
 "2026-05": {
  "備註": null,
  "公司代號": 6730,
  "公司名稱": "常廣",
  "營業收入-上月比較增減(%)": 6.638591117917305,
  "營業收入-上月營收": 39180,
  "營業收入-去年同月增減(%)": 6.486390049954124,
  "營業收入-去年當月營收": 39236,
  "營業收入-當月營收": 41781,
  "產業別": "生技醫療業",
  "累計營業收入-前期比較增減(%)": -0.37857557754430304,
  "累計營業收入-去年累計營收": 196262,
  "累計營業收入-當月累計營收": 195519,
  "資料年月": 11505
 },
 "2026-06": {
  "備註": null,
  "公司代號": 6730,
  "公司名稱": "常廣",
  "營業收入-上月比較增減(%)": 11.301787894018812,
  "營業收入-上月營收": 41781,
  "營業收入-去年同月增減(%)": 13.250694072378355,
  "營業收入-去年當月營收": 41062,
  "營業收入-當月營收": 46503,
  "產業別": "生技醫療業",
  "累計營業收入-前期比較增減(%)": 1.97957223036861,
  "累計營業收入-去年累計營收": 237324,
  "累計營業收入-當月累計營收": 242022,
  "資料年月": 11506
 }
}