{
 "2024-06": {
  "_src": "finmind",
  "公司代號": 6739,
  "營業收入-當月營收": 33612000
 },
 "2024-07": {
  "_src": "finmind",
  "公司代號": 6739,
  "營業收入-當月營收": 33812000
 },
 "2024-08": {
  "_src": "finmind",
  "公司代號": 6739,
  "營業收入-當月營收": 37018000
 },
 "2024-09": {
  "_src": "finmind",
  "公司代號": 6739,
  "營業收入-當月營收": 38717000
 },
 "2024-10": {
  "_src": "finmind",
  "公司代號": 6739,
  "營業收入-當月營收": 40720000
 },
 "2024-11": {
  "_src": "finmind",
  "公司代號": 6739,
  "營業收入-當月營收": 42351000
 },
 "2024-12": {
  "_src": "finmind",
  "公司代號": 6739,
  "營業收入-當月營收": 43520000
 },
 "2025-01": {
  "_src": "finmind",
  "公司代號": 6739,
  "營業收入-當月營收": 45776000
 },
 "2025-02": {
  "_src": "finmind",
  "公司代號": 6739,
  "營業收入-當月營收": 48801000
 },
 "2025-03": {
  "_src": "finmind",
  "公司代號": 6739,
  "營業收入-當月營收": 53286000
 },
 "2025-04": {
  "_src": "finmind",
  "公司代號": 6739,
  "營業收入-當月營收": 55061000
 },
 "2025-05": {
  "_src": "finmind",
  "公司代號": 6739,
  "營業收入-當月營收": 60311000
 },
 "2025-06": {
  "_src": "finmind",
  "公司代號": 6739,
  "營業收入-當月營收": 64277000
 },
 "2025-07": {
  "_src": "finmind",
  "公司代號": 6739,
  "營業收入-當月營收": 69200000
 },
 "2025-08": {
  "_src": "finmind",
  "公司代號": 6739,
  "營業收入-當月營收": 75325000
 },
 "2025-09": {
  "_src": "finmind",
  "公司代號": 6739,
  "營業收入-當月營收": 78046000
 },
 "2025-10": {
  "_src": "finmind",
  "公司代號": 6739,
  "營業收入-當月營收": 82274000
 },
 "2025-11": {
  "_src": "finmind",
  "公司代號": 6739,
  "營業收入-當月營收": 85145000
 },
 "2025-12": {
  "_src": "finmind",
  "公司代號": 6739,
  "營業收入-當月營收": 88134000
 },
 "2026-01": {
  "_src": "finmind",
  "公司代號": 6739,
  "營業收入-當月營收": 91049000
 },
 "2026-02": {
  "_src": "finmind",
  "公司代號": 6739,
  "營業收入-當月營收": 93142000
 },
 "2026-03": {
  "_src": "finmind",
  "公司代號": 6739,
  "營業收入-當月營收": 100094000
 },
 "2026-04": {
  "_src": "finmind",
  "公司代號": 6739,
  "營業收入-當月營收": 110238000
 },
 "2026-05": {
  "備註": "因客戶產線升級需求",
  "公司代號": 6739,
  "公司名稱": "竹陞科技",
  "營業收入-上月比較增減(%)": 9.01594731399336,
  "營業收入-上月營收": 110238,
  "營業收入-去年同月增減(%)": 99.25885395941106,
  "營業收入-去年當月營收": 60312,
  "營業收入-當月營收": 120177,
  "產業別": "其他電子業",
  "累計營業收入-前期比較增減(%)": 95.52796729930557,
  "累計營業收入-去年累計營收": 263236,
  "累計營業收入-當月累計營收": 514700,
  "資料年月": 11505
 },
 "2026-06": {
  "備註": "因客戶產線升級需求",
  "公司代號": 6739,
  "公司名稱": "竹陞科技",
  "營業收入-上月比較增減(%)": 7.577157026718923,
  "營業收入-上月營收": 120177,
  "營業收入-去年同月增減(%)": 101.13415374084043,
  "營業收入-去年當月營收": 64277,
  "營業收入-當月營收": 129283,
  "產業別": "其他電子業",
  "累計營業收入-前期比較增減(%)": 96.62822544448618,
  "累計營業收入-去年累計營收": 327513,
  "累計營業收入-當月累計營收": 643983,
  "資料年月": 11506
 }
}