{
 "2024-03": {
  "_src": "finmind",
  "公司代號": 6771,
  "營業收入-當月營收": 56692000
 },
 "2024-04": {
  "_src": "finmind",
  "公司代號": 6771,
  "營業收入-當月營收": 52391000
 },
 "2024-05": {
  "_src": "finmind",
  "公司代號": 6771,
  "營業收入-當月營收": 54875000
 },
 "2024-06": {
  "_src": "finmind",
  "公司代號": 6771,
  "營業收入-當月營收": 50798000
 },
 "2024-07": {
  "_src": "finmind",
  "公司代號": 6771,
  "營業收入-當月營收": 49925000
 },
 "2024-08": {
  "_src": "finmind",
  "公司代號": 6771,
  "營業收入-當月營收": 56866000
 },
 "2024-09": {
  "_src": "finmind",
  "公司代號": 6771,
  "營業收入-當月營收": 51645000
 },
 "2024-10": {
  "_src": "finmind",
  "公司代號": 6771,
  "營業收入-當月營收": 50302000
 },
 "2024-11": {
  "_src": "finmind",
  "公司代號": 6771,
  "營業收入-當月營收": 58561000
 },
 "2024-12": {
  "_src": "finmind",
  "公司代號": 6771,
  "營業收入-當月營收": 58781000
 },
 "2025-01": {
  "_src": "finmind",
  "公司代號": 6771,
  "營業收入-當月營收": 51126000
 },
 "2025-02": {
  "_src": "finmind",
  "公司代號": 6771,
  "營業收入-當月營收": 54413000
 },
 "2025-03": {
  "_src": "finmind",
  "公司代號": 6771,
  "營業收入-當月營收": 58262000
 },
 "2025-04": {
  "_src": "finmind",
  "公司代號": 6771,
  "營業收入-當月營收": 51518000
 },
 "2025-05": {
  "_src": "finmind",
  "公司代號": 6771,
  "營業收入-當月營收": 52597000
 },
 "2025-06": {
  "_src": "finmind",
  "公司代號": 6771,
  "營業收入-當月營收": 56680000
 },
 "2025-07": {
  "_src": "finmind",
  "公司代號": 6771,
  "營業收入-當月營收": 53871000
 },
 "2025-08": {
  "_src": "finmind",
  "公司代號": 6771,
  "營業收入-當月營收": 49409000
 },
 "2025-09": {
  "_src": "finmind",
  "公司代號": 6771,
  "營業收入-當月營收": 49955000
 },
 "2025-10": {
  "_src": "finmind",
  "公司代號": 6771,
  "營業收入-當月營收": 48225000
 },
 "2025-11": {
  "_src": "finmind",
  "公司代號": 6771,
  "營業收入-當月營收": 45301000
 },
 "2025-12": {
  "_src": "finmind",
  "公司代號": 6771,
  "營業收入-當月營收": 46669000
 },
 "2026-01": {
  "_src": "finmind",
  "公司代號": 6771,
  "營業收入-當月營收": 47709000
 },
 "2026-02": {
  "_src": "finmind",
  "公司代號": 6771,
  "營業收入-當月營收": 34089000
 },
 "2026-03": {
  "_src": "finmind",
  "公司代號": 6771,
  "營業收入-當月營收": 49688000
 },
 "2026-04": {
  "_src": "finmind",
  "公司代號": 6771,
  "營業收入-當月營收": 47492000
 },
 "2026-05": {
  "備註": null,
  "公司代號": 6771,
  "公司名稱": "平和環保-創",
  "營業收入-上月比較增減(%)": 4.234397372189,
  "營業收入-上月營收": 47492,
  "營業收入-去年同月增減(%)": -5.882464779360039,
  "營業收入-去年當月營收": 52597,
  "營業收入-當月營收": 49503,
  "產業別": "綠能環保",
  "累計營業收入-前期比較增減(%)": -14.719165708654952,
  "累計營業收入-去年累計營收": 267916,
  "累計營業收入-當月累計營收": 228481,
  "資料年月": 11505
 },
 "2026-06": {
  "備註": null,
  "公司代號": 6771,
  "公司名稱": "平和環保-創",
  "營業收入-上月比較增減(%)": -0.5595620467446417,
  "營業收入-上月營收": 49503,
  "營業收入-去年同月增減(%)": -13.151023288637967,
  "營業收入-去年當月營收": 56680,
  "營業收入-當月營收": 49226,
  "產業別": "綠能環保",
  "累計營業收入-前期比較增減(%)": -14.445341285782943,
  "累計營業收入-去年累計營收": 324596,
  "累計營業收入-當月累計營收": 277707,
  "資料年月": 11506
 }
}