{
 "2024-03": {
  "_src": "finmind",
  "公司代號": 6794,
  "營業收入-當月營收": 465000
 },
 "2024-04": {
  "_src": "finmind",
  "公司代號": 6794,
  "營業收入-當月營收": 1430000
 },
 "2024-05": {
  "_src": "finmind",
  "公司代號": 6794,
  "營業收入-當月營收": 491000
 },
 "2024-06": {
  "_src": "finmind",
  "公司代號": 6794,
  "營業收入-當月營收": 1783000
 },
 "2024-07": {
  "_src": "finmind",
  "公司代號": 6794,
  "營業收入-當月營收": 2603000
 },
 "2024-08": {
  "_src": "finmind",
  "公司代號": 6794,
  "營業收入-當月營收": 6185000
 },
 "2024-09": {
  "_src": "finmind",
  "公司代號": 6794,
  "營業收入-當月營收": 5890000
 },
 "2024-10": {
  "_src": "finmind",
  "公司代號": 6794,
  "營業收入-當月營收": 2620000
 },
 "2024-11": {
  "_src": "finmind",
  "公司代號": 6794,
  "營業收入-當月營收": 2160000
 },
 "2024-12": {
  "_src": "finmind",
  "公司代號": 6794,
  "營業收入-當月營收": 6052000
 },
 "2025-01": {
  "_src": "finmind",
  "公司代號": 6794,
  "營業收入-當月營收": 3370000
 },
 "2025-02": {
  "_src": "finmind",
  "公司代號": 6794,
  "營業收入-當月營收": 919000
 },
 "2025-03": {
  "_src": "finmind",
  "公司代號": 6794,
  "營業收入-當月營收": 5557000
 },
 "2025-04": {
  "_src": "finmind",
  "公司代號": 6794,
  "營業收入-當月營收": 5494000
 },
 "2025-05": {
  "_src": "finmind",
  "公司代號": 6794,
  "營業收入-當月營收": 935000
 },
 "2025-06": {
  "_src": "finmind",
  "公司代號": 6794,
  "營業收入-當月營收": 2240000
 },
 "2025-07": {
  "_src": "finmind",
  "公司代號": 6794,
  "營業收入-當月營收": 2987000
 },
 "2025-08": {
  "_src": "finmind",
  "公司代號": 6794,
  "營業收入-當月營收": 883000
 },
 "2025-09": {
  "_src": "finmind",
  "公司代號": 6794,
  "營業收入-當月營收": 1363000
 },
 "2025-10": {
  "_src": "finmind",
  "公司代號": 6794,
  "營業收入-當月營收": 2310000
 },
 "2025-11": {
  "_src": "finmind",
  "公司代號": 6794,
  "營業收入-當月營收": 1941000
 },
 "2025-12": {
  "_src": "finmind",
  "公司代號": 6794,
  "營業收入-當月營收": 2104000
 },
 "2026-01": {
  "_src": "finmind",
  "公司代號": 6794,
  "營業收入-當月營收": 1779000
 },
 "2026-02": {
  "_src": "finmind",
  "公司代號": 6794,
  "營業收入-當月營收": 2630000
 },
 "2026-03": {
  "_src": "finmind",
  "公司代號": 6794,
  "營業收入-當月營收": 1869000
 },
 "2026-04": {
  "_src": "finmind",
  "公司代號": 6794,
  "營業收入-當月營收": 1894000
 },
 "2026-05": {
  "備註": "本期營業收入較去年同期增加，主係勞務收入增加所致。",
  "公司代號": 6794,
  "公司名稱": "向榮生技",
  "營業收入-上月比較增減(%)": -24.762407602956706,
  "營業收入-上月營收": 1894,
  "營業收入-去年同月增減(%)": 52.406417112299465,
  "營業收入-去年當月營收": 935,
  "營業收入-當月營收": 1425,
  "產業別": "生技醫療業",
  "累計營業收入-前期比較增減(%)": -41.03225806451613,
  "累計營業收入-去年累計營收": 16275,
  "累計營業收入-當月累計營收": 9597,
  "資料年月": 11505
 }
}