{
 "2025-09": {
  "_src": "finmind",
  "公司代號": 6831,
  "營業收入-當月營收": 336305000
 },
 "2025-10": {
  "_src": "finmind",
  "公司代號": 6831,
  "營業收入-當月營收": 308122000
 },
 "2025-11": {
  "_src": "finmind",
  "公司代號": 6831,
  "營業收入-當月營收": 315356000
 },
 "2025-12": {
  "_src": "finmind",
  "公司代號": 6831,
  "營業收入-當月營收": 317149000
 },
 "2026-01": {
  "_src": "finmind",
  "公司代號": 6831,
  "營業收入-當月營收": 314337000
 },
 "2026-02": {
  "_src": "finmind",
  "公司代號": 6831,
  "營業收入-當月營收": 225956000
 },
 "2026-03": {
  "_src": "finmind",
  "公司代號": 6831,
  "營業收入-當月營收": 314090000
 },
 "2026-04": {
  "_src": "finmind",
  "公司代號": 6831,
  "營業收入-當月營收": 213124000
 },
 "2026-05": {
  "備註": null,
  "公司代號": 6831,
  "公司名稱": "邁科",
  "出表日期": 1150617,
  "營業收入-上月比較增減(%)": 54.968469060265384,
  "營業收入-上月營收": 213124,
  "營業收入-去年同月增減(%)": -10.756505972984439,
  "營業收入-去年當月營收": 370083,
  "營業收入-當月營收": 330275,
  "產業別": "電腦及週邊設備業",
  "累計營業收入-前期比較增減(%)": 14.691310819259986,
  "累計營業收入-去年累計營收": 1218734,
  "累計營業收入-當月累計營收": 1397782,
  "資料年月": 11505
 }
}