{
 "2023-12": {
  "_src": "finmind",
  "公司代號": 6844,
  "營業收入-當月營收": 298283000
 },
 "2024-01": {
  "_src": "finmind",
  "公司代號": 6844,
  "營業收入-當月營收": 279705000
 },
 "2024-02": {
  "_src": "finmind",
  "公司代號": 6844,
  "營業收入-當月營收": 291411000
 },
 "2024-03": {
  "_src": "finmind",
  "公司代號": 6844,
  "營業收入-當月營收": 271963000
 },
 "2024-04": {
  "_src": "finmind",
  "公司代號": 6844,
  "營業收入-當月營收": 271892000
 },
 "2024-05": {
  "_src": "finmind",
  "公司代號": 6844,
  "營業收入-當月營收": 306411000
 },
 "2024-06": {
  "_src": "finmind",
  "公司代號": 6844,
  "營業收入-當月營收": 277010000
 },
 "2024-07": {
  "_src": "finmind",
  "公司代號": 6844,
  "營業收入-當月營收": 279366000
 },
 "2024-08": {
  "_src": "finmind",
  "公司代號": 6844,
  "營業收入-當月營收": 287824000
 },
 "2024-09": {
  "_src": "finmind",
  "公司代號": 6844,
  "營業收入-當月營收": 278712000
 },
 "2024-10": {
  "_src": "finmind",
  "公司代號": 6844,
  "營業收入-當月營收": 275788000
 },
 "2024-11": {
  "_src": "finmind",
  "公司代號": 6844,
  "營業收入-當月營收": 278748000
 },
 "2024-12": {
  "_src": "finmind",
  "公司代號": 6844,
  "營業收入-當月營收": 300985000
 },
 "2025-01": {
  "_src": "finmind",
  "公司代號": 6844,
  "營業收入-當月營收": 311493000
 },
 "2025-02": {
  "_src": "finmind",
  "公司代號": 6844,
  "營業收入-當月營收": 277288000
 },
 "2025-03": {
  "_src": "finmind",
  "公司代號": 6844,
  "營業收入-當月營收": 281934000
 },
 "2025-04": {
  "_src": "finmind",
  "公司代號": 6844,
  "營業收入-當月營收": 273539000
 },
 "2025-05": {
  "_src": "finmind",
  "公司代號": 6844,
  "營業收入-當月營收": 309249000
 },
 "2025-06": {
  "_src": "finmind",
  "公司代號": 6844,
  "營業收入-當月營收": 279294000
 },
 "2025-07": {
  "_src": "finmind",
  "公司代號": 6844,
  "營業收入-當月營收": 279400000
 },
 "2025-08": {
  "_src": "finmind",
  "公司代號": 6844,
  "營業收入-當月營收": 301210000
 },
 "2025-09": {
  "_src": "finmind",
  "公司代號": 6844,
  "營業收入-當月營收": 268662000
 },
 "2025-10": {
  "_src": "finmind",
  "公司代號": 6844,
  "營業收入-當月營收": 281363000
 },
 "2025-11": {
  "_src": "finmind",
  "公司代號": 6844,
  "營業收入-當月營收": 280827000
 },
 "2025-12": {
  "_src": "finmind",
  "公司代號": 6844,
  "營業收入-當月營收": 301938000
 },
 "2026-01": {
  "_src": "finmind",
  "公司代號": 6844,
  "營業收入-當月營收": 280741000
 },
 "2026-02": {
  "_src": "finmind",
  "公司代號": 6844,
  "營業收入-當月營收": 284452000
 },
 "2026-03": {
  "_src": "finmind",
  "公司代號": 6844,
  "營業收入-當月營收": 283355000
 },
 "2026-04": {
  "_src": "finmind",
  "公司代號": 6844,
  "營業收入-當月營收": 273163000
 },
 "2026-05": {
  "備註": null,
  "公司代號": 6844,
  "公司名稱": "諾貝兒",
  "出表日期": 1150617,
  "營業收入-上月比較增減(%)": 13.367476561613396,
  "營業收入-上月營收": 273163,
  "營業收入-去年同月增減(%)": 0.1387231648283422,
  "營業收入-去年當月營收": 309249,
  "營業收入-當月營收": 309678,
  "產業別": "生技醫療業",
  "累計營業收入-前期比較增減(%)": -1.5214278883497316,
  "累計營業收入-去年累計營收": 1453503,
  "累計營業收入-當月累計營收": 1431389,
  "資料年月": 11505
 }
}