{
 "2024-08": {
  "_src": "finmind",
  "公司代號": 6862,
  "營業收入-當月營收": 217759000
 },
 "2024-09": {
  "_src": "finmind",
  "公司代號": 6862,
  "營業收入-當月營收": 206118000
 },
 "2024-10": {
  "_src": "finmind",
  "公司代號": 6862,
  "營業收入-當月營收": 187579000
 },
 "2024-11": {
  "_src": "finmind",
  "公司代號": 6862,
  "營業收入-當月營收": 209987000
 },
 "2024-12": {
  "_src": "finmind",
  "公司代號": 6862,
  "營業收入-當月營收": 160625000
 },
 "2025-01": {
  "_src": "finmind",
  "公司代號": 6862,
  "營業收入-當月營收": 185095000
 },
 "2025-02": {
  "_src": "finmind",
  "公司代號": 6862,
  "營業收入-當月營收": 207618000
 },
 "2025-03": {
  "_src": "finmind",
  "公司代號": 6862,
  "營業收入-當月營收": 217667000
 },
 "2025-04": {
  "_src": "finmind",
  "公司代號": 6862,
  "營業收入-當月營收": 277995000
 },
 "2025-05": {
  "_src": "finmind",
  "公司代號": 6862,
  "營業收入-當月營收": 200842000
 },
 "2025-06": {
  "_src": "finmind",
  "公司代號": 6862,
  "營業收入-當月營收": 170193000
 },
 "2025-07": {
  "_src": "finmind",
  "公司代號": 6862,
  "營業收入-當月營收": 150229000
 },
 "2025-08": {
  "_src": "finmind",
  "公司代號": 6862,
  "營業收入-當月營收": 171504000
 },
 "2025-09": {
  "_src": "finmind",
  "公司代號": 6862,
  "營業收入-當月營收": 181279000
 },
 "2025-10": {
  "_src": "finmind",
  "公司代號": 6862,
  "營業收入-當月營收": 167698000
 },
 "2025-11": {
  "_src": "finmind",
  "公司代號": 6862,
  "營業收入-當月營收": 178913000
 },
 "2025-12": {
  "_src": "finmind",
  "公司代號": 6862,
  "營業收入-當月營收": 156685000
 },
 "2026-01": {
  "_src": "finmind",
  "公司代號": 6862,
  "營業收入-當月營收": 183004000
 },
 "2026-02": {
  "_src": "finmind",
  "公司代號": 6862,
  "營業收入-當月營收": 107420000
 },
 "2026-03": {
  "_src": "finmind",
  "公司代號": 6862,
  "營業收入-當月營收": 180817000
 },
 "2026-04": {
  "_src": "finmind",
  "公司代號": 6862,
  "營業收入-當月營收": 141437000
 },
 "2026-05": {
  "備註": null,
  "公司代號": 6862,
  "公司名稱": "三集瑞-KY",
  "營業收入-上月比較增減(%)": -7.702369252741503,
  "營業收入-上月營收": 141437,
  "營業收入-去年同月增減(%)": -35.00214098644706,
  "營業收入-去年當月營收": 200842,
  "營業收入-當月營收": 130543,
  "產業別": "電子零組件業",
  "累計營業收入-前期比較增減(%)": -31.7655710478261,
  "累計營業收入-去年累計營收": 1089217,
  "累計營業收入-當月累計營收": 743221,
  "資料年月": 11505
 }
}