{
 "2024-12": {
  "_src": "finmind",
  "公司代號": 6872,
  "營業收入-當月營收": 1227000
 },
 "2025-01": {
  "_src": "finmind",
  "公司代號": 6872,
  "營業收入-當月營收": 350000
 },
 "2025-02": {
  "_src": "finmind",
  "公司代號": 6872,
  "營業收入-當月營收": 368000
 },
 "2025-03": {
  "_src": "finmind",
  "公司代號": 6872,
  "營業收入-當月營收": 396000
 },
 "2025-04": {
  "_src": "finmind",
  "公司代號": 6872,
  "營業收入-當月營收": 399000
 },
 "2025-05": {
  "_src": "finmind",
  "公司代號": 6872,
  "營業收入-當月營收": 1702000
 },
 "2025-06": {
  "_src": "finmind",
  "公司代號": 6872,
  "營業收入-當月營收": 1521000
 },
 "2025-07": {
  "_src": "finmind",
  "公司代號": 6872,
  "營業收入-當月營收": 602000
 },
 "2025-08": {
  "_src": "finmind",
  "公司代號": 6872,
  "營業收入-當月營收": 2458000
 },
 "2025-09": {
  "_src": "finmind",
  "公司代號": 6872,
  "營業收入-當月營收": 665000
 },
 "2025-10": {
  "_src": "finmind",
  "公司代號": 6872,
  "營業收入-當月營收": 696000
 },
 "2025-11": {
  "_src": "finmind",
  "公司代號": 6872,
  "營業收入-當月營收": 643000
 },
 "2025-12": {
  "_src": "finmind",
  "公司代號": 6872,
  "營業收入-當月營收": 683000
 },
 "2026-01": {
  "_src": "finmind",
  "公司代號": 6872,
  "營業收入-當月營收": 658000
 },
 "2026-02": {
  "_src": "finmind",
  "公司代號": 6872,
  "營業收入-當月營收": 665000
 },
 "2026-03": {
  "_src": "finmind",
  "公司代號": 6872,
  "營業收入-當月營收": 16917000
 },
 "2026-04": {
  "_src": "finmind",
  "公司代號": 6872,
  "營業收入-當月營收": 1302000
 },
 "2026-05": {
  "備註": "本月係臨床前試驗勞務收入減少；本年主係銷售醫療器材之收入增加所致",
  "公司代號": 6872,
  "公司名稱": "浩宇生醫",
  "營業收入-上月比較增減(%)": -36.9431643625192,
  "營業收入-上月營收": 1302,
  "營業收入-去年同月增減(%)": -51.7626321974148,
  "營業收入-去年當月營收": 1702,
  "營業收入-當月營收": 821,
  "產業別": "生技醫療業",
  "累計營業收入-前期比較增減(%)": 533.3748055987559,
  "累計營業收入-去年累計營收": 3215,
  "累計營業收入-當月累計營收": 20363,
  "資料年月": 11505
 },
 "2026-06": {
  "備註": "主係銷售醫療器材之收入增加所致",
  "公司代號": 6872,
  "公司名稱": "浩宇生醫",
  "營業收入-上月比較增減(%)": 39.09866017052375,
  "營業收入-上月營收": 821,
  "營業收入-去年同月增減(%)": -24.917817225509534,
  "營業收入-去年當月營收": 1521,
  "營業收入-當月營收": 1142,
  "產業別": "生技醫療業",
  "累計營業收入-前期比較增減(%)": 354.0751689189189,
  "累計營業收入-去年累計營收": 4736,
  "累計營業收入-當月累計營收": 21505,
  "資料年月": 11506
 }
}