{
 "2024-03": {
  "_src": "finmind",
  "公司代號": 6881,
  "營業收入-當月營收": 141580000
 },
 "2024-04": {
  "_src": "finmind",
  "公司代號": 6881,
  "營業收入-當月營收": 134413000
 },
 "2024-05": {
  "_src": "finmind",
  "公司代號": 6881,
  "營業收入-當月營收": 152486000
 },
 "2024-06": {
  "_src": "finmind",
  "公司代號": 6881,
  "營業收入-當月營收": 171218000
 },
 "2024-07": {
  "_src": "finmind",
  "公司代號": 6881,
  "營業收入-當月營收": 180267000
 },
 "2024-08": {
  "_src": "finmind",
  "公司代號": 6881,
  "營業收入-當月營收": 181101000
 },
 "2024-09": {
  "_src": "finmind",
  "公司代號": 6881,
  "營業收入-當月營收": 176999000
 },
 "2024-10": {
  "_src": "finmind",
  "公司代號": 6881,
  "營業收入-當月營收": 190840000
 },
 "2024-11": {
  "_src": "finmind",
  "公司代號": 6881,
  "營業收入-當月營收": 205712000
 },
 "2024-12": {
  "_src": "finmind",
  "公司代號": 6881,
  "營業收入-當月營收": 193536000
 },
 "2025-01": {
  "_src": "finmind",
  "公司代號": 6881,
  "營業收入-當月營收": 186255000
 },
 "2025-02": {
  "_src": "finmind",
  "公司代號": 6881,
  "營業收入-當月營收": 193704000
 },
 "2025-03": {
  "_src": "finmind",
  "公司代號": 6881,
  "營業收入-當月營收": 195943000
 },
 "2025-04": {
  "_src": "finmind",
  "公司代號": 6881,
  "營業收入-當月營收": 200136000
 },
 "2025-05": {
  "_src": "finmind",
  "公司代號": 6881,
  "營業收入-當月營收": 203331000
 },
 "2025-06": {
  "_src": "finmind",
  "公司代號": 6881,
  "營業收入-當月營收": 207639000
 },
 "2025-07": {
  "_src": "finmind",
  "公司代號": 6881,
  "營業收入-當月營收": 208010000
 },
 "2025-08": {
  "_src": "finmind",
  "公司代號": 6881,
  "營業收入-當月營收": 213375000
 },
 "2025-09": {
  "_src": "finmind",
  "公司代號": 6881,
  "營業收入-當月營收": 213778000
 },
 "2025-10": {
  "_src": "finmind",
  "公司代號": 6881,
  "營業收入-當月營收": 213891000
 },
 "2025-11": {
  "_src": "finmind",
  "公司代號": 6881,
  "營業收入-當月營收": 214021000
 },
 "2025-12": {
  "_src": "finmind",
  "公司代號": 6881,
  "營業收入-當月營收": 214422000
 },
 "2026-01": {
  "_src": "finmind",
  "公司代號": 6881,
  "營業收入-當月營收": 214550000
 },
 "2026-02": {
  "_src": "finmind",
  "公司代號": 6881,
  "營業收入-當月營收": 214736000
 },
 "2026-03": {
  "_src": "finmind",
  "公司代號": 6881,
  "營業收入-當月營收": 215124000
 },
 "2026-04": {
  "_src": "finmind",
  "公司代號": 6881,
  "營業收入-當月營收": 215938000
 },
 "2026-05": {
  "備註": null,
  "公司代號": 6881,
  "公司名稱": "潤德",
  "營業收入-上月比較增減(%)": -25.507784641887948,
  "營業收入-上月營收": 215938,
  "營業收入-去年同月增減(%)": -20.889092169910146,
  "營業收入-去年當月營收": 203331,
  "營業收入-當月營收": 160857,
  "產業別": "其他",
  "累計營業收入-前期比較增減(%)": 4.271730062928273,
  "累計營業收入-去年累計營收": 979369,
  "累計營業收入-當月累計營收": 1021205,
  "資料年月": 11505
 },
 "2026-06": {
  "備註": null,
  "公司代號": 6881,
  "公司名稱": "潤德",
  "營業收入-上月比較增減(%)": 0.5265546417003922,
  "營業收入-上月營收": 160857,
  "營業收入-去年同月增減(%)": -22.12252996787694,
  "營業收入-去年當月營收": 207639,
  "營業收入-當月營收": 161704,
  "產業別": "其他",
  "累計營業收入-前期比較增減(%)": -0.3453220197336496,
  "累計營業收入-去年累計營收": 1187008,
  "累計營業收入-當月累計營收": 1182909,
  "資料年月": 11506
 }
}