{
 "2025-10": {
  "_src": "finmind",
  "公司代號": 6884,
  "營業收入-當月營收": 105770000
 },
 "2025-11": {
  "_src": "finmind",
  "公司代號": 6884,
  "營業收入-當月營收": 132936000
 },
 "2025-12": {
  "_src": "finmind",
  "公司代號": 6884,
  "營業收入-當月營收": 126607000
 },
 "2026-01": {
  "_src": "finmind",
  "公司代號": 6884,
  "營業收入-當月營收": 112041000
 },
 "2026-02": {
  "_src": "finmind",
  "公司代號": 6884,
  "營業收入-當月營收": 91486000
 },
 "2026-03": {
  "_src": "finmind",
  "公司代號": 6884,
  "營業收入-當月營收": 103073000
 },
 "2026-04": {
  "_src": "finmind",
  "公司代號": 6884,
  "營業收入-當月營收": 114293000
 },
 "2026-05": {
  "備註": null,
  "公司代號": 6884,
  "公司名稱": "海柏特",
  "出表日期": 1150617,
  "營業收入-上月比較增減(%)": 4.595207055550208,
  "營業收入-上月營收": 114293,
  "營業收入-去年同月增減(%)": 39.11095595508233,
  "營業收入-去年當月營收": 85935,
  "營業收入-當月營收": 119545,
  "產業別": "資訊服務業",
  "累計營業收入-前期比較增減(%)": 17.714786063409917,
  "累計營業收入-去年累計營收": 459108,
  "累計營業收入-當月累計營收": 540438,
  "資料年月": 11505
 }
}