{
 "2024-10": {
  "_src": "finmind",
  "公司代號": 6885,
  "營業收入-當月營收": 33000
 },
 "2024-11": {
  "_src": "finmind",
  "公司代號": 6885,
  "營業收入-當月營收": 201000
 },
 "2024-12": {
  "_src": "finmind",
  "公司代號": 6885,
  "營業收入-當月營收": 33000
 },
 "2025-01": {
  "_src": "finmind",
  "公司代號": 6885,
  "營業收入-當月營收": 33000
 },
 "2025-02": {
  "_src": "finmind",
  "公司代號": 6885,
  "營業收入-當月營收": 34000
 },
 "2025-03": {
  "_src": "finmind",
  "公司代號": 6885,
  "營業收入-當月營收": 33000
 },
 "2025-04": {
  "_src": "finmind",
  "公司代號": 6885,
  "營業收入-當月營收": 34000
 },
 "2025-05": {
  "_src": "finmind",
  "公司代號": 6885,
  "營業收入-當月營收": 1140000
 },
 "2025-06": {
  "_src": "finmind",
  "公司代號": 6885,
  "營業收入-當月營收": 402000
 },
 "2025-07": {
  "_src": "finmind",
  "公司代號": 6885,
  "營業收入-當月營收": 402000
 },
 "2025-08": {
  "_src": "finmind",
  "公司代號": 6885,
  "營業收入-當月營收": 429000
 },
 "2025-09": {
  "_src": "finmind",
  "公司代號": 6885,
  "營業收入-當月營收": 398000
 },
 "2025-10": {
  "_src": "finmind",
  "公司代號": 6885,
  "營業收入-當月營收": 843000
 },
 "2025-11": {
  "_src": "finmind",
  "公司代號": 6885,
  "營業收入-當月營收": 679000
 },
 "2025-12": {
  "_src": "finmind",
  "公司代號": 6885,
  "營業收入-當月營收": 1063000
 },
 "2026-01": {
  "_src": "finmind",
  "公司代號": 6885,
  "營業收入-當月營收": 987000
 },
 "2026-02": {
  "_src": "finmind",
  "公司代號": 6885,
  "營業收入-當月營收": 632000
 },
 "2026-03": {
  "_src": "finmind",
  "公司代號": 6885,
  "營業收入-當月營收": 1204000
 },
 "2026-04": {
  "_src": "finmind",
  "公司代號": 6885,
  "營業收入-當月營收": 766000
 },
 "2026-05": {
  "備註": "諮詢服務收入、含子公司營業收入",
  "公司代號": 6885,
  "公司名稱": "全福生技",
  "出表日期": 1150617,
  "營業收入-上月比較增減(%)": 7.310704960835509,
  "營業收入-上月營收": 766,
  "營業收入-去年同月增減(%)": -27.894736842105264,
  "營業收入-去年當月營收": 1140,
  "營業收入-當月營收": 822,
  "產業別": "生技醫療業",
  "累計營業收入-前期比較增減(%)": 246.23233908948194,
  "累計營業收入-去年累計營收": 1274,
  "累計營業收入-當月累計營收": 4411,
  "資料年月": 11505
 }
}