{
 "2024-12": {
  "_src": "finmind",
  "公司代號": 6887,
  "營業收入-當月營收": 847295000
 },
 "2025-01": {
  "_src": "finmind",
  "公司代號": 6887,
  "營業收入-當月營收": 538918000
 },
 "2025-02": {
  "_src": "finmind",
  "公司代號": 6887,
  "營業收入-當月營收": 347776000
 },
 "2025-03": {
  "_src": "finmind",
  "公司代號": 6887,
  "營業收入-當月營收": 538975000
 },
 "2025-04": {
  "_src": "finmind",
  "公司代號": 6887,
  "營業收入-當月營收": 341449000
 },
 "2025-05": {
  "_src": "finmind",
  "公司代號": 6887,
  "營業收入-當月營收": 395558000
 },
 "2025-06": {
  "_src": "finmind",
  "公司代號": 6887,
  "營業收入-當月營收": 285259000
 },
 "2025-07": {
  "_src": "finmind",
  "公司代號": 6887,
  "營業收入-當月營收": 219136000
 },
 "2025-08": {
  "_src": "finmind",
  "公司代號": 6887,
  "營業收入-當月營收": 294923000
 },
 "2025-09": {
  "_src": "finmind",
  "公司代號": 6887,
  "營業收入-當月營收": 388717000
 },
 "2025-10": {
  "_src": "finmind",
  "公司代號": 6887,
  "營業收入-當月營收": 232890000
 },
 "2025-11": {
  "_src": "finmind",
  "公司代號": 6887,
  "營業收入-當月營收": 320797000
 },
 "2025-12": {
  "_src": "finmind",
  "公司代號": 6887,
  "營業收入-當月營收": 872356000
 },
 "2026-01": {
  "_src": "finmind",
  "公司代號": 6887,
  "營業收入-當月營收": 280206000
 },
 "2026-02": {
  "_src": "finmind",
  "公司代號": 6887,
  "營業收入-當月營收": 215317000
 },
 "2026-03": {
  "_src": "finmind",
  "公司代號": 6887,
  "營業收入-當月營收": 362101000
 },
 "2026-04": {
  "_src": "finmind",
  "公司代號": 6887,
  "營業收入-當月營收": 298282000
 },
 "2026-05": {
  "備註": null,
  "公司代號": 6887,
  "公司名稱": "寶綠特-KY",
  "營業收入-上月比較增減(%)": 35.35010493425684,
  "營業收入-上月營收": 298282,
  "營業收入-去年同月增減(%)": 2.0646782519883304,
  "營業收入-去年當月營收": 395558,
  "營業收入-當月營收": 403725,
  "產業別": "綠能環保",
  "累計營業收入-前期比較增減(%)": -27.88423791439961,
  "累計營業收入-去年累計營收": 2162677,
  "累計營業收入-當月累計營收": 1559631,
  "資料年月": 11505
 }
}