{
 "2024-04": {
  "_src": "finmind",
  "公司代號": 6890,
  "營業收入-當月營收": 2994870000
 },
 "2024-05": {
  "_src": "finmind",
  "公司代號": 6890,
  "營業收入-當月營收": 3534655000
 },
 "2024-06": {
  "_src": "finmind",
  "公司代號": 6890,
  "營業收入-當月營收": 3236856000
 },
 "2024-07": {
  "_src": "finmind",
  "公司代號": 6890,
  "營業收入-當月營收": 3357129000
 },
 "2024-08": {
  "_src": "finmind",
  "公司代號": 6890,
  "營業收入-當月營收": 3426987000
 },
 "2024-09": {
  "_src": "finmind",
  "公司代號": 6890,
  "營業收入-當月營收": 2516805000
 },
 "2024-10": {
  "_src": "finmind",
  "公司代號": 6890,
  "營業收入-當月營收": 3590049000
 },
 "2024-11": {
  "_src": "finmind",
  "公司代號": 6890,
  "營業收入-當月營收": 3755832000
 },
 "2024-12": {
  "_src": "finmind",
  "公司代號": 6890,
  "營業收入-當月營收": 3505779000
 },
 "2025-01": {
  "_src": "finmind",
  "公司代號": 6890,
  "營業收入-當月營收": 3665802000
 },
 "2025-02": {
  "_src": "finmind",
  "公司代號": 6890,
  "營業收入-當月營收": 2516798000
 },
 "2025-03": {
  "_src": "finmind",
  "公司代號": 6890,
  "營業收入-當月營收": 3500227000
 },
 "2025-04": {
  "_src": "finmind",
  "公司代號": 6890,
  "營業收入-當月營收": 4639369000
 },
 "2025-05": {
  "_src": "finmind",
  "公司代號": 6890,
  "營業收入-當月營收": 3580736000
 },
 "2025-06": {
  "_src": "finmind",
  "公司代號": 6890,
  "營業收入-當月營收": 3099648000
 },
 "2025-07": {
  "_src": "finmind",
  "公司代號": 6890,
  "營業收入-當月營收": 2856623000
 },
 "2025-08": {
  "_src": "finmind",
  "公司代號": 6890,
  "營業收入-當月營收": 2635107000
 },
 "2025-09": {
  "_src": "finmind",
  "公司代號": 6890,
  "營業收入-當月營收": 2533083000
 },
 "2025-10": {
  "_src": "finmind",
  "公司代號": 6890,
  "營業收入-當月營收": 3734575000
 },
 "2025-11": {
  "_src": "finmind",
  "公司代號": 6890,
  "營業收入-當月營收": 3538257000
 },
 "2025-12": {
  "_src": "finmind",
  "公司代號": 6890,
  "營業收入-當月營收": 3294434000
 },
 "2026-01": {
  "_src": "finmind",
  "公司代號": 6890,
  "營業收入-當月營收": 2521973000
 },
 "2026-02": {
  "_src": "finmind",
  "公司代號": 6890,
  "營業收入-當月營收": 1776161000
 },
 "2026-03": {
  "_src": "finmind",
  "公司代號": 6890,
  "營業收入-當月營收": 2779557000
 },
 "2026-04": {
  "_src": "finmind",
  "公司代號": 6890,
  "營業收入-當月營收": 4211254000
 },
 "2026-05": {
  "備註": null,
  "公司代號": 6890,
  "公司名稱": "來億-KY",
  "營業收入-上月比較增減(%)": -14.239131622077414,
  "營業收入-上月營收": 4211254,
  "營業收入-去年同月增減(%)": 0.8621691183041699,
  "營業收入-去年當月營收": 3580736,
  "營業收入-當月營收": 3611608,
  "產業別": "運動休閒",
  "累計營業收入-前期比較增減(%)": -16.770320079414926,
  "累計營業收入-去年累計營收": 17902932,
  "累計營業收入-當月累計營收": 14900553,
  "資料年月": 11505
 },
 "2026-06": {
  "備註": null,
  "公司代號": 6890,
  "公司名稱": "來億-KY",
  "營業收入-上月比較增減(%)": -16.920496355086154,
  "營業收入-上月營收": 3611608,
  "營業收入-去年同月增減(%)": -3.1984922158903206,
  "營業收入-去年當月營收": 3099648,
  "營業收入-當月營收": 3000506,
  "產業別": "運動休閒",
  "累計營業收入-前期比較增減(%)": -14.767333346665028,
  "累計營業收入-去年累計營收": 21002580,
  "累計營業收入-當月累計營收": 17901059,
  "資料年月": 11506
 }
}