{
 "2024-01": {
  "_src": "finmind",
  "公司代號": 6899,
  "營業收入-當月營收": 81420000
 },
 "2024-02": {
  "_src": "finmind",
  "公司代號": 6899,
  "營業收入-當月營收": 80598000
 },
 "2024-03": {
  "_src": "finmind",
  "公司代號": 6899,
  "營業收入-當月營收": 61456000
 },
 "2024-04": {
  "_src": "finmind",
  "公司代號": 6899,
  "營業收入-當月營收": 88632000
 },
 "2024-05": {
  "_src": "finmind",
  "公司代號": 6899,
  "營業收入-當月營收": 61541000
 },
 "2024-06": {
  "_src": "finmind",
  "公司代號": 6899,
  "營業收入-當月營收": 77443000
 },
 "2024-07": {
  "_src": "finmind",
  "公司代號": 6899,
  "營業收入-當月營收": 63453000
 },
 "2024-08": {
  "_src": "finmind",
  "公司代號": 6899,
  "營業收入-當月營收": 112729000
 },
 "2024-09": {
  "_src": "finmind",
  "公司代號": 6899,
  "營業收入-當月營收": 81244000
 },
 "2024-10": {
  "_src": "finmind",
  "公司代號": 6899,
  "營業收入-當月營收": 69134000
 },
 "2024-11": {
  "_src": "finmind",
  "公司代號": 6899,
  "營業收入-當月營收": 75086000
 },
 "2024-12": {
  "_src": "finmind",
  "公司代號": 6899,
  "營業收入-當月營收": 87642000
 },
 "2025-01": {
  "_src": "finmind",
  "公司代號": 6899,
  "營業收入-當月營收": 80815000
 },
 "2025-02": {
  "_src": "finmind",
  "公司代號": 6899,
  "營業收入-當月營收": 81215000
 },
 "2025-03": {
  "_src": "finmind",
  "公司代號": 6899,
  "營業收入-當月營收": 112880000
 },
 "2025-04": {
  "_src": "finmind",
  "公司代號": 6899,
  "營業收入-當月營收": 107966000
 },
 "2025-05": {
  "_src": "finmind",
  "公司代號": 6899,
  "營業收入-當月營收": 98685000
 },
 "2025-06": {
  "_src": "finmind",
  "公司代號": 6899,
  "營業收入-當月營收": 90728000
 },
 "2025-07": {
  "_src": "finmind",
  "公司代號": 6899,
  "營業收入-當月營收": 90340000
 },
 "2025-08": {
  "_src": "finmind",
  "公司代號": 6899,
  "營業收入-當月營收": 102297000
 },
 "2025-09": {
  "_src": "finmind",
  "公司代號": 6899,
  "營業收入-當月營收": 118545000
 },
 "2025-10": {
  "_src": "finmind",
  "公司代號": 6899,
  "營業收入-當月營收": 101344000
 },
 "2025-11": {
  "_src": "finmind",
  "公司代號": 6899,
  "營業收入-當月營收": 102665000
 },
 "2025-12": {
  "_src": "finmind",
  "公司代號": 6899,
  "營業收入-當月營收": 107304000
 },
 "2026-01": {
  "_src": "finmind",
  "公司代號": 6899,
  "營業收入-當月營收": 90821000
 },
 "2026-02": {
  "_src": "finmind",
  "公司代號": 6899,
  "營業收入-當月營收": 82374000
 },
 "2026-03": {
  "_src": "finmind",
  "公司代號": 6899,
  "營業收入-當月營收": 88090000
 },
 "2026-04": {
  "_src": "finmind",
  "公司代號": 6899,
  "營業收入-當月營收": 92608000
 },
 "2026-05": {
  "備註": null,
  "公司代號": 6899,
  "公司名稱": "創為精密",
  "出表日期": 1150617,
  "營業收入-上月比較增減(%)": 3.9899360746371806,
  "營業收入-上月營收": 92608,
  "營業收入-去年同月增減(%)": -2.4137406900744796,
  "營業收入-去年當月營收": 98685,
  "營業收入-當月營收": 96303,
  "產業別": "光電業",
  "累計營業收入-前期比較增減(%)": -6.513193551803406,
  "累計營業收入-去年累計營收": 481561,
  "累計營業收入-當月累計營收": 450196,
  "資料年月": 11505
 }
}