{
 "2024-04": {
  "_src": "finmind",
  "公司代號": 6903,
  "營業收入-當月營收": 308813000
 },
 "2024-05": {
  "_src": "finmind",
  "公司代號": 6903,
  "營業收入-當月營收": 372651000
 },
 "2024-06": {
  "_src": "finmind",
  "公司代號": 6903,
  "營業收入-當月營收": 256162000
 },
 "2024-07": {
  "_src": "finmind",
  "公司代號": 6903,
  "營業收入-當月營收": 202288000
 },
 "2024-08": {
  "_src": "finmind",
  "公司代號": 6903,
  "營業收入-當月營收": 168387000
 },
 "2024-09": {
  "_src": "finmind",
  "公司代號": 6903,
  "營業收入-當月營收": 204418000
 },
 "2024-10": {
  "_src": "finmind",
  "公司代號": 6903,
  "營業收入-當月營收": 152570000
 },
 "2024-11": {
  "_src": "finmind",
  "公司代號": 6903,
  "營業收入-當月營收": 173136000
 },
 "2024-12": {
  "_src": "finmind",
  "公司代號": 6903,
  "營業收入-當月營收": 238269000
 },
 "2025-01": {
  "_src": "finmind",
  "公司代號": 6903,
  "營業收入-當月營收": 104822000
 },
 "2025-02": {
  "_src": "finmind",
  "公司代號": 6903,
  "營業收入-當月營收": 140326000
 },
 "2025-03": {
  "_src": "finmind",
  "公司代號": 6903,
  "營業收入-當月營收": 174684000
 },
 "2025-04": {
  "_src": "finmind",
  "公司代號": 6903,
  "營業收入-當月營收": 175742000
 },
 "2025-05": {
  "_src": "finmind",
  "公司代號": 6903,
  "營業收入-當月營收": 202412000
 },
 "2025-06": {
  "_src": "finmind",
  "公司代號": 6903,
  "營業收入-當月營收": 270964000
 },
 "2025-07": {
  "_src": "finmind",
  "公司代號": 6903,
  "營業收入-當月營收": 230096000
 },
 "2025-08": {
  "_src": "finmind",
  "公司代號": 6903,
  "營業收入-當月營收": 280344000
 },
 "2025-09": {
  "_src": "finmind",
  "公司代號": 6903,
  "營業收入-當月營收": 389542000
 },
 "2025-10": {
  "_src": "finmind",
  "公司代號": 6903,
  "營業收入-當月營收": 440177000
 },
 "2025-11": {
  "_src": "finmind",
  "公司代號": 6903,
  "營業收入-當月營收": 530002000
 },
 "2025-12": {
  "_src": "finmind",
  "公司代號": 6903,
  "營業收入-當月營收": 665017000
 },
 "2026-01": {
  "_src": "finmind",
  "公司代號": 6903,
  "營業收入-當月營收": 719547000
 },
 "2026-02": {
  "_src": "finmind",
  "公司代號": 6903,
  "營業收入-當月營收": 471747000
 },
 "2026-03": {
  "_src": "finmind",
  "公司代號": 6903,
  "營業收入-當月營收": 734462000
 },
 "2026-04": {
  "_src": "finmind",
  "公司代號": 6903,
  "營業收入-當月營收": 697780000
 },
 "2026-05": {
  "備註": "本月營收較去年同期增加50%以上，主係目前進行中之專案本月進入施工高峰期所致。",
  "公司代號": 6903,
  "公司名稱": "巨漢",
  "營業收入-上月比較增減(%)": -4.523775401989166,
  "營業收入-上月營收": 697780,
  "營業收入-去年同月增減(%)": 229.13760053751753,
  "營業收入-去年當月營收": 202412,
  "營業收入-當月營收": 666214,
  "產業別": "其他電子業",
  "累計營業收入-前期比較增減(%)": 312.2566060056191,
  "累計營業收入-去年累計營收": 797986,
  "累計營業收入-當月累計營收": 3289750,
  "資料年月": 11505
 },
 "2026-06": {
  "備註": "本月營收較去年同期增加50%以上，主係目前進行中之專案本月進入施工高峰期所致",
  "公司代號": 6903,
  "公司名稱": "巨漢",
  "營業收入-上月比較增減(%)": 7.315817440041789,
  "營業收入-上月營收": 666214,
  "營業收入-去年同月增減(%)": 163.85534609763658,
  "營業收入-去年當月營收": 270964,
  "營業收入-當月營收": 714953,
  "產業別": "其他電子業",
  "累計營業收入-前期比較增減(%)": 274.63894475887554,
  "累計營業收入-去年累計營收": 1068950,
  "累計營業收入-當月累計營收": 4004703,
  "資料年月": 11506
 }
}