{
 "2025-11": {
  "_src": "finmind",
  "公司代號": 6907,
  "營業收入-當月營收": 139884000
 },
 "2025-12": {
  "_src": "finmind",
  "公司代號": 6907,
  "營業收入-當月營收": 164798000
 },
 "2026-01": {
  "_src": "finmind",
  "公司代號": 6907,
  "營業收入-當月營收": 217125000
 },
 "2026-02": {
  "_src": "finmind",
  "公司代號": 6907,
  "營業收入-當月營收": 176574000
 },
 "2026-03": {
  "_src": "finmind",
  "公司代號": 6907,
  "營業收入-當月營收": 259437000
 },
 "2026-04": {
  "_src": "finmind",
  "公司代號": 6907,
  "營業收入-當月營收": 286721000
 },
 "2026-05": {
  "備註": "終端市場需求成長帶動營收大幅增加",
  "公司代號": 6907,
  "公司名稱": "雅特力-KY",
  "營業收入-上月比較增減(%)": 7.1700363768262525,
  "營業收入-上月營收": 286721,
  "營業收入-去年同月增減(%)": 76.41564138041899,
  "營業收入-去年當月營收": 174179,
  "營業收入-當月營收": 307279,
  "產業別": "半導體業",
  "累計營業收入-前期比較增減(%)": 84.10819125677413,
  "累計營業收入-去年累計營收": 677393,
  "累計營業收入-當月累計營收": 1247136,
  "資料年月": 11505
 }
}