{
 "2026-01": {
  "_src": "finmind",
  "公司代號": 6908,
  "營業收入-當月營收": 382925000
 },
 "2026-02": {
  "_src": "finmind",
  "公司代號": 6908,
  "營業收入-當月營收": 361068000
 },
 "2026-03": {
  "_src": "finmind",
  "公司代號": 6908,
  "營業收入-當月營收": 416149000
 },
 "2026-04": {
  "_src": "finmind",
  "公司代號": 6908,
  "營業收入-當月營收": 450368000
 },
 "2026-05": {
  "備註": null,
  "公司代號": 6908,
  "公司名稱": "宏碁遊戲-創",
  "營業收入-上月比較增減(%)": -13.413919283785704,
  "營業收入-上月營收": 450368,
  "營業收入-去年同月增減(%)": -27.98104394944807,
  "營業收入-去年當月營收": 541463,
  "營業收入-當月營收": 389956,
  "產業別": "電子通路業",
  "累計營業收入-前期比較增減(%)": -1.7963642682907073,
  "累計營業收入-去年累計營收": 2037059,
  "累計營業收入-當月累計營收": 2000466,
  "資料年月": 11505
 },
 "2026-06": {
  "備註": null,
  "公司代號": 6908,
  "公司名稱": "宏碁遊戲-創",
  "營業收入-上月比較增減(%)": -10.342448891669829,
  "營業收入-上月營收": 389956,
  "營業收入-去年同月增減(%)": -19.09768903430929,
  "營業收入-去年當月營收": 432157,
  "營業收入-當月營收": 349625,
  "產業別": "電子通路業",
  "累計營業收入-前期比較增減(%)": -4.824405803299509,
  "累計營業收入-去年累計營收": 2469216,
  "累計營業收入-當月累計營收": 2350091,
  "資料年月": 11506
 }
}