{
 "2025-03": {
  "_src": "finmind",
  "公司代號": 6909,
  "營業收入-當月營收": 54725000
 },
 "2025-04": {
  "_src": "finmind",
  "公司代號": 6909,
  "營業收入-當月營收": 23764000
 },
 "2025-05": {
  "_src": "finmind",
  "公司代號": 6909,
  "營業收入-當月營收": 27047000
 },
 "2025-06": {
  "_src": "finmind",
  "公司代號": 6909,
  "營業收入-當月營收": 35431000
 },
 "2025-07": {
  "_src": "finmind",
  "公司代號": 6909,
  "營業收入-當月營收": 34978000
 },
 "2025-08": {
  "_src": "finmind",
  "公司代號": 6909,
  "營業收入-當月營收": 46834000
 },
 "2025-09": {
  "_src": "finmind",
  "公司代號": 6909,
  "營業收入-當月營收": 37725000
 },
 "2025-10": {
  "_src": "finmind",
  "公司代號": 6909,
  "營業收入-當月營收": 53457000
 },
 "2025-11": {
  "_src": "finmind",
  "公司代號": 6909,
  "營業收入-當月營收": 55420000
 },
 "2025-12": {
  "_src": "finmind",
  "公司代號": 6909,
  "營業收入-當月營收": 105955000
 },
 "2026-01": {
  "_src": "finmind",
  "公司代號": 6909,
  "營業收入-當月營收": 33281000
 },
 "2026-02": {
  "_src": "finmind",
  "公司代號": 6909,
  "營業收入-當月營收": 18760000
 },
 "2026-03": {
  "_src": "finmind",
  "公司代號": 6909,
  "營業收入-當月營收": 49463000
 },
 "2026-04": {
  "_src": "finmind",
  "公司代號": 6909,
  "營業收入-當月營收": 36781000
 },
 "2026-05": {
  "備註": "依客戶需求出貨認列收入。",
  "公司代號": 6909,
  "公司名稱": "創控",
  "出表日期": 1150617,
  "營業收入-上月比較增減(%)": 11.272124194556973,
  "營業收入-上月營收": 36781,
  "營業收入-去年同月增減(%)": 51.31807594187895,
  "營業收入-去年當月營收": 27047,
  "營業收入-當月營收": 40927,
  "產業別": "半導體業",
  "累計營業收入-前期比較增減(%)": -1.1069540553366664,
  "累計營業收入-去年累計營收": 181218,
  "累計營業收入-當月累計營收": 179212,
  "資料年月": 11505
 }
}