{
 "2025-10": {
  "_src": "finmind",
  "公司代號": 6910,
  "營業收入-當月營收": 32445000
 },
 "2025-11": {
  "_src": "finmind",
  "公司代號": 6910,
  "營業收入-當月營收": 32822000
 },
 "2025-12": {
  "_src": "finmind",
  "公司代號": 6910,
  "營業收入-當月營收": 42552000
 },
 "2026-01": {
  "_src": "finmind",
  "公司代號": 6910,
  "營業收入-當月營收": 23225000
 },
 "2026-02": {
  "_src": "finmind",
  "公司代號": 6910,
  "營業收入-當月營收": 20583000
 },
 "2026-03": {
  "_src": "finmind",
  "公司代號": 6910,
  "營業收入-當月營收": 37805000
 },
 "2026-04": {
  "_src": "finmind",
  "公司代號": 6910,
  "營業收入-當月營收": 33162000
 },
 "2026-05": {
  "備註": null,
  "公司代號": 6910,
  "公司名稱": "德鴻",
  "出表日期": 1150617,
  "營業收入-上月比較增減(%)": 11.473976237862614,
  "營業收入-上月營收": 33162,
  "營業收入-去年同月增減(%)": 10.44156309751434,
  "營業收入-去年當月營收": 33472,
  "營業收入-當月營收": 36967,
  "產業別": "數位雲端",
  "累計營業收入-前期比較增減(%)": 12.627570901587632,
  "累計營業收入-去年累計營收": 134729,
  "累計營業收入-當月累計營收": 151742,
  "資料年月": 11505
 }
}