{
 "2024-07": {
  "_src": "finmind",
  "公司代號": 6913,
  "營業收入-當月營收": 185108000
 },
 "2024-08": {
  "_src": "finmind",
  "公司代號": 6913,
  "營業收入-當月營收": 192981000
 },
 "2024-09": {
  "_src": "finmind",
  "公司代號": 6913,
  "營業收入-當月營收": 194246000
 },
 "2024-10": {
  "_src": "finmind",
  "公司代號": 6913,
  "營業收入-當月營收": 216023000
 },
 "2024-11": {
  "_src": "finmind",
  "公司代號": 6913,
  "營業收入-當月營收": 224096000
 },
 "2024-12": {
  "_src": "finmind",
  "公司代號": 6913,
  "營業收入-當月營收": 211558000
 },
 "2025-01": {
  "_src": "finmind",
  "公司代號": 6913,
  "營業收入-當月營收": 188170000
 },
 "2025-02": {
  "_src": "finmind",
  "公司代號": 6913,
  "營業收入-當月營收": 180513000
 },
 "2025-03": {
  "_src": "finmind",
  "公司代號": 6913,
  "營業收入-當月營收": 209881000
 },
 "2025-04": {
  "_src": "finmind",
  "公司代號": 6913,
  "營業收入-當月營收": 241511000
 },
 "2025-05": {
  "_src": "finmind",
  "公司代號": 6913,
  "營業收入-當月營收": 215163000
 },
 "2025-06": {
  "_src": "finmind",
  "公司代號": 6913,
  "營業收入-當月營收": 191268000
 },
 "2025-07": {
  "_src": "finmind",
  "公司代號": 6913,
  "營業收入-當月營收": 222598000
 },
 "2025-08": {
  "_src": "finmind",
  "公司代號": 6913,
  "營業收入-當月營收": 243585000
 },
 "2025-09": {
  "_src": "finmind",
  "公司代號": 6913,
  "營業收入-當月營收": 260791000
 },
 "2025-10": {
  "_src": "finmind",
  "公司代號": 6913,
  "營業收入-當月營收": 204137000
 },
 "2025-11": {
  "_src": "finmind",
  "公司代號": 6913,
  "營業收入-當月營收": 220903000
 },
 "2025-12": {
  "_src": "finmind",
  "公司代號": 6913,
  "營業收入-當月營收": 254072000
 },
 "2026-01": {
  "_src": "finmind",
  "公司代號": 6913,
  "營業收入-當月營收": 269701000
 },
 "2026-02": {
  "_src": "finmind",
  "公司代號": 6913,
  "營業收入-當月營收": 204064000
 },
 "2026-03": {
  "_src": "finmind",
  "公司代號": 6913,
  "營業收入-當月營收": 238626000
 },
 "2026-04": {
  "_src": "finmind",
  "公司代號": 6913,
  "營業收入-當月營收": 302964000
 },
 "2026-05": {
  "備註": "無",
  "公司代號": 6913,
  "公司名稱": "鴻呈",
  "營業收入-上月比較增減(%)": -3.934460860036176,
  "營業收入-上月營收": 302964,
  "營業收入-去年同月增減(%)": 35.26675125370068,
  "營業收入-去年當月營收": 215163,
  "營業收入-當月營收": 291044,
  "產業別": "電子零組件業",
  "累計營業收入-前期比較增減(%)": 26.19310728547445,
  "累計營業收入-去年累計營收": 1035238,
  "累計營業收入-當月累計營收": 1306399,
  "資料年月": 11505
 }
}