{
 "2024-02": {
  "_src": "finmind",
  "公司代號": 6914,
  "營業收入-當月營收": 353192000
 },
 "2024-03": {
  "_src": "finmind",
  "公司代號": 6914,
  "營業收入-當月營收": 387214000
 },
 "2024-04": {
  "_src": "finmind",
  "公司代號": 6914,
  "營業收入-當月營收": 375546000
 },
 "2024-05": {
  "_src": "finmind",
  "公司代號": 6914,
  "營業收入-當月營收": 382049000
 },
 "2024-06": {
  "_src": "finmind",
  "公司代號": 6914,
  "營業收入-當月營收": 386789000
 },
 "2024-07": {
  "_src": "finmind",
  "公司代號": 6914,
  "營業收入-當月營收": 385958000
 },
 "2024-08": {
  "_src": "finmind",
  "公司代號": 6914,
  "營業收入-當月營收": 411138000
 },
 "2024-09": {
  "_src": "finmind",
  "公司代號": 6914,
  "營業收入-當月營收": 390403000
 },
 "2024-10": {
  "_src": "finmind",
  "公司代號": 6914,
  "營業收入-當月營收": 383101000
 },
 "2024-11": {
  "_src": "finmind",
  "公司代號": 6914,
  "營業收入-當月營收": 409589000
 },
 "2024-12": {
  "_src": "finmind",
  "公司代號": 6914,
  "營業收入-當月營收": 480015000
 },
 "2025-01": {
  "_src": "finmind",
  "公司代號": 6914,
  "營業收入-當月營收": 442935000
 },
 "2025-02": {
  "_src": "finmind",
  "公司代號": 6914,
  "營業收入-當月營收": 427275000
 },
 "2025-03": {
  "_src": "finmind",
  "公司代號": 6914,
  "營業收入-當月營收": 444443000
 },
 "2025-04": {
  "_src": "finmind",
  "公司代號": 6914,
  "營業收入-當月營收": 445825000
 },
 "2025-05": {
  "_src": "finmind",
  "公司代號": 6914,
  "營業收入-當月營收": 472857000
 },
 "2025-06": {
  "_src": "finmind",
  "公司代號": 6914,
  "營業收入-當月營收": 465144000
 },
 "2025-07": {
  "_src": "finmind",
  "公司代號": 6914,
  "營業收入-當月營收": 461416000
 },
 "2025-08": {
  "_src": "finmind",
  "公司代號": 6914,
  "營業收入-當月營收": 498295000
 },
 "2025-09": {
  "_src": "finmind",
  "公司代號": 6914,
  "營業收入-當月營收": 563873000
 },
 "2025-10": {
  "_src": "finmind",
  "公司代號": 6914,
  "營業收入-當月營收": 464682000
 },
 "2025-11": {
  "_src": "finmind",
  "公司代號": 6914,
  "營業收入-當月營收": 458244000
 },
 "2025-12": {
  "_src": "finmind",
  "公司代號": 6914,
  "營業收入-當月營收": 533238000
 },
 "2026-01": {
  "_src": "finmind",
  "公司代號": 6914,
  "營業收入-當月營收": 472224000
 },
 "2026-02": {
  "_src": "finmind",
  "公司代號": 6914,
  "營業收入-當月營收": 468401000
 },
 "2026-03": {
  "_src": "finmind",
  "公司代號": 6914,
  "營業收入-當月營收": 495555000
 },
 "2026-04": {
  "_src": "finmind",
  "公司代號": 6914,
  "營業收入-當月營收": 476228000
 },
 "2026-05": {
  "備註": null,
  "公司代號": 6914,
  "公司名稱": "阜爾運通",
  "出表日期": 1150617,
  "營業收入-上月比較增減(%)": 6.10736873934334,
  "營業收入-上月營收": 476228,
  "營業收入-去年同月增減(%)": 6.863808720183903,
  "營業收入-去年當月營收": 472857,
  "營業收入-當月營收": 505313,
  "產業別": "其他",
  "累計營業收入-前期比較增減(%)": 8.256083390982544,
  "累計營業收入-去年累計營收": 2233335,
  "累計營業收入-當月累計營收": 2417721,
  "資料年月": 11505
 }
}