{
 "2025-03": {
  "_src": "finmind",
  "公司代號": 6918,
  "營業收入-當月營收": 63482000
 },
 "2025-04": {
  "_src": "finmind",
  "公司代號": 6918,
  "營業收入-當月營收": 75867000
 },
 "2025-05": {
  "_src": "finmind",
  "公司代號": 6918,
  "營業收入-當月營收": 62017000
 },
 "2025-06": {
  "_src": "finmind",
  "公司代號": 6918,
  "營業收入-當月營收": 76012000
 },
 "2025-07": {
  "_src": "finmind",
  "公司代號": 6918,
  "營業收入-當月營收": 71605000
 },
 "2025-08": {
  "_src": "finmind",
  "公司代號": 6918,
  "營業收入-當月營收": 68984000
 },
 "2025-09": {
  "_src": "finmind",
  "公司代號": 6918,
  "營業收入-當月營收": 70106000
 },
 "2025-10": {
  "_src": "finmind",
  "公司代號": 6918,
  "營業收入-當月營收": 62488000
 },
 "2025-11": {
  "_src": "finmind",
  "公司代號": 6918,
  "營業收入-當月營收": 80386000
 },
 "2025-12": {
  "_src": "finmind",
  "公司代號": 6918,
  "營業收入-當月營收": 72039000
 },
 "2026-01": {
  "_src": "finmind",
  "公司代號": 6918,
  "營業收入-當月營收": 71401000
 },
 "2026-02": {
  "_src": "finmind",
  "公司代號": 6918,
  "營業收入-當月營收": 74229000
 },
 "2026-03": {
  "_src": "finmind",
  "公司代號": 6918,
  "營業收入-當月營收": 73755000
 },
 "2026-04": {
  "_src": "finmind",
  "公司代號": 6918,
  "營業收入-當月營收": 84868000
 },
 "2026-05": {
  "備註": null,
  "公司代號": 6918,
  "公司名稱": "愛派司",
  "營業收入-上月比較增減(%)": -7.060376113493897,
  "營業收入-上月營收": 84868,
  "營業收入-去年同月增減(%)": 27.184481674379604,
  "營業收入-去年當月營收": 62017,
  "營業收入-當月營收": 78876,
  "產業別": "生技醫療業",
  "累計營業收入-前期比較增減(%)": 14.616284392005289,
  "累計營業收入-去年累計營收": 334271,
  "累計營業收入-當月累計營收": 383129,
  "資料年月": 11505
 }
}