{
 "2025-10": {
  "_src": "finmind",
  "公司代號": 6921,
  "營業收入-當月營收": 11462000
 },
 "2025-11": {
  "_src": "finmind",
  "公司代號": 6921,
  "營業收入-當月營收": 13969000
 },
 "2025-12": {
  "_src": "finmind",
  "公司代號": 6921,
  "營業收入-當月營收": 19172000
 },
 "2026-01": {
  "_src": "finmind",
  "公司代號": 6921,
  "營業收入-當月營收": 9302000
 },
 "2026-02": {
  "_src": "finmind",
  "公司代號": 6921,
  "營業收入-當月營收": 9748000
 },
 "2026-03": {
  "_src": "finmind",
  "公司代號": 6921,
  "營業收入-當月營收": 9403000
 },
 "2026-04": {
  "_src": "finmind",
  "公司代號": 6921,
  "營業收入-當月營收": 1276000
 },
 "2026-05": {
  "備註": "受記憶體漲價影響，客戶調降消費性電子商品生產量，使公司營收隨之下滑。",
  "公司代號": 6921,
  "公司名稱": "嘉雨思-創",
  "營業收入-上月比較增減(%)": 666.6144200626959,
  "營業收入-上月營收": 1276,
  "營業收入-去年同月增減(%)": -34.990363527613475,
  "營業收入-去年當月營收": 15047,
  "營業收入-當月營收": 9782,
  "產業別": "半導體業",
  "累計營業收入-前期比較增減(%)": -60.59539244041089,
  "累計營業收入-去年累計營收": 100270,
  "累計營業收入-當月累計營收": 39511,
  "資料年月": 11505
 }
}