{
 "2024-07": {
  "_src": "finmind",
  "公司代號": 6923,
  "營業收入-當月營收": 136430000
 },
 "2024-08": {
  "_src": "finmind",
  "公司代號": 6923,
  "營業收入-當月營收": 129948000
 },
 "2024-09": {
  "_src": "finmind",
  "公司代號": 6923,
  "營業收入-當月營收": 135329000
 },
 "2024-10": {
  "_src": "finmind",
  "公司代號": 6923,
  "營業收入-當月營收": 94656000
 },
 "2024-11": {
  "_src": "finmind",
  "公司代號": 6923,
  "營業收入-當月營收": 102248000
 },
 "2024-12": {
  "_src": "finmind",
  "公司代號": 6923,
  "營業收入-當月營收": 118838000
 },
 "2025-01": {
  "_src": "finmind",
  "公司代號": 6923,
  "營業收入-當月營收": 101444000
 },
 "2025-02": {
  "_src": "finmind",
  "公司代號": 6923,
  "營業收入-當月營收": 92681000
 },
 "2025-03": {
  "_src": "finmind",
  "公司代號": 6923,
  "營業收入-當月營收": 98364000
 },
 "2025-04": {
  "_src": "finmind",
  "公司代號": 6923,
  "營業收入-當月營收": 90043000
 },
 "2025-05": {
  "_src": "finmind",
  "公司代號": 6923,
  "營業收入-當月營收": 96337000
 },
 "2025-06": {
  "_src": "finmind",
  "公司代號": 6923,
  "營業收入-當月營收": 93604000
 },
 "2025-07": {
  "_src": "finmind",
  "公司代號": 6923,
  "營業收入-當月營收": 95063000
 },
 "2025-08": {
  "_src": "finmind",
  "公司代號": 6923,
  "營業收入-當月營收": 99303000
 },
 "2025-09": {
  "_src": "finmind",
  "公司代號": 6923,
  "營業收入-當月營收": 93123000
 },
 "2025-10": {
  "_src": "finmind",
  "公司代號": 6923,
  "營業收入-當月營收": 94154000
 },
 "2025-11": {
  "_src": "finmind",
  "公司代號": 6923,
  "營業收入-當月營收": 93385000
 },
 "2025-12": {
  "_src": "finmind",
  "公司代號": 6923,
  "營業收入-當月營收": 108007000
 },
 "2026-01": {
  "_src": "finmind",
  "公司代號": 6923,
  "營業收入-當月營收": 112058000
 },
 "2026-02": {
  "_src": "finmind",
  "公司代號": 6923,
  "營業收入-當月營收": 90189000
 },
 "2026-03": {
  "_src": "finmind",
  "公司代號": 6923,
  "營業收入-當月營收": 102568000
 },
 "2026-04": {
  "_src": "finmind",
  "公司代號": 6923,
  "營業收入-當月營收": 118842000
 },
 "2026-05": {
  "備註": null,
  "公司代號": 6923,
  "公司名稱": "中台",
  "營業收入-上月比較增減(%)": -2.254253546725905,
  "營業收入-上月營收": 118842,
  "營業收入-去年同月增減(%)": 20.579839521679105,
  "營業收入-去年當月營收": 96337,
  "營業收入-當月營收": 116163,
  "產業別": "綠能環保",
  "累計營業收入-前期比較增減(%)": 12.728115622435363,
  "累計營業收入-去年累計營收": 478869,
  "累計營業收入-當月累計營收": 539820,
  "資料年月": 11505
 },
 "2026-06": {
  "備註": null,
  "公司代號": 6923,
  "公司名稱": "中台",
  "營業收入-上月比較增減(%)": 13.389805704053787,
  "營業收入-上月營收": 116163,
  "營業收入-去年同月增減(%)": 40.717277039442756,
  "營業收入-去年當月營收": 93604,
  "營業收入-當月營收": 131717,
  "產業別": "綠能環保",
  "累計營業收入-前期比較增減(%)": 17.304571569314184,
  "累計營業收入-去年累計營收": 572473,
  "累計營業收入-當月累計營收": 671537,
  "資料年月": 11506
 }
}