{
 "2024-10": {
  "_src": "finmind",
  "公司代號": 6924,
  "營業收入-當月營收": 169060000
 },
 "2024-11": {
  "_src": "finmind",
  "公司代號": 6924,
  "營業收入-當月營收": 141324000
 },
 "2024-12": {
  "_src": "finmind",
  "公司代號": 6924,
  "營業收入-當月營收": 162711000
 },
 "2025-01": {
  "_src": "finmind",
  "公司代號": 6924,
  "營業收入-當月營收": 170310000
 },
 "2025-02": {
  "_src": "finmind",
  "公司代號": 6924,
  "營業收入-當月營收": 129344000
 },
 "2025-03": {
  "_src": "finmind",
  "公司代號": 6924,
  "營業收入-當月營收": 144439000
 },
 "2025-04": {
  "_src": "finmind",
  "公司代號": 6924,
  "營業收入-當月營收": 133363000
 },
 "2025-05": {
  "_src": "finmind",
  "公司代號": 6924,
  "營業收入-當月營收": 136400000
 },
 "2025-06": {
  "_src": "finmind",
  "公司代號": 6924,
  "營業收入-當月營收": 153526000
 },
 "2025-07": {
  "_src": "finmind",
  "公司代號": 6924,
  "營業收入-當月營收": 147144000
 },
 "2025-08": {
  "_src": "finmind",
  "公司代號": 6924,
  "營業收入-當月營收": 131160000
 },
 "2025-09": {
  "_src": "finmind",
  "公司代號": 6924,
  "營業收入-當月營收": 121009000
 },
 "2025-10": {
  "_src": "finmind",
  "公司代號": 6924,
  "營業收入-當月營收": 140669000
 },
 "2025-11": {
  "_src": "finmind",
  "公司代號": 6924,
  "營業收入-當月營收": 138604000
 },
 "2025-12": {
  "_src": "finmind",
  "公司代號": 6924,
  "營業收入-當月營收": 147751000
 },
 "2026-01": {
  "_src": "finmind",
  "公司代號": 6924,
  "營業收入-當月營收": 176441000
 },
 "2026-02": {
  "_src": "finmind",
  "公司代號": 6924,
  "營業收入-當月營收": 154271000
 },
 "2026-03": {
  "_src": "finmind",
  "公司代號": 6924,
  "營業收入-當月營收": 141575000
 },
 "2026-04": {
  "_src": "finmind",
  "公司代號": 6924,
  "營業收入-當月營收": 205890000
 },
 "2026-05": {
  "備註": null,
  "公司代號": 6924,
  "公司名稱": "榮惠-KY創",
  "營業收入-上月比較增減(%)": -31.13167225217349,
  "營業收入-上月營收": 205890,
  "營業收入-去年同月增減(%)": 3.9538123167155423,
  "營業收入-去年當月營收": 136400,
  "營業收入-當月營收": 141793,
  "產業別": "電子零組件業",
  "累計營業收入-前期比較增減(%)": 14.864902725479649,
  "累計營業收入-去年累計營收": 713856,
  "累計營業收入-當月累計營收": 819970,
  "資料年月": 11505
 },
 "2026-06": {
  "備註": null,
  "公司代號": 6924,
  "公司名稱": "榮惠-KY創",
  "營業收入-上月比較增減(%)": 16.426762957268693,
  "營業收入-上月營收": 141793,
  "營業收入-去年同月增減(%)": 7.529017886221227,
  "營業收入-去年當月營收": 153526,
  "營業收入-當月營收": 165085,
  "產業別": "電子零組件業",
  "累計營業收入-前期比較增減(%)": 13.566456301837022,
  "累計營業收入-去年累計營收": 867382,
  "累計營業收入-當月累計營收": 985055,
  "資料年月": 11506
 }
}