{
 "2025-03": {
  "_src": "finmind",
  "公司代號": 6925,
  "營業收入-當月營收": 14402000
 },
 "2025-04": {
  "_src": "finmind",
  "公司代號": 6925,
  "營業收入-當月營收": 15692000
 },
 "2025-05": {
  "_src": "finmind",
  "公司代號": 6925,
  "營業收入-當月營收": 16286000
 },
 "2025-06": {
  "_src": "finmind",
  "公司代號": 6925,
  "營業收入-當月營收": 17238000
 },
 "2025-07": {
  "_src": "finmind",
  "公司代號": 6925,
  "營業收入-當月營收": 16934000
 },
 "2025-08": {
  "_src": "finmind",
  "公司代號": 6925,
  "營業收入-當月營收": 16920000
 },
 "2025-09": {
  "_src": "finmind",
  "公司代號": 6925,
  "營業收入-當月營收": 19841000
 },
 "2025-10": {
  "_src": "finmind",
  "公司代號": 6925,
  "營業收入-當月營收": 19892000
 },
 "2025-11": {
  "_src": "finmind",
  "公司代號": 6925,
  "營業收入-當月營收": 22023000
 },
 "2025-12": {
  "_src": "finmind",
  "公司代號": 6925,
  "營業收入-當月營收": 21387000
 },
 "2026-01": {
  "_src": "finmind",
  "公司代號": 6925,
  "營業收入-當月營收": 15501000
 },
 "2026-02": {
  "_src": "finmind",
  "公司代號": 6925,
  "營業收入-當月營收": 15330000
 },
 "2026-03": {
  "_src": "finmind",
  "公司代號": 6925,
  "營業收入-當月營收": 15850000
 },
 "2026-04": {
  "_src": "finmind",
  "公司代號": 6925,
  "營業收入-當月營收": 16771000
 },
 "2026-05": {
  "備註": null,
  "公司代號": 6925,
  "公司名稱": "意藍",
  "營業收入-上月比較增減(%)": 1.425079005426033,
  "營業收入-上月營收": 16771,
  "營業收入-去年同月增減(%)": 4.445536043227312,
  "營業收入-去年當月營收": 16286,
  "營業收入-當月營收": 17010,
  "產業別": "數位雲端",
  "累計營業收入-前期比較增減(%)": 5.936566034258028,
  "累計營業收入-去年累計營收": 75953,
  "累計營業收入-當月累計營收": 80462,
  "資料年月": 11505
 }
}