{
 "2024-03": {
  "_src": "finmind",
  "公司代號": 6928,
  "營業收入-當月營收": 196316000
 },
 "2024-04": {
  "_src": "finmind",
  "公司代號": 6928,
  "營業收入-當月營收": 206661000
 },
 "2024-05": {
  "_src": "finmind",
  "公司代號": 6928,
  "營業收入-當月營收": 155381000
 },
 "2024-06": {
  "_src": "finmind",
  "公司代號": 6928,
  "營業收入-當月營收": 210673000
 },
 "2024-07": {
  "_src": "finmind",
  "公司代號": 6928,
  "營業收入-當月營收": 88027000
 },
 "2024-08": {
  "_src": "finmind",
  "公司代號": 6928,
  "營業收入-當月營收": 250385000
 },
 "2024-09": {
  "_src": "finmind",
  "公司代號": 6928,
  "營業收入-當月營收": 110560000
 },
 "2024-10": {
  "_src": "finmind",
  "公司代號": 6928,
  "營業收入-當月營收": 135453000
 },
 "2024-11": {
  "_src": "finmind",
  "公司代號": 6928,
  "營業收入-當月營收": 211626000
 },
 "2024-12": {
  "_src": "finmind",
  "公司代號": 6928,
  "營業收入-當月營收": 136138000
 },
 "2025-01": {
  "_src": "finmind",
  "公司代號": 6928,
  "營業收入-當月營收": 215428000
 },
 "2025-02": {
  "_src": "finmind",
  "公司代號": 6928,
  "營業收入-當月營收": 183659000
 },
 "2025-03": {
  "_src": "finmind",
  "公司代號": 6928,
  "營業收入-當月營收": 212027000
 },
 "2025-04": {
  "_src": "finmind",
  "公司代號": 6928,
  "營業收入-當月營收": 163914000
 },
 "2025-05": {
  "_src": "finmind",
  "公司代號": 6928,
  "營業收入-當月營收": 118649000
 },
 "2025-06": {
  "_src": "finmind",
  "公司代號": 6928,
  "營業收入-當月營收": 253473000
 },
 "2025-07": {
  "_src": "finmind",
  "公司代號": 6928,
  "營業收入-當月營收": 153974000
 },
 "2025-08": {
  "_src": "finmind",
  "公司代號": 6928,
  "營業收入-當月營收": 195121000
 },
 "2025-09": {
  "_src": "finmind",
  "公司代號": 6928,
  "營業收入-當月營收": 133162000
 },
 "2025-10": {
  "_src": "finmind",
  "公司代號": 6928,
  "營業收入-當月營收": 110425000
 },
 "2025-11": {
  "_src": "finmind",
  "公司代號": 6928,
  "營業收入-當月營收": 111178000
 },
 "2025-12": {
  "_src": "finmind",
  "公司代號": 6928,
  "營業收入-當月營收": 115693000
 },
 "2026-01": {
  "_src": "finmind",
  "公司代號": 6928,
  "營業收入-當月營收": 237433000
 },
 "2026-02": {
  "_src": "finmind",
  "公司代號": 6928,
  "營業收入-當月營收": 136910000
 },
 "2026-03": {
  "_src": "finmind",
  "公司代號": 6928,
  "營業收入-當月營收": 173514000
 },
 "2026-04": {
  "_src": "finmind",
  "公司代號": 6928,
  "營業收入-當月營收": 130526000
 },
 "2026-05": {
  "備註": null,
  "公司代號": 6928,
  "公司名稱": "攸泰科技",
  "營業收入-上月比較增減(%)": -7.4950584557865865,
  "營業收入-上月營收": 130526,
  "營業收入-去年同月增減(%)": 1.7648694889969574,
  "營業收入-去年當月營收": 118649,
  "營業收入-當月營收": 120743,
  "產業別": "電腦及週邊設備業",
  "累計營業收入-前期比較增減(%)": -10.57999702353311,
  "累計營業收入-去年累計營收": 893677,
  "累計營業收入-當月累計營收": 799126,
  "資料年月": 11505
 }
}