{
 "2024-01": {
  "_src": "finmind",
  "公司代號": 6929,
  "營業收入-當月營收": 279348000
 },
 "2024-02": {
  "_src": "finmind",
  "公司代號": 6929,
  "營業收入-當月營收": 267005000
 },
 "2024-03": {
  "_src": "finmind",
  "公司代號": 6929,
  "營業收入-當月營收": 269076000
 },
 "2024-04": {
  "_src": "finmind",
  "公司代號": 6929,
  "營業收入-當月營收": 286233000
 },
 "2024-05": {
  "_src": "finmind",
  "公司代號": 6929,
  "營業收入-當月營收": 270115000
 },
 "2024-06": {
  "_src": "finmind",
  "公司代號": 6929,
  "營業收入-當月營收": 267529000
 },
 "2024-07": {
  "_src": "finmind",
  "公司代號": 6929,
  "營業收入-當月營收": 267885000
 },
 "2024-08": {
  "_src": "finmind",
  "公司代號": 6929,
  "營業收入-當月營收": 274142000
 },
 "2024-09": {
  "_src": "finmind",
  "公司代號": 6929,
  "營業收入-當月營收": 270561000
 },
 "2024-10": {
  "_src": "finmind",
  "公司代號": 6929,
  "營業收入-當月營收": 263499000
 },
 "2024-11": {
  "_src": "finmind",
  "公司代號": 6929,
  "營業收入-當月營收": 271797000
 },
 "2024-12": {
  "_src": "finmind",
  "公司代號": 6929,
  "營業收入-當月營收": 279346000
 },
 "2025-01": {
  "_src": "finmind",
  "公司代號": 6929,
  "營業收入-當月營收": 282064000
 },
 "2025-02": {
  "_src": "finmind",
  "公司代號": 6929,
  "營業收入-當月營收": 250547000
 },
 "2025-03": {
  "_src": "finmind",
  "公司代號": 6929,
  "營業收入-當月營收": 265261000
 },
 "2025-04": {
  "_src": "finmind",
  "公司代號": 6929,
  "營業收入-當月營收": 264405000
 },
 "2025-05": {
  "_src": "finmind",
  "公司代號": 6929,
  "營業收入-當月營收": 283371000
 },
 "2025-06": {
  "_src": "finmind",
  "公司代號": 6929,
  "營業收入-當月營收": 269064000
 },
 "2025-07": {
  "_src": "finmind",
  "公司代號": 6929,
  "營業收入-當月營收": 266505000
 },
 "2025-08": {
  "_src": "finmind",
  "公司代號": 6929,
  "營業收入-當月營收": 269882000
 },
 "2025-09": {
  "_src": "finmind",
  "公司代號": 6929,
  "營業收入-當月營收": 253162000
 },
 "2025-10": {
  "_src": "finmind",
  "公司代號": 6929,
  "營業收入-當月營收": 271874000
 },
 "2025-11": {
  "_src": "finmind",
  "公司代號": 6929,
  "營業收入-當月營收": 273596000
 },
 "2025-12": {
  "_src": "finmind",
  "公司代號": 6929,
  "營業收入-當月營收": 272072000
 },
 "2026-01": {
  "_src": "finmind",
  "公司代號": 6929,
  "營業收入-當月營收": 264841000
 },
 "2026-02": {
  "_src": "finmind",
  "公司代號": 6929,
  "營業收入-當月營收": 260045000
 },
 "2026-03": {
  "_src": "finmind",
  "公司代號": 6929,
  "營業收入-當月營收": 272005000
 },
 "2026-04": {
  "_src": "finmind",
  "公司代號": 6929,
  "營業收入-當月營收": 262339000
 },
 "2026-05": {
  "備註": null,
  "公司代號": 6929,
  "公司名稱": "佑全",
  "營業收入-上月比較增減(%)": 7.828420478846073,
  "營業收入-上月營收": 262339,
  "營業收入-去年同月增減(%)": -0.17468265983463374,
  "營業收入-去年當月營收": 283371,
  "營業收入-當月營收": 282876,
  "產業別": "生技醫療業",
  "累計營業收入-前期比較增減(%)": -0.26321891014589255,
  "累計營業收入-去年累計營收": 1345648,
  "累計營業收入-當月累計營收": 1342106,
  "資料年月": 11505
 },
 "2026-06": {
  "備註": null,
  "公司代號": 6929,
  "公司名稱": "佑全",
  "營業收入-上月比較增減(%)": -9.00924786832393,
  "營業收入-上月營收": 282876,
  "營業收入-去年同月增減(%)": -4.338373026491839,
  "營業收入-去年當月營收": 269064,
  "營業收入-當月營收": 257391,
  "產業別": "生技醫療業",
  "累計營業收入-前期比較增減(%)": -0.9422732970337745,
  "累計營業收入-去年累計營收": 1614712,
  "累計營業收入-當月累計營收": 1599497,
  "資料年月": 11506
 }
}