{
 "2024-11": {
  "_src": "finmind",
  "公司代號": 6931,
  "營業收入-當月營收": 85291000
 },
 "2024-12": {
  "_src": "finmind",
  "公司代號": 6931,
  "營業收入-當月營收": 88812000
 },
 "2025-01": {
  "_src": "finmind",
  "公司代號": 6931,
  "營業收入-當月營收": 83947000
 },
 "2025-02": {
  "_src": "finmind",
  "公司代號": 6931,
  "營業收入-當月營收": 84277000
 },
 "2025-03": {
  "_src": "finmind",
  "公司代號": 6931,
  "營業收入-當月營收": 89824000
 },
 "2025-04": {
  "_src": "finmind",
  "公司代號": 6931,
  "營業收入-當月營收": 93806000
 },
 "2025-05": {
  "_src": "finmind",
  "公司代號": 6931,
  "營業收入-當月營收": 95668000
 },
 "2025-06": {
  "_src": "finmind",
  "公司代號": 6931,
  "營業收入-當月營收": 92913000
 },
 "2025-07": {
  "_src": "finmind",
  "公司代號": 6931,
  "營業收入-當月營收": 90292000
 },
 "2025-08": {
  "_src": "finmind",
  "公司代號": 6931,
  "營業收入-當月營收": 94171000
 },
 "2025-09": {
  "_src": "finmind",
  "公司代號": 6931,
  "營業收入-當月營收": 100026000
 },
 "2025-10": {
  "_src": "finmind",
  "公司代號": 6931,
  "營業收入-當月營收": 97753000
 },
 "2025-11": {
  "_src": "finmind",
  "公司代號": 6931,
  "營業收入-當月營收": 96866000
 },
 "2025-12": {
  "_src": "finmind",
  "公司代號": 6931,
  "營業收入-當月營收": 102153000
 },
 "2026-01": {
  "_src": "finmind",
  "公司代號": 6931,
  "營業收入-當月營收": 105185000
 },
 "2026-02": {
  "_src": "finmind",
  "公司代號": 6931,
  "營業收入-當月營收": 89639000
 },
 "2026-03": {
  "_src": "finmind",
  "公司代號": 6931,
  "營業收入-當月營收": 109802000
 },
 "2026-04": {
  "_src": "finmind",
  "公司代號": 6931,
  "營業收入-當月營收": 105742000
 },
 "2026-05": {
  "備註": null,
  "公司代號": 6931,
  "公司名稱": "青松健康",
  "營業收入-上月比較增減(%)": 3.6390459798377184,
  "營業收入-上月營收": 105742,
  "營業收入-去年同月增減(%)": 14.552410419366977,
  "營業收入-去年當月營收": 95668,
  "營業收入-當月營收": 109590,
  "產業別": "生技醫療業",
  "累計營業收入-前期比較增減(%)": 16.186019905166674,
  "累計營業收入-去年累計營收": 447522,
  "累計營業收入-當月累計營收": 519958,
  "資料年月": 11505
 }
}