{
 "2025-11": {
  "_src": "finmind",
  "公司代號": 6934,
  "營業收入-當月營收": 70823000
 },
 "2025-12": {
  "_src": "finmind",
  "公司代號": 6934,
  "營業收入-當月營收": 11277000
 },
 "2026-01": {
  "_src": "finmind",
  "公司代號": 6934,
  "營業收入-當月營收": 41000
 },
 "2026-02": {
  "_src": "finmind",
  "公司代號": 6934,
  "營業收入-當月營收": 18000
 },
 "2026-03": {
  "_src": "finmind",
  "公司代號": 6934,
  "營業收入-當月營收": 3626000
 },
 "2026-04": {
  "_src": "finmind",
  "公司代號": 6934,
  "營業收入-當月營收": 4507000
 },
 "2026-05": {
  "備註": "公司非每月固定出貨銷售，需搭配客戶及市場銷售策略作調整，故有此差異",
  "公司代號": 6934,
  "公司名稱": "心誠鎂",
  "出表日期": 1150617,
  "營業收入-上月比較增減(%)": -99.51187042378523,
  "營業收入-上月營收": 4507,
  "營業收入-去年同月增減(%)": -98.81209503239741,
  "營業收入-去年當月營收": 1852,
  "營業收入-當月營收": 22,
  "產業別": "生技醫療業",
  "累計營業收入-前期比較增減(%)": -24.134109171515654,
  "累計營業收入-去年累計營收": 10827,
  "累計營業收入-當月累計營收": 8214,
  "資料年月": 11505
 }
}