{
 "2025-02": {
  "_src": "finmind",
  "公司代號": 6936,
  "營業收入-當月營收": 104617000
 },
 "2025-03": {
  "_src": "finmind",
  "公司代號": 6936,
  "營業收入-當月營收": 114328000
 },
 "2025-04": {
  "_src": "finmind",
  "公司代號": 6936,
  "營業收入-當月營收": 103976000
 },
 "2025-05": {
  "_src": "finmind",
  "公司代號": 6936,
  "營業收入-當月營收": 105755000
 },
 "2025-06": {
  "_src": "finmind",
  "公司代號": 6936,
  "營業收入-當月營收": 117781000
 },
 "2025-07": {
  "_src": "finmind",
  "公司代號": 6936,
  "營業收入-當月營收": 128720000
 },
 "2025-08": {
  "_src": "finmind",
  "公司代號": 6936,
  "營業收入-當月營收": 121353000
 },
 "2025-09": {
  "_src": "finmind",
  "公司代號": 6936,
  "營業收入-當月營收": 125096000
 },
 "2025-10": {
  "_src": "finmind",
  "公司代號": 6936,
  "營業收入-當月營收": 118421000
 },
 "2025-11": {
  "_src": "finmind",
  "公司代號": 6936,
  "營業收入-當月營收": 134129000
 },
 "2025-12": {
  "_src": "finmind",
  "公司代號": 6936,
  "營業收入-當月營收": 120135000
 },
 "2026-01": {
  "_src": "finmind",
  "公司代號": 6936,
  "營業收入-當月營收": 143810000
 },
 "2026-02": {
  "_src": "finmind",
  "公司代號": 6936,
  "營業收入-當月營收": 92334000
 },
 "2026-03": {
  "_src": "finmind",
  "公司代號": 6936,
  "營業收入-當月營收": 132278000
 },
 "2026-04": {
  "_src": "finmind",
  "公司代號": 6936,
  "營業收入-當月營收": 132258000
 },
 "2026-05": {
  "備註": null,
  "公司代號": 6936,
  "公司名稱": "永鴻生技",
  "營業收入-上月比較增減(%)": -4.633368113838104,
  "營業收入-上月營收": 132258,
  "營業收入-去年同月增減(%)": 19.266228547113613,
  "營業收入-去年當月營收": 105755,
  "營業收入-當月營收": 126130,
  "產業別": "生技醫療業",
  "累計營業收入-前期比較增減(%)": 13.864632588962138,
  "累計營業收入-去年累計營收": 550487,
  "累計營業收入-當月累計營收": 626810,
  "資料年月": 11505
 }
}