{
 "2025-03": {
  "_src": "finmind",
  "公司代號": 6944,
  "營業收入-當月營收": 1225711000
 },
 "2025-04": {
  "_src": "finmind",
  "公司代號": 6944,
  "營業收入-當月營收": 1148830000
 },
 "2025-05": {
  "_src": "finmind",
  "公司代號": 6944,
  "營業收入-當月營收": 1127621000
 },
 "2025-06": {
  "_src": "finmind",
  "公司代號": 6944,
  "營業收入-當月營收": 1455291000
 },
 "2025-07": {
  "_src": "finmind",
  "公司代號": 6944,
  "營業收入-當月營收": 1391236000
 },
 "2025-08": {
  "_src": "finmind",
  "公司代號": 6944,
  "營業收入-當月營收": 1447070000
 },
 "2025-09": {
  "_src": "finmind",
  "公司代號": 6944,
  "營業收入-當月營收": 1947418000
 },
 "2025-10": {
  "_src": "finmind",
  "公司代號": 6944,
  "營業收入-當月營收": 1530720000
 },
 "2025-11": {
  "_src": "finmind",
  "公司代號": 6944,
  "營業收入-當月營收": 1810256000
 },
 "2025-12": {
  "_src": "finmind",
  "公司代號": 6944,
  "營業收入-當月營收": 2014675000
 },
 "2026-01": {
  "_src": "finmind",
  "公司代號": 6944,
  "營業收入-當月營收": 1377223000
 },
 "2026-02": {
  "_src": "finmind",
  "公司代號": 6944,
  "營業收入-當月營收": 1816507000
 },
 "2026-03": {
  "_src": "finmind",
  "公司代號": 6944,
  "營業收入-當月營收": 1513132000
 },
 "2026-04": {
  "_src": "finmind",
  "公司代號": 6944,
  "營業收入-當月營收": 1517412000
 },
 "2026-05": {
  "備註": null,
  "公司代號": 6944,
  "公司名稱": "兆聯實業",
  "出表日期": 1150617,
  "營業收入-上月比較增減(%)": 10.152219700384602,
  "營業收入-上月營收": 1517412,
  "營業收入-去年同月增減(%)": 48.22914791405978,
  "營業收入-去年當月營收": 1127621,
  "營業收入-當月營收": 1671463,
  "產業別": "綠能環保",
  "累計營業收入-前期比較增減(%)": 48.520659750143665,
  "累計營業收入-去年累計營收": 5316255,
  "累計營業收入-當月累計營收": 7895737,
  "資料年月": 11505
 }
}