{
 "2024-01": {
  "_src": "finmind",
  "公司代號": 6949,
  "營業收入-當月營收": 1536000
 },
 "2024-02": {
  "_src": "finmind",
  "公司代號": 6949,
  "營業收入-當月營收": 1649000
 },
 "2024-03": {
  "_src": "finmind",
  "公司代號": 6949,
  "營業收入-當月營收": 1814000
 },
 "2024-04": {
  "_src": "finmind",
  "公司代號": 6949,
  "營業收入-當月營收": 2176000
 },
 "2024-05": {
  "_src": "finmind",
  "公司代號": 6949,
  "營業收入-當月營收": 1459000
 },
 "2024-06": {
  "_src": "finmind",
  "公司代號": 6949,
  "營業收入-當月營收": 1379000
 },
 "2024-07": {
  "_src": "finmind",
  "公司代號": 6949,
  "營業收入-當月營收": 1736000
 },
 "2024-08": {
  "_src": "finmind",
  "公司代號": 6949,
  "營業收入-當月營收": 1502000
 },
 "2024-09": {
  "_src": "finmind",
  "公司代號": 6949,
  "營業收入-當月營收": 1742000
 },
 "2024-10": {
  "_src": "finmind",
  "公司代號": 6949,
  "營業收入-當月營收": 1403000
 },
 "2024-11": {
  "_src": "finmind",
  "公司代號": 6949,
  "營業收入-當月營收": 1567000
 },
 "2024-12": {
  "_src": "finmind",
  "公司代號": 6949,
  "營業收入-當月營收": 1833000
 },
 "2025-01": {
  "_src": "finmind",
  "公司代號": 6949,
  "營業收入-當月營收": 9139000
 },
 "2025-02": {
  "_src": "finmind",
  "公司代號": 6949,
  "營業收入-當月營收": 1223000
 },
 "2025-03": {
  "_src": "finmind",
  "公司代號": 6949,
  "營業收入-當月營收": 1406000
 },
 "2025-04": {
  "_src": "finmind",
  "公司代號": 6949,
  "營業收入-當月營收": 1429000
 },
 "2025-05": {
  "_src": "finmind",
  "公司代號": 6949,
  "營業收入-當月營收": 2265000
 },
 "2025-06": {
  "_src": "finmind",
  "公司代號": 6949,
  "營業收入-當月營收": 2180000
 },
 "2025-07": {
  "_src": "finmind",
  "公司代號": 6949,
  "營業收入-當月營收": 3256000
 },
 "2025-08": {
  "_src": "finmind",
  "公司代號": 6949,
  "營業收入-當月營收": 2454000
 },
 "2025-09": {
  "_src": "finmind",
  "公司代號": 6949,
  "營業收入-當月營收": 1888000
 },
 "2025-10": {
  "_src": "finmind",
  "公司代號": 6949,
  "營業收入-當月營收": 2154000
 },
 "2025-11": {
  "_src": "finmind",
  "公司代號": 6949,
  "營業收入-當月營收": 1692000
 },
 "2025-12": {
  "_src": "finmind",
  "公司代號": 6949,
  "營業收入-當月營收": 2316000
 },
 "2026-01": {
  "_src": "finmind",
  "公司代號": 6949,
  "營業收入-當月營收": 1979000
 },
 "2026-02": {
  "_src": "finmind",
  "公司代號": 6949,
  "營業收入-當月營收": 1971000
 },
 "2026-03": {
  "_src": "finmind",
  "公司代號": 6949,
  "營業收入-當月營收": 2454000
 },
 "2026-04": {
  "_src": "finmind",
  "公司代號": 6949,
  "營業收入-當月營收": 2971000
 },
 "2026-05": {
  "備註": null,
  "公司代號": 6949,
  "公司名稱": "沛爾生醫-創",
  "營業收入-上月比較增減(%)": -9.424436216762032,
  "營業收入-上月營收": 2971,
  "營業收入-去年同月增減(%)": 18.807947019867548,
  "營業收入-去年當月營收": 2265,
  "營業收入-當月營收": 2691,
  "產業別": "生技醫療業",
  "累計營業收入-前期比較增減(%)": -22.11227525546501,
  "累計營業收入-去年累計營收": 15462,
  "累計營業收入-當月累計營收": 12043,
  "資料年月": 11505
 },
 "2026-06": {
  "備註": "本月較去年同期增加係因細胞治療案件數量增加。",
  "公司代號": 6949,
  "公司名稱": "沛爾生醫-創",
  "營業收入-上月比較增減(%)": 21.701969528056484,
  "營業收入-上月營收": 2691,
  "營業收入-去年同月增減(%)": 50.22935779816514,
  "營業收入-去年當月營收": 2180,
  "營業收入-當月營收": 3275,
  "產業別": "生技醫療業",
  "累計營業收入-前期比較增減(%)": -13.173109624759098,
  "累計營業收入-去年累計營收": 17642,
  "累計營業收入-當月累計營收": 15318,
  "資料年月": 11506
 }
}