{
 "2024-04": {
  "_src": "finmind",
  "公司代號": 6951,
  "營業收入-當月營收": 47624000
 },
 "2024-05": {
  "_src": "finmind",
  "公司代號": 6951,
  "營業收入-當月營收": 56818000
 },
 "2024-06": {
  "_src": "finmind",
  "公司代號": 6951,
  "營業收入-當月營收": 53306000
 },
 "2024-07": {
  "_src": "finmind",
  "公司代號": 6951,
  "營業收入-當月營收": 65600000
 },
 "2024-08": {
  "_src": "finmind",
  "公司代號": 6951,
  "營業收入-當月營收": 68462000
 },
 "2024-09": {
  "_src": "finmind",
  "公司代號": 6951,
  "營業收入-當月營收": 74426000
 },
 "2024-10": {
  "_src": "finmind",
  "公司代號": 6951,
  "營業收入-當月營收": 72379000
 },
 "2024-11": {
  "_src": "finmind",
  "公司代號": 6951,
  "營業收入-當月營收": 69499000
 },
 "2024-12": {
  "_src": "finmind",
  "公司代號": 6951,
  "營業收入-當月營收": 59827000
 },
 "2025-01": {
  "_src": "finmind",
  "公司代號": 6951,
  "營業收入-當月營收": 60865000
 },
 "2025-02": {
  "_src": "finmind",
  "公司代號": 6951,
  "營業收入-當月營收": 53082000
 },
 "2025-03": {
  "_src": "finmind",
  "公司代號": 6951,
  "營業收入-當月營收": 58746000
 },
 "2025-04": {
  "_src": "finmind",
  "公司代號": 6951,
  "營業收入-當月營收": 58773000
 },
 "2025-05": {
  "_src": "finmind",
  "公司代號": 6951,
  "營業收入-當月營收": 66698000
 },
 "2025-06": {
  "_src": "finmind",
  "公司代號": 6951,
  "營業收入-當月營收": 62530000
 },
 "2025-07": {
  "_src": "finmind",
  "公司代號": 6951,
  "營業收入-當月營收": 67411000
 },
 "2025-08": {
  "_src": "finmind",
  "公司代號": 6951,
  "營業收入-當月營收": 78641000
 },
 "2025-09": {
  "_src": "finmind",
  "公司代號": 6951,
  "營業收入-當月營收": 104718000
 },
 "2025-10": {
  "_src": "finmind",
  "公司代號": 6951,
  "營業收入-當月營收": 86081000
 },
 "2025-11": {
  "_src": "finmind",
  "公司代號": 6951,
  "營業收入-當月營收": 84662000
 },
 "2025-12": {
  "_src": "finmind",
  "公司代號": 6951,
  "營業收入-當月營收": 83411000
 },
 "2026-01": {
  "_src": "finmind",
  "公司代號": 6951,
  "營業收入-當月營收": 73950000
 },
 "2026-02": {
  "_src": "finmind",
  "公司代號": 6951,
  "營業收入-當月營收": 62544000
 },
 "2026-03": {
  "_src": "finmind",
  "公司代號": 6951,
  "營業收入-當月營收": 73288000
 },
 "2026-04": {
  "_src": "finmind",
  "公司代號": 6951,
  "營業收入-當月營收": 78306000
 },
 "2026-05": {
  "備註": null,
  "公司代號": 6951,
  "公司名稱": "青新-創",
  "營業收入-上月比較增減(%)": -1.6026868950016602,
  "營業收入-上月營收": 78306,
  "營業收入-去年同月增減(%)": 15.522204563854988,
  "營業收入-去年當月營收": 66698,
  "營業收入-當月營收": 77051,
  "產業別": "綠能環保",
  "累計營業收入-前期比較增減(%)": 22.46213493245328,
  "累計營業收入-去年累計營收": 298164,
  "累計營業收入-當月累計營收": 365138,
  "資料年月": 11505
 }
}