{
 "2024-04": {
  "_src": "finmind",
  "公司代號": 6952,
  "營業收入-當月營收": 100022000
 },
 "2024-05": {
  "_src": "finmind",
  "公司代號": 6952,
  "營業收入-當月營收": 88808000
 },
 "2024-06": {
  "_src": "finmind",
  "公司代號": 6952,
  "營業收入-當月營收": 99303000
 },
 "2024-07": {
  "_src": "finmind",
  "公司代號": 6952,
  "營業收入-當月營收": 105726000
 },
 "2024-08": {
  "_src": "finmind",
  "公司代號": 6952,
  "營業收入-當月營收": 98492000
 },
 "2024-09": {
  "_src": "finmind",
  "公司代號": 6952,
  "營業收入-當月營收": 94850000
 },
 "2024-10": {
  "_src": "finmind",
  "公司代號": 6952,
  "營業收入-當月營收": 102812000
 },
 "2024-11": {
  "_src": "finmind",
  "公司代號": 6952,
  "營業收入-當月營收": 96069000
 },
 "2024-12": {
  "_src": "finmind",
  "公司代號": 6952,
  "營業收入-當月營收": 94425000
 },
 "2025-01": {
  "_src": "finmind",
  "公司代號": 6952,
  "營業收入-當月營收": 92785000
 },
 "2025-02": {
  "_src": "finmind",
  "公司代號": 6952,
  "營業收入-當月營收": 69977000
 },
 "2025-03": {
  "_src": "finmind",
  "公司代號": 6952,
  "營業收入-當月營收": 61251000
 },
 "2025-04": {
  "_src": "finmind",
  "公司代號": 6952,
  "營業收入-當月營收": 130200000
 },
 "2025-05": {
  "_src": "finmind",
  "公司代號": 6952,
  "營業收入-當月營收": 162853000
 },
 "2025-06": {
  "_src": "finmind",
  "公司代號": 6952,
  "營業收入-當月營收": 147864000
 },
 "2025-07": {
  "_src": "finmind",
  "公司代號": 6952,
  "營業收入-當月營收": 172891000
 },
 "2025-08": {
  "_src": "finmind",
  "公司代號": 6952,
  "營業收入-當月營收": 186711000
 },
 "2025-09": {
  "_src": "finmind",
  "公司代號": 6952,
  "營業收入-當月營收": 185564000
 },
 "2025-10": {
  "_src": "finmind",
  "公司代號": 6952,
  "營業收入-當月營收": 176847000
 },
 "2025-11": {
  "_src": "finmind",
  "公司代號": 6952,
  "營業收入-當月營收": 181937000
 },
 "2025-12": {
  "_src": "finmind",
  "公司代號": 6952,
  "營業收入-當月營收": 190090000
 },
 "2026-01": {
  "_src": "finmind",
  "公司代號": 6952,
  "營業收入-當月營收": 200611000
 },
 "2026-02": {
  "_src": "finmind",
  "公司代號": 6952,
  "營業收入-當月營收": 167264000
 },
 "2026-03": {
  "_src": "finmind",
  "公司代號": 6952,
  "營業收入-當月營收": 193914000
 },
 "2026-04": {
  "_src": "finmind",
  "公司代號": 6952,
  "營業收入-當月營收": 200192000
 },
 "2026-05": {
  "備註": null,
  "公司代號": 6952,
  "公司名稱": "大武山",
  "出表日期": 1150617,
  "營業收入-上月比較增減(%)": -4.280890345268542,
  "營業收入-上月營收": 200192,
  "營業收入-去年同月增減(%)": 17.665624827298238,
  "營業收入-去年當月營收": 162853,
  "營業收入-當月營收": 191622,
  "產業別": "其他",
  "累計營業收入-前期比較增減(%)": 35.74593838212874,
  "累計營業收入-去年累計營收": 702491,
  "累計營業收入-當月累計營收": 953603,
  "資料年月": 11505
 }
}