{
 "2024-03": {
  "_src": "finmind",
  "公司代號": 6953,
  "營業收入-當月營收": 120053000
 },
 "2024-04": {
  "_src": "finmind",
  "公司代號": 6953,
  "營業收入-當月營收": 114494000
 },
 "2024-05": {
  "_src": "finmind",
  "公司代號": 6953,
  "營業收入-當月營收": 134330000
 },
 "2024-06": {
  "_src": "finmind",
  "公司代號": 6953,
  "營業收入-當月營收": 112927000
 },
 "2024-07": {
  "_src": "finmind",
  "公司代號": 6953,
  "營業收入-當月營收": 105278000
 },
 "2024-08": {
  "_src": "finmind",
  "公司代號": 6953,
  "營業收入-當月營收": 105818000
 },
 "2024-09": {
  "_src": "finmind",
  "公司代號": 6953,
  "營業收入-當月營收": 95933000
 },
 "2024-10": {
  "_src": "finmind",
  "公司代號": 6953,
  "營業收入-當月營收": 107017000
 },
 "2024-11": {
  "_src": "finmind",
  "公司代號": 6953,
  "營業收入-當月營收": 96122000
 },
 "2024-12": {
  "_src": "finmind",
  "公司代號": 6953,
  "營業收入-當月營收": 98637000
 },
 "2025-01": {
  "_src": "finmind",
  "公司代號": 6953,
  "營業收入-當月營收": 57144000
 },
 "2025-02": {
  "_src": "finmind",
  "公司代號": 6953,
  "營業收入-當月營收": 60506000
 },
 "2025-03": {
  "_src": "finmind",
  "公司代號": 6953,
  "營業收入-當月營收": 129133000
 },
 "2025-04": {
  "_src": "finmind",
  "公司代號": 6953,
  "營業收入-當月營收": 101322000
 },
 "2025-05": {
  "_src": "finmind",
  "公司代號": 6953,
  "營業收入-當月營收": 128158000
 },
 "2025-06": {
  "_src": "finmind",
  "公司代號": 6953,
  "營業收入-當月營收": 115739000
 },
 "2025-07": {
  "_src": "finmind",
  "公司代號": 6953,
  "營業收入-當月營收": 121818000
 },
 "2025-08": {
  "_src": "finmind",
  "公司代號": 6953,
  "營業收入-當月營收": 112408000
 },
 "2025-09": {
  "_src": "finmind",
  "公司代號": 6953,
  "營業收入-當月營收": 103047000
 },
 "2025-10": {
  "_src": "finmind",
  "公司代號": 6953,
  "營業收入-當月營收": 102742000
 },
 "2025-11": {
  "_src": "finmind",
  "公司代號": 6953,
  "營業收入-當月營收": 104253000
 },
 "2025-12": {
  "_src": "finmind",
  "公司代號": 6953,
  "營業收入-當月營收": 188069000
 },
 "2026-01": {
  "_src": "finmind",
  "公司代號": 6953,
  "營業收入-當月營收": 92809000
 },
 "2026-02": {
  "_src": "finmind",
  "公司代號": 6953,
  "營業收入-當月營收": 85541000
 },
 "2026-03": {
  "_src": "finmind",
  "公司代號": 6953,
  "營業收入-當月營收": 86936000
 },
 "2026-04": {
  "_src": "finmind",
  "公司代號": 6953,
  "營業收入-當月營收": 115250000
 },
 "2026-05": {
  "備註": null,
  "公司代號": 6953,
  "公司名稱": "家碩",
  "出表日期": 1150617,
  "營業收入-上月比較增減(%)": -7.717136659436009,
  "營業收入-上月營收": 115250,
  "營業收入-去年同月增減(%)": -17.01181354265828,
  "營業收入-去年當月營收": 128158,
  "營業收入-當月營收": 106356,
  "產業別": "半導體業",
  "累計營業收入-前期比較增減(%)": 2.231750104459091,
  "累計營業收入-去年累計營收": 476263,
  "累計營業收入-當月累計營收": 486892,
  "資料年月": 11505
 }
}