{
 "2024-09": {
  "_src": "finmind",
  "公司代號": 6955,
  "營業收入-當月營收": 19273000
 },
 "2024-10": {
  "_src": "finmind",
  "公司代號": 6955,
  "營業收入-當月營收": 17377000
 },
 "2024-11": {
  "_src": "finmind",
  "公司代號": 6955,
  "營業收入-當月營收": 21388000
 },
 "2024-12": {
  "_src": "finmind",
  "公司代號": 6955,
  "營業收入-當月營收": 24259000
 },
 "2025-01": {
  "_src": "finmind",
  "公司代號": 6955,
  "營業收入-當月營收": 21358000
 },
 "2025-02": {
  "_src": "finmind",
  "公司代號": 6955,
  "營業收入-當月營收": 23802000
 },
 "2025-03": {
  "_src": "finmind",
  "公司代號": 6955,
  "營業收入-當月營收": 25867000
 },
 "2025-04": {
  "_src": "finmind",
  "公司代號": 6955,
  "營業收入-當月營收": 27444000
 },
 "2025-05": {
  "_src": "finmind",
  "公司代號": 6955,
  "營業收入-當月營收": 26673000
 },
 "2025-06": {
  "_src": "finmind",
  "公司代號": 6955,
  "營業收入-當月營收": 25672000
 },
 "2025-07": {
  "_src": "finmind",
  "公司代號": 6955,
  "營業收入-當月營收": 21735000
 },
 "2025-08": {
  "_src": "finmind",
  "公司代號": 6955,
  "營業收入-當月營收": 25309000
 },
 "2025-09": {
  "_src": "finmind",
  "公司代號": 6955,
  "營業收入-當月營收": 26215000
 },
 "2025-10": {
  "_src": "finmind",
  "公司代號": 6955,
  "營業收入-當月營收": 24742000
 },
 "2025-11": {
  "_src": "finmind",
  "公司代號": 6955,
  "營業收入-當月營收": 26102000
 },
 "2025-12": {
  "_src": "finmind",
  "公司代號": 6955,
  "營業收入-當月營收": 31388000
 },
 "2026-01": {
  "_src": "finmind",
  "公司代號": 6955,
  "營業收入-當月營收": 26381000
 },
 "2026-02": {
  "_src": "finmind",
  "公司代號": 6955,
  "營業收入-當月營收": 26906000
 },
 "2026-03": {
  "_src": "finmind",
  "公司代號": 6955,
  "營業收入-當月營收": 31098000
 },
 "2026-04": {
  "_src": "finmind",
  "公司代號": 6955,
  "營業收入-當月營收": 28898000
 },
 "2026-05": {
  "備註": null,
  "公司代號": 6955,
  "公司名稱": "邦睿生技-創",
  "營業收入-上月比較增減(%)": 3.944909682330957,
  "營業收入-上月營收": 28898,
  "營業收入-去年同月增減(%)": 12.615753758482361,
  "營業收入-去年當月營收": 26673,
  "營業收入-當月營收": 30038,
  "產業別": "生技醫療業",
  "累計營業收入-前期比較增減(%)": 14.524867352809563,
  "累計營業收入-去年累計營收": 125144,
  "累計營業收入-當月累計營收": 143321,
  "資料年月": 11505
 }
}