{
 "2024-04": {
  "_src": "finmind",
  "公司代號": 6957,
  "營業收入-當月營收": 288986000
 },
 "2024-05": {
  "_src": "finmind",
  "公司代號": 6957,
  "營業收入-當月營收": 289690000
 },
 "2024-06": {
  "_src": "finmind",
  "公司代號": 6957,
  "營業收入-當月營收": 262866000
 },
 "2024-07": {
  "_src": "finmind",
  "公司代號": 6957,
  "營業收入-當月營收": 376819000
 },
 "2024-08": {
  "_src": "finmind",
  "公司代號": 6957,
  "營業收入-當月營收": 294560000
 },
 "2024-09": {
  "_src": "finmind",
  "公司代號": 6957,
  "營業收入-當月營收": 374127000
 },
 "2024-10": {
  "_src": "finmind",
  "公司代號": 6957,
  "營業收入-當月營收": 272706000
 },
 "2024-11": {
  "_src": "finmind",
  "公司代號": 6957,
  "營業收入-當月營收": 211165000
 },
 "2024-12": {
  "_src": "finmind",
  "公司代號": 6957,
  "營業收入-當月營收": 659003000
 },
 "2025-01": {
  "_src": "finmind",
  "公司代號": 6957,
  "營業收入-當月營收": 347976000
 },
 "2025-02": {
  "_src": "finmind",
  "公司代號": 6957,
  "營業收入-當月營收": 153041000
 },
 "2025-03": {
  "_src": "finmind",
  "公司代號": 6957,
  "營業收入-當月營收": 282585000
 },
 "2025-04": {
  "_src": "finmind",
  "公司代號": 6957,
  "營業收入-當月營收": 240298000
 },
 "2025-05": {
  "_src": "finmind",
  "公司代號": 6957,
  "營業收入-當月營收": 257709000
 },
 "2025-06": {
  "_src": "finmind",
  "公司代號": 6957,
  "營業收入-當月營收": 316065000
 },
 "2025-07": {
  "_src": "finmind",
  "公司代號": 6957,
  "營業收入-當月營收": 421959000
 },
 "2025-08": {
  "_src": "finmind",
  "公司代號": 6957,
  "營業收入-當月營收": 355759000
 },
 "2025-09": {
  "_src": "finmind",
  "公司代號": 6957,
  "營業收入-當月營收": 298199000
 },
 "2025-10": {
  "_src": "finmind",
  "公司代號": 6957,
  "營業收入-當月營收": 266345000
 },
 "2025-11": {
  "_src": "finmind",
  "公司代號": 6957,
  "營業收入-當月營收": 209319000
 },
 "2025-12": {
  "_src": "finmind",
  "公司代號": 6957,
  "營業收入-當月營收": 674568000
 },
 "2026-01": {
  "_src": "finmind",
  "公司代號": 6957,
  "營業收入-當月營收": 287494000
 },
 "2026-02": {
  "_src": "finmind",
  "公司代號": 6957,
  "營業收入-當月營收": 218946000
 },
 "2026-03": {
  "_src": "finmind",
  "公司代號": 6957,
  "營業收入-當月營收": 501957000
 },
 "2026-04": {
  "_src": "finmind",
  "公司代號": 6957,
  "營業收入-當月營收": 368407000
 },
 "2026-05": {
  "備註": null,
  "公司代號": 6957,
  "公司名稱": "裕慶-KY",
  "營業收入-上月比較增減(%)": -15.247810166473492,
  "營業收入-上月營收": 368407,
  "營業收入-去年同月增減(%)": 21.157196683080528,
  "營業收入-去年當月營收": 257709,
  "營業收入-當月營收": 312233,
  "產業別": "其他",
  "累計營業收入-前期比較增減(%)": 31.79035103530016,
  "累計營業收入-去年累計營收": 1281609,
  "累計營業收入-當月累計營收": 1689037,
  "資料年月": 11505
 }
}