{
 "2024-06": {
  "_src": "finmind",
  "公司代號": 6958,
  "營業收入-當月營收": 843687000
 },
 "2024-07": {
  "_src": "finmind",
  "公司代號": 6958,
  "營業收入-當月營收": 1019512000
 },
 "2024-08": {
  "_src": "finmind",
  "公司代號": 6958,
  "營業收入-當月營收": 975427000
 },
 "2024-09": {
  "_src": "finmind",
  "公司代號": 6958,
  "營業收入-當月營收": 1020597000
 },
 "2024-10": {
  "_src": "finmind",
  "公司代號": 6958,
  "營業收入-當月營收": 970367000
 },
 "2024-11": {
  "_src": "finmind",
  "公司代號": 6958,
  "營業收入-當月營收": 969249000
 },
 "2024-12": {
  "_src": "finmind",
  "公司代號": 6958,
  "營業收入-當月營收": 949292000
 },
 "2025-01": {
  "_src": "finmind",
  "公司代號": 6958,
  "營業收入-當月營收": 1023844000
 },
 "2025-02": {
  "_src": "finmind",
  "公司代號": 6958,
  "營業收入-當月營收": 870793000
 },
 "2025-03": {
  "_src": "finmind",
  "公司代號": 6958,
  "營業收入-當月營收": 999513000
 },
 "2025-04": {
  "_src": "finmind",
  "公司代號": 6958,
  "營業收入-當月營收": 952099000
 },
 "2025-05": {
  "_src": "finmind",
  "公司代號": 6958,
  "營業收入-當月營收": 903480000
 },
 "2025-06": {
  "_src": "finmind",
  "公司代號": 6958,
  "營業收入-當月營收": 913484000
 },
 "2025-07": {
  "_src": "finmind",
  "公司代號": 6958,
  "營業收入-當月營收": 911090000
 },
 "2025-08": {
  "_src": "finmind",
  "公司代號": 6958,
  "營業收入-當月營收": 860316000
 },
 "2025-09": {
  "_src": "finmind",
  "公司代號": 6958,
  "營業收入-當月營收": 819705000
 },
 "2025-10": {
  "_src": "finmind",
  "公司代號": 6958,
  "營業收入-當月營收": 846891000
 },
 "2025-11": {
  "_src": "finmind",
  "公司代號": 6958,
  "營業收入-當月營收": 867782000
 },
 "2025-12": {
  "_src": "finmind",
  "公司代號": 6958,
  "營業收入-當月營收": 881017000
 },
 "2026-01": {
  "_src": "finmind",
  "公司代號": 6958,
  "營業收入-當月營收": 925154000
 },
 "2026-02": {
  "_src": "finmind",
  "公司代號": 6958,
  "營業收入-當月營收": 750367000
 },
 "2026-03": {
  "_src": "finmind",
  "公司代號": 6958,
  "營業收入-當月營收": 891976000
 },
 "2026-04": {
  "_src": "finmind",
  "公司代號": 6958,
  "營業收入-當月營收": 829683000
 },
 "2026-05": {
  "備註": null,
  "公司代號": 6958,
  "公司名稱": "日盛台駿",
  "營業收入-上月比較增減(%)": 5.643721758792213,
  "營業收入-上月營收": 829683,
  "營業收入-去年同月增減(%)": -2.985345552751583,
  "營業收入-去年當月營收": 903480,
  "營業收入-當月營收": 876508,
  "產業別": "其他",
  "累計營業收入-前期比較增減(%)": -10.022487598766162,
  "累計營業收入-去年累計營收": 4749729,
  "累計營業收入-當月累計營收": 4273688,
  "資料年月": 11505
 },
 "2026-06": {
  "備註": null,
  "公司代號": 6958,
  "公司名稱": "日盛台駿",
  "營業收入-上月比較增減(%)": -6.2515116804410225,
  "營業收入-上月營收": 876508,
  "營業收入-去年同月增減(%)": -9.944424412927379,
  "營業收入-去年當月營收": 912451,
  "營業收入-當月營收": 821713,
  "產業別": "其他",
  "累計營業收入-前期比較增減(%)": -10.006697306135772,
  "累計營業收入-去年累計營收": 5661978,
  "累計營業收入-當月累計營收": 5095401,
  "資料年月": 11506
 }
}