{
 "2025-11": {
  "_src": "finmind",
  "公司代號": 6961,
  "營業收入-當月營收": 248963000
 },
 "2025-12": {
  "_src": "finmind",
  "公司代號": 6961,
  "營業收入-當月營收": 259748000
 },
 "2026-01": {
  "_src": "finmind",
  "公司代號": 6961,
  "營業收入-當月營收": 358702000
 },
 "2026-02": {
  "_src": "finmind",
  "公司代號": 6961,
  "營業收入-當月營收": 465662000
 },
 "2026-03": {
  "_src": "finmind",
  "公司代號": 6961,
  "營業收入-當月營收": 396867000
 },
 "2026-04": {
  "_src": "finmind",
  "公司代號": 6961,
  "營業收入-當月營收": 333979000
 },
 "2026-05": {
  "備註": null,
  "公司代號": 6961,
  "公司名稱": "旅天下",
  "營業收入-上月比較增減(%)": -4.348177580027487,
  "營業收入-上月營收": 333979,
  "營業收入-去年同月增減(%)": 2.5188698621344767,
  "營業收入-去年當月營收": 311608,
  "營業收入-當月營收": 319457,
  "產業別": "觀光餐旅",
  "累計營業收入-前期比較增減(%)": 2.360944574397683,
  "累計營業收入-去年累計營收": 1831428,
  "累計營業收入-當月累計營收": 1874667,
  "資料年月": 11505
 }
}