{
 "2024-09": {
  "_src": "finmind",
  "公司代號": 6962,
  "營業收入-當月營收": 1752304000
 },
 "2024-10": {
  "_src": "finmind",
  "公司代號": 6962,
  "營業收入-當月營收": 1915980000
 },
 "2024-11": {
  "_src": "finmind",
  "公司代號": 6962,
  "營業收入-當月營收": 1817281000
 },
 "2024-12": {
  "_src": "finmind",
  "公司代號": 6962,
  "營業收入-當月營收": 1609036000
 },
 "2025-01": {
  "_src": "finmind",
  "公司代號": 6962,
  "營業收入-當月營收": 1522749000
 },
 "2025-02": {
  "_src": "finmind",
  "公司代號": 6962,
  "營業收入-當月營收": 1464794000
 },
 "2025-03": {
  "_src": "finmind",
  "公司代號": 6962,
  "營業收入-當月營收": 1587705000
 },
 "2025-04": {
  "_src": "finmind",
  "公司代號": 6962,
  "營業收入-當月營收": 1727711000
 },
 "2025-05": {
  "_src": "finmind",
  "公司代號": 6962,
  "營業收入-當月營收": 1428428000
 },
 "2025-06": {
  "_src": "finmind",
  "公司代號": 6962,
  "營業收入-當月營收": 1516189000
 },
 "2025-07": {
  "_src": "finmind",
  "公司代號": 6962,
  "營業收入-當月營收": 1558273000
 },
 "2025-08": {
  "_src": "finmind",
  "公司代號": 6962,
  "營業收入-當月營收": 1785854000
 },
 "2025-09": {
  "_src": "finmind",
  "公司代號": 6962,
  "營業收入-當月營收": 1763523000
 },
 "2025-10": {
  "_src": "finmind",
  "公司代號": 6962,
  "營業收入-當月營收": 1514515000
 },
 "2025-11": {
  "_src": "finmind",
  "公司代號": 6962,
  "營業收入-當月營收": 1629536000
 },
 "2025-12": {
  "_src": "finmind",
  "公司代號": 6962,
  "營業收入-當月營收": 1585793000
 },
 "2026-01": {
  "_src": "finmind",
  "公司代號": 6962,
  "營業收入-當月營收": 1464428000
 },
 "2026-02": {
  "_src": "finmind",
  "公司代號": 6962,
  "營業收入-當月營收": 1074970000
 },
 "2026-03": {
  "_src": "finmind",
  "公司代號": 6962,
  "營業收入-當月營收": 1378305000
 },
 "2026-04": {
  "_src": "finmind",
  "公司代號": 6962,
  "營業收入-當月營收": 1660220000
 },
 "2026-05": {
  "備註": null,
  "公司代號": 6962,
  "公司名稱": "奕力-KY",
  "營業收入-上月比較增減(%)": -1.7306140150100588,
  "營業收入-上月營收": 1660220,
  "營業收入-去年同月增減(%)": 14.215627248975798,
  "營業收入-去年當月營收": 1428428,
  "營業收入-當月營收": 1631488,
  "產業別": "半導體業",
  "累計營業收入-前期比較增減(%)": -6.751388851702806,
  "累計營業收入-去年累計營收": 7731387,
  "累計營業收入-當月累計營收": 7209411,
  "資料年月": 11505
 }
}