{
 "2024-12": {
  "_src": "finmind",
  "公司代號": 6965,
  "營業收入-當月營收": 2365825000
 },
 "2025-01": {
  "_src": "finmind",
  "公司代號": 6965,
  "營業收入-當月營收": 2061365000
 },
 "2025-02": {
  "_src": "finmind",
  "公司代號": 6965,
  "營業收入-當月營收": 1720171000
 },
 "2025-03": {
  "_src": "finmind",
  "公司代號": 6965,
  "營業收入-當月營收": 2326533000
 },
 "2025-04": {
  "_src": "finmind",
  "公司代號": 6965,
  "營業收入-當月營收": 1756892000
 },
 "2025-05": {
  "_src": "finmind",
  "公司代號": 6965,
  "營業收入-當月營收": 1793282000
 },
 "2025-06": {
  "_src": "finmind",
  "公司代號": 6965,
  "營業收入-當月營收": 1673144000
 },
 "2025-07": {
  "_src": "finmind",
  "公司代號": 6965,
  "營業收入-當月營收": 1809518000
 },
 "2025-08": {
  "_src": "finmind",
  "公司代號": 6965,
  "營業收入-當月營收": 1843391000
 },
 "2025-09": {
  "_src": "finmind",
  "公司代號": 6965,
  "營業收入-當月營收": 1738221000
 },
 "2025-10": {
  "_src": "finmind",
  "公司代號": 6965,
  "營業收入-當月營收": 1574923000
 },
 "2025-11": {
  "_src": "finmind",
  "公司代號": 6965,
  "營業收入-當月營收": 1788144000
 },
 "2025-12": {
  "_src": "finmind",
  "公司代號": 6965,
  "營業收入-當月營收": 1577595000
 },
 "2026-01": {
  "_src": "finmind",
  "公司代號": 6965,
  "營業收入-當月營收": 1645122000
 },
 "2026-02": {
  "_src": "finmind",
  "公司代號": 6965,
  "營業收入-當月營收": 1406641000
 },
 "2026-03": {
  "_src": "finmind",
  "公司代號": 6965,
  "營業收入-當月營收": 1785133000
 },
 "2026-04": {
  "_src": "finmind",
  "公司代號": 6965,
  "營業收入-當月營收": 1746047000
 },
 "2026-05": {
  "備註": null,
  "公司代號": 6965,
  "公司名稱": "中傑-KY",
  "營業收入-上月比較增減(%)": 21.307731120639936,
  "營業收入-上月營收": 1746047,
  "營業收入-去年同月增減(%)": 18.112488721796126,
  "營業收入-去年當月營收": 1793282,
  "營業收入-當月營收": 2118090,
  "產業別": "運動休閒",
  "累計營業收入-前期比較增減(%)": -10.445057139274711,
  "累計營業收入-去年累計營收": 9658243,
  "累計營業收入-當月累計營收": 8649434,
  "資料年月": 11505
 },
 "2026-06": {
  "備註": null,
  "公司代號": 6965,
  "公司名稱": "中傑-KY",
  "營業收入-上月比較增減(%)": -15.068575933978254,
  "營業收入-上月營收": 2118090,
  "營業收入-去年同月增減(%)": 7.517583662852689,
  "營業收入-去年當月營收": 1673144,
  "營業收入-當月營收": 1798924,
  "產業別": "運動休閒",
  "累計營業收入-前期比較增減(%)": -7.792770646700179,
  "累計營業收入-去年累計營收": 11331387,
  "累計營業收入-當月累計營收": 10448358,
  "資料年月": 11506
 }
}