{
 "2024-07": {
  "_src": "finmind",
  "公司代號": 6967,
  "營業收入-當月營收": 144929000
 },
 "2024-08": {
  "_src": "finmind",
  "公司代號": 6967,
  "營業收入-當月營收": 118396000
 },
 "2024-09": {
  "_src": "finmind",
  "公司代號": 6967,
  "營業收入-當月營收": 116930000
 },
 "2024-10": {
  "_src": "finmind",
  "公司代號": 6967,
  "營業收入-當月營收": 92076000
 },
 "2024-11": {
  "_src": "finmind",
  "公司代號": 6967,
  "營業收入-當月營收": 98641000
 },
 "2024-12": {
  "_src": "finmind",
  "公司代號": 6967,
  "營業收入-當月營收": 115209000
 },
 "2025-01": {
  "_src": "finmind",
  "公司代號": 6967,
  "營業收入-當月營收": 96762000
 },
 "2025-02": {
  "_src": "finmind",
  "公司代號": 6967,
  "營業收入-當月營收": 86463000
 },
 "2025-03": {
  "_src": "finmind",
  "公司代號": 6967,
  "營業收入-當月營收": 111537000
 },
 "2025-04": {
  "_src": "finmind",
  "公司代號": 6967,
  "營業收入-當月營收": 117947000
 },
 "2025-05": {
  "_src": "finmind",
  "公司代號": 6967,
  "營業收入-當月營收": 110471000
 },
 "2025-06": {
  "_src": "finmind",
  "公司代號": 6967,
  "營業收入-當月營收": 115599000
 },
 "2025-07": {
  "_src": "finmind",
  "公司代號": 6967,
  "營業收入-當月營收": 127805000
 },
 "2025-08": {
  "_src": "finmind",
  "公司代號": 6967,
  "營業收入-當月營收": 132178000
 },
 "2025-09": {
  "_src": "finmind",
  "公司代號": 6967,
  "營業收入-當月營收": 126071000
 },
 "2025-10": {
  "_src": "finmind",
  "公司代號": 6967,
  "營業收入-當月營收": 134591000
 },
 "2025-11": {
  "_src": "finmind",
  "公司代號": 6967,
  "營業收入-當月營收": 107691000
 },
 "2025-12": {
  "_src": "finmind",
  "公司代號": 6967,
  "營業收入-當月營收": 147993000
 },
 "2026-01": {
  "_src": "finmind",
  "公司代號": 6967,
  "營業收入-當月營收": 129832000
 },
 "2026-02": {
  "_src": "finmind",
  "公司代號": 6967,
  "營業收入-當月營收": 90516000
 },
 "2026-03": {
  "_src": "finmind",
  "公司代號": 6967,
  "營業收入-當月營收": 158907000
 },
 "2026-04": {
  "_src": "finmind",
  "公司代號": 6967,
  "營業收入-當月營收": 129268000
 },
 "2026-05": {
  "備註": null,
  "公司代號": 6967,
  "公司名稱": "汎瑋材料",
  "營業收入-上月比較增減(%)": 15.293808212395952,
  "營業收入-上月營收": 129268,
  "營業收入-去年同月增減(%)": 34.91142471779924,
  "營業收入-去年當月營收": 110471,
  "營業收入-當月營收": 149038,
  "產業別": "電子零組件業",
  "累計營業收入-前期比較增減(%)": 25.685423754730685,
  "累計營業收入-去年累計營收": 523180,
  "累計營業收入-當月累計營收": 657561,
  "資料年月": 11505
 },
 "2026-06": {
  "備註": null,
  "公司代號": 6967,
  "公司名稱": "汎瑋材料",
  "營業收入-上月比較增減(%)": 9.234557629597822,
  "營業收入-上月營收": 149038,
  "營業收入-去年同月增減(%)": 40.83253315340098,
  "營業收入-去年當月營收": 115599,
  "營業收入-當月營收": 162801,
  "產業別": "電子零組件業",
  "累計營業收入-前期比較增減(%)": 28.426576327650096,
  "累計營業收入-去年累計營收": 638779,
  "累計營業收入-當月累計營收": 820362,
  "資料年月": 11506
 }
}