{
 "2024-06": {
  "_src": "finmind",
  "公司代號": 6968,
  "營業收入-當月營收": 225801000
 },
 "2024-07": {
  "_src": "finmind",
  "公司代號": 6968,
  "營業收入-當月營收": 228636000
 },
 "2024-08": {
  "_src": "finmind",
  "公司代號": 6968,
  "營業收入-當月營收": 259046000
 },
 "2024-09": {
  "_src": "finmind",
  "公司代號": 6968,
  "營業收入-當月營收": 231069000
 },
 "2024-10": {
  "_src": "finmind",
  "公司代號": 6968,
  "營業收入-當月營收": 236495000
 },
 "2024-11": {
  "_src": "finmind",
  "公司代號": 6968,
  "營業收入-當月營收": 261435000
 },
 "2024-12": {
  "_src": "finmind",
  "公司代號": 6968,
  "營業收入-當月營收": 265070000
 },
 "2025-01": {
  "_src": "finmind",
  "公司代號": 6968,
  "營業收入-當月營收": 291418000
 },
 "2025-02": {
  "_src": "finmind",
  "公司代號": 6968,
  "營業收入-當月營收": 240615000
 },
 "2025-03": {
  "_src": "finmind",
  "公司代號": 6968,
  "營業收入-當月營收": 252918000
 },
 "2025-04": {
  "_src": "finmind",
  "公司代號": 6968,
  "營業收入-當月營收": 259674000
 },
 "2025-05": {
  "_src": "finmind",
  "公司代號": 6968,
  "營業收入-當月營收": 258114000
 },
 "2025-06": {
  "_src": "finmind",
  "公司代號": 6968,
  "營業收入-當月營收": 269538000
 },
 "2025-07": {
  "_src": "finmind",
  "公司代號": 6968,
  "營業收入-當月營收": 256448000
 },
 "2025-08": {
  "_src": "finmind",
  "公司代號": 6968,
  "營業收入-當月營收": 277130000
 },
 "2025-09": {
  "_src": "finmind",
  "公司代號": 6968,
  "營業收入-當月營收": 251869000
 },
 "2025-10": {
  "_src": "finmind",
  "公司代號": 6968,
  "營業收入-當月營收": 284444000
 },
 "2025-11": {
  "_src": "finmind",
  "公司代號": 6968,
  "營業收入-當月營收": 281084000
 },
 "2025-12": {
  "_src": "finmind",
  "公司代號": 6968,
  "營業收入-當月營收": 288559000
 },
 "2026-01": {
  "_src": "finmind",
  "公司代號": 6968,
  "營業收入-當月營收": 312372000
 },
 "2026-02": {
  "_src": "finmind",
  "公司代號": 6968,
  "營業收入-當月營收": 308664000
 },
 "2026-03": {
  "_src": "finmind",
  "公司代號": 6968,
  "營業收入-當月營收": 299761000
 },
 "2026-04": {
  "_src": "finmind",
  "公司代號": 6968,
  "營業收入-當月營收": 295294000
 },
 "2026-05": {
  "備註": "無",
  "公司代號": 6968,
  "公司名稱": "萬達寵物",
  "出表日期": 1150617,
  "營業收入-上月比較增減(%)": 3.2218737935752166,
  "營業收入-上月營收": 295294,
  "營業收入-去年同月增減(%)": 18.09045615503227,
  "營業收入-去年當月營收": 258114,
  "營業收入-當月營收": 304808,
  "產業別": "居家生活",
  "累計營業收入-前期比較增減(%)": 16.746178628259383,
  "累計營業收入-去年累計營收": 1302739,
  "累計營業收入-當月累計營收": 1520898,
  "資料年月": 11505
 }
}