{
 "2024-06": {
  "_src": "finmind",
  "公司代號": 6969,
  "營業收入-當月營收": 9834000
 },
 "2024-07": {
  "_src": "finmind",
  "公司代號": 6969,
  "營業收入-當月營收": 7130000
 },
 "2024-08": {
  "_src": "finmind",
  "公司代號": 6969,
  "營業收入-當月營收": 15764000
 },
 "2024-09": {
  "_src": "finmind",
  "公司代號": 6969,
  "營業收入-當月營收": 21121000
 },
 "2024-10": {
  "_src": "finmind",
  "公司代號": 6969,
  "營業收入-當月營收": 21784000
 },
 "2024-11": {
  "_src": "finmind",
  "公司代號": 6969,
  "營業收入-當月營收": 22597000
 },
 "2024-12": {
  "_src": "finmind",
  "公司代號": 6969,
  "營業收入-當月營收": 38042000
 },
 "2025-01": {
  "_src": "finmind",
  "公司代號": 6969,
  "營業收入-當月營收": 22451000
 },
 "2025-02": {
  "_src": "finmind",
  "公司代號": 6969,
  "營業收入-當月營收": 24985000
 },
 "2025-03": {
  "_src": "finmind",
  "公司代號": 6969,
  "營業收入-當月營收": 27650000
 },
 "2025-04": {
  "_src": "finmind",
  "公司代號": 6969,
  "營業收入-當月營收": 27995000
 },
 "2025-05": {
  "_src": "finmind",
  "公司代號": 6969,
  "營業收入-當月營收": 23231000
 },
 "2025-06": {
  "_src": "finmind",
  "公司代號": 6969,
  "營業收入-當月營收": 24918000
 },
 "2025-07": {
  "_src": "finmind",
  "公司代號": 6969,
  "營業收入-當月營收": 24317000
 },
 "2025-08": {
  "_src": "finmind",
  "公司代號": 6969,
  "營業收入-當月營收": 27181000
 },
 "2025-09": {
  "_src": "finmind",
  "公司代號": 6969,
  "營業收入-當月營收": 27078000
 },
 "2025-10": {
  "_src": "finmind",
  "公司代號": 6969,
  "營業收入-當月營收": 25932000
 },
 "2025-11": {
  "_src": "finmind",
  "公司代號": 6969,
  "營業收入-當月營收": 25610000
 },
 "2025-12": {
  "_src": "finmind",
  "公司代號": 6969,
  "營業收入-當月營收": 78765000
 },
 "2026-01": {
  "_src": "finmind",
  "公司代號": 6969,
  "營業收入-當月營收": 30164000
 },
 "2026-02": {
  "_src": "finmind",
  "公司代號": 6969,
  "營業收入-當月營收": 23839000
 },
 "2026-03": {
  "_src": "finmind",
  "公司代號": 6969,
  "營業收入-當月營收": 23974000
 },
 "2026-04": {
  "_src": "finmind",
  "公司代號": 6969,
  "營業收入-當月營收": 21243000
 },
 "2026-05": {
  "備註": null,
  "公司代號": 6969,
  "公司名稱": "成信實業*-創",
  "營業收入-上月比較增減(%)": 11.189568328390529,
  "營業收入-上月營收": 21243,
  "營業收入-去年同月增減(%)": 1.6744866772846627,
  "營業收入-去年當月營收": 23231,
  "營業收入-當月營收": 23620,
  "產業別": "綠能環保",
  "累計營業收入-前期比較增減(%)": -2.748749129140541,
  "累計營業收入-去年累計營收": 126312,
  "累計營業收入-當月累計營收": 122840,
  "資料年月": 11505
 }
}