{
 "2025-07": {
  "_src": "finmind",
  "公司代號": 6971,
  "營業收入-當月營收": 225062000
 },
 "2025-08": {
  "_src": "finmind",
  "公司代號": 6971,
  "營業收入-當月營收": 192296000
 },
 "2025-09": {
  "_src": "finmind",
  "公司代號": 6971,
  "營業收入-當月營收": 164138000
 },
 "2025-10": {
  "_src": "finmind",
  "公司代號": 6971,
  "營業收入-當月營收": 184031000
 },
 "2025-11": {
  "_src": "finmind",
  "公司代號": 6971,
  "營業收入-當月營收": 223217000
 },
 "2025-12": {
  "_src": "finmind",
  "公司代號": 6971,
  "營業收入-當月營收": 244593000
 },
 "2026-01": {
  "_src": "finmind",
  "公司代號": 6971,
  "營業收入-當月營收": 166010000
 },
 "2026-02": {
  "_src": "finmind",
  "公司代號": 6971,
  "營業收入-當月營收": 144343000
 },
 "2026-03": {
  "_src": "finmind",
  "公司代號": 6971,
  "營業收入-當月營收": 183154000
 },
 "2026-04": {
  "_src": "finmind",
  "公司代號": 6971,
  "營業收入-當月營收": 149309000
 },
 "2026-05": {
  "備註": null,
  "公司代號": 6971,
  "公司名稱": "惠民實業",
  "出表日期": 1150617,
  "營業收入-上月比較增減(%)": 17.835495516010422,
  "營業收入-上月營收": 149309,
  "營業收入-去年同月增減(%)": -36.02381030301047,
  "營業收入-去年當月營收": 275007,
  "營業收入-當月營收": 175939,
  "產業別": "綠能環保",
  "累計營業收入-前期比較增減(%)": -6.649693641842573,
  "累計營業收入-去年累計營收": 877078,
  "累計營業收入-當月累計營收": 818755,
  "資料年月": 11505
 }
}