{
 "2024-10": {
  "_src": "finmind",
  "公司代號": 6982,
  "營業收入-當月營收": 114182000
 },
 "2024-11": {
  "_src": "finmind",
  "公司代號": 6982,
  "營業收入-當月營收": 126159000
 },
 "2024-12": {
  "_src": "finmind",
  "公司代號": 6982,
  "營業收入-當月營收": 145409000
 },
 "2025-01": {
  "_src": "finmind",
  "公司代號": 6982,
  "營業收入-當月營收": 132522000
 },
 "2025-02": {
  "_src": "finmind",
  "公司代號": 6982,
  "營業收入-當月營收": 135377000
 },
 "2025-03": {
  "_src": "finmind",
  "公司代號": 6982,
  "營業收入-當月營收": 161532000
 },
 "2025-04": {
  "_src": "finmind",
  "公司代號": 6982,
  "營業收入-當月營收": 146030000
 },
 "2025-05": {
  "_src": "finmind",
  "公司代號": 6982,
  "營業收入-當月營收": 129705000
 },
 "2025-06": {
  "_src": "finmind",
  "公司代號": 6982,
  "營業收入-當月營收": 147563000
 },
 "2025-07": {
  "_src": "finmind",
  "公司代號": 6982,
  "營業收入-當月營收": 102376000
 },
 "2025-08": {
  "_src": "finmind",
  "公司代號": 6982,
  "營業收入-當月營收": 121560000
 },
 "2025-09": {
  "_src": "finmind",
  "公司代號": 6982,
  "營業收入-當月營收": 132947000
 },
 "2025-10": {
  "_src": "finmind",
  "公司代號": 6982,
  "營業收入-當月營收": 122077000
 },
 "2025-11": {
  "_src": "finmind",
  "公司代號": 6982,
  "營業收入-當月營收": 129810000
 },
 "2025-12": {
  "_src": "finmind",
  "公司代號": 6982,
  "營業收入-當月營收": 156054000
 },
 "2026-01": {
  "_src": "finmind",
  "公司代號": 6982,
  "營業收入-當月營收": 189012000
 },
 "2026-02": {
  "_src": "finmind",
  "公司代號": 6982,
  "營業收入-當月營收": 104884000
 },
 "2026-03": {
  "_src": "finmind",
  "公司代號": 6982,
  "營業收入-當月營收": 189218000
 },
 "2026-04": {
  "_src": "finmind",
  "公司代號": 6982,
  "營業收入-當月營收": 161210000
 },
 "2026-05": {
  "備註": null,
  "公司代號": 6982,
  "公司名稱": "大井泵浦",
  "出表日期": 1150617,
  "營業收入-上月比較增減(%)": 11.567520625271385,
  "營業收入-上月營收": 161210,
  "營業收入-去年同月增減(%)": 38.66697505878725,
  "營業收入-去年當月營收": 129705,
  "營業收入-當月營收": 179858,
  "產業別": "電機機械",
  "累計營業收入-前期比較增減(%)": 16.877728081047582,
  "累計營業收入-去年累計營收": 705166,
  "累計營業收入-當月累計營收": 824182,
  "資料年月": 11505
 }
}