{
 "2026-06": {
  "備註": null,
  "公司代號": 6986,
  "公司名稱": "和迅",
  "營業收入-上月比較增減(%)": -35.08389441060169,
  "營業收入-上月營收": 46785,
  "營業收入-去年同月增減(%)": 13.405025951234084,
  "營業收入-去年當月營收": 26781,
  "營業收入-當月營收": 30371,
  "產業別": "生技醫療業",
  "累計營業收入-前期比較增減(%)": 9.898616294045771,
  "累計營業收入-去年累計營收": 151405,
  "累計營業收入-當月累計營收": 166392,
  "資料年月": 11506
 }
}