{
 "2024-08": {
  "_src": "finmind",
  "公司代號": 6988,
  "營業收入-當月營收": 68573000
 },
 "2024-09": {
  "_src": "finmind",
  "公司代號": 6988,
  "營業收入-當月營收": 73257000
 },
 "2024-10": {
  "_src": "finmind",
  "公司代號": 6988,
  "營業收入-當月營收": 74955000
 },
 "2024-11": {
  "_src": "finmind",
  "公司代號": 6988,
  "營業收入-當月營收": 76158000
 },
 "2024-12": {
  "_src": "finmind",
  "公司代號": 6988,
  "營業收入-當月營收": 57196000
 },
 "2025-01": {
  "_src": "finmind",
  "公司代號": 6988,
  "營業收入-當月營收": 70152000
 },
 "2025-02": {
  "_src": "finmind",
  "公司代號": 6988,
  "營業收入-當月營收": 81978000
 },
 "2025-03": {
  "_src": "finmind",
  "公司代號": 6988,
  "營業收入-當月營收": 72318000
 },
 "2025-04": {
  "_src": "finmind",
  "公司代號": 6988,
  "營業收入-當月營收": 63483000
 },
 "2025-05": {
  "_src": "finmind",
  "公司代號": 6988,
  "營業收入-當月營收": 58618000
 },
 "2025-06": {
  "_src": "finmind",
  "公司代號": 6988,
  "營業收入-當月營收": 66137000
 },
 "2025-07": {
  "_src": "finmind",
  "公司代號": 6988,
  "營業收入-當月營收": 65466000
 },
 "2025-08": {
  "_src": "finmind",
  "公司代號": 6988,
  "營業收入-當月營收": 60693000
 },
 "2025-09": {
  "_src": "finmind",
  "公司代號": 6988,
  "營業收入-當月營收": 62018000
 },
 "2025-10": {
  "_src": "finmind",
  "公司代號": 6988,
  "營業收入-當月營收": 67404000
 },
 "2025-11": {
  "_src": "finmind",
  "公司代號": 6988,
  "營業收入-當月營收": 62611000
 },
 "2025-12": {
  "_src": "finmind",
  "公司代號": 6988,
  "營業收入-當月營收": 61111000
 },
 "2026-01": {
  "_src": "finmind",
  "公司代號": 6988,
  "營業收入-當月營收": 61385000
 },
 "2026-02": {
  "_src": "finmind",
  "公司代號": 6988,
  "營業收入-當月營收": 49409000
 },
 "2026-03": {
  "_src": "finmind",
  "公司代號": 6988,
  "營業收入-當月營收": 58456000
 },
 "2026-04": {
  "_src": "finmind",
  "公司代號": 6988,
  "營業收入-當月營收": 64890000
 },
 "2026-05": {
  "備註": null,
  "公司代號": 6988,
  "公司名稱": "威力暘-創",
  "營業收入-上月比較增減(%)": -5.876098012020342,
  "營業收入-上月營收": 64890,
  "營業收入-去年同月增減(%)": 4.194957180388276,
  "營業收入-去年當月營收": 58618,
  "營業收入-當月營收": 61077,
  "產業別": "汽車工業",
  "累計營業收入-前期比較增減(%)": -14.812335340745465,
  "累計營業收入-去年累計營收": 346549,
  "累計營業收入-當月累計營收": 295217,
  "資料年月": 11505
 }
}