{
 "2024-11": {
  "_src": "finmind",
  "公司代號": 6994,
  "營業收入-當月營收": 138285000
 },
 "2024-12": {
  "_src": "finmind",
  "公司代號": 6994,
  "營業收入-當月營收": 344029000
 },
 "2025-01": {
  "_src": "finmind",
  "公司代號": 6994,
  "營業收入-當月營收": 155236000
 },
 "2025-02": {
  "_src": "finmind",
  "公司代號": 6994,
  "營業收入-當月營收": 139351000
 },
 "2025-03": {
  "_src": "finmind",
  "公司代號": 6994,
  "營業收入-當月營收": 119460000
 },
 "2025-04": {
  "_src": "finmind",
  "公司代號": 6994,
  "營業收入-當月營收": 139184000
 },
 "2025-05": {
  "_src": "finmind",
  "公司代號": 6994,
  "營業收入-當月營收": 161172000
 },
 "2025-06": {
  "_src": "finmind",
  "公司代號": 6994,
  "營業收入-當月營收": 140674000
 },
 "2025-07": {
  "_src": "finmind",
  "公司代號": 6994,
  "營業收入-當月營收": 127852000
 },
 "2025-08": {
  "_src": "finmind",
  "公司代號": 6994,
  "營業收入-當月營收": 206969000
 },
 "2025-09": {
  "_src": "finmind",
  "公司代號": 6994,
  "營業收入-當月營收": 340080000
 },
 "2025-10": {
  "_src": "finmind",
  "公司代號": 6994,
  "營業收入-當月營收": 720641000
 },
 "2025-11": {
  "_src": "finmind",
  "公司代號": 6994,
  "營業收入-當月營收": 770473000
 },
 "2025-12": {
  "_src": "finmind",
  "公司代號": 6994,
  "營業收入-當月營收": 1968966000
 },
 "2026-01": {
  "_src": "finmind",
  "公司代號": 6994,
  "營業收入-當月營收": 332789000
 },
 "2026-02": {
  "_src": "finmind",
  "公司代號": 6994,
  "營業收入-當月營收": 166073000
 },
 "2026-03": {
  "_src": "finmind",
  "公司代號": 6994,
  "營業收入-當月營收": 342738000
 },
 "2026-04": {
  "_src": "finmind",
  "公司代號": 6994,
  "營業收入-當月營收": 196474000
 },
 "2026-05": {
  "備註": "依進度認列工程收入及訂單增加所致",
  "公司代號": 6994,
  "公司名稱": "富威電力",
  "營業收入-上月比較增減(%)": 3.940470494823743,
  "營業收入-上月營收": 196474,
  "營業收入-去年同月增減(%)": 26.706872161417618,
  "營業收入-去年當月營收": 161172,
  "營業收入-當月營收": 204216,
  "產業別": "綠能環保",
  "累計營業收入-前期比較增減(%)": 73.89204692589477,
  "累計營業收入-去年累計營收": 714403,
  "累計營業收入-當月累計營收": 1242290,
  "資料年月": 11505
 },
 "2026-06": {
  "備註": "依進度認列工程收入及訂單增加所致",
  "公司代號": 6994,
  "公司名稱": "富威電力",
  "營業收入-上月比較增減(%)": -12.77813687468171,
  "營業收入-上月營收": 204216,
  "營業收入-去年同月增減(%)": 26.61970229040192,
  "營業收入-去年當月營收": 140674,
  "營業收入-當月營收": 178121,
  "產業別": "綠能環保",
  "累計營業收入-前期比較增減(%)": 66.11498145781023,
  "累計營業收入-去年累計營收": 855077,
  "累計營業收入-當月累計營收": 1420411,
  "資料年月": 11506
 }
}