{
 "2024-09": {
  "_src": "finmind",
  "公司代號": 6996,
  "營業收入-當月營收": 253584000
 },
 "2024-10": {
  "_src": "finmind",
  "公司代號": 6996,
  "營業收入-當月營收": 231768000
 },
 "2024-11": {
  "_src": "finmind",
  "公司代號": 6996,
  "營業收入-當月營收": 258000000
 },
 "2024-12": {
  "_src": "finmind",
  "公司代號": 6996,
  "營業收入-當月營收": 234053000
 },
 "2025-01": {
  "_src": "finmind",
  "公司代號": 6996,
  "營業收入-當月營收": 197766000
 },
 "2025-02": {
  "_src": "finmind",
  "公司代號": 6996,
  "營業收入-當月營收": 194475000
 },
 "2025-03": {
  "_src": "finmind",
  "公司代號": 6996,
  "營業收入-當月營收": 232054000
 },
 "2025-04": {
  "_src": "finmind",
  "公司代號": 6996,
  "營業收入-當月營收": 252096000
 },
 "2025-05": {
  "_src": "finmind",
  "公司代號": 6996,
  "營業收入-當月營收": 180409000
 },
 "2025-06": {
  "_src": "finmind",
  "公司代號": 6996,
  "營業收入-當月營收": 184148000
 },
 "2025-07": {
  "_src": "finmind",
  "公司代號": 6996,
  "營業收入-當月營收": 191585000
 },
 "2025-08": {
  "_src": "finmind",
  "公司代號": 6996,
  "營業收入-當月營收": 223199000
 },
 "2025-09": {
  "_src": "finmind",
  "公司代號": 6996,
  "營業收入-當月營收": 243702000
 },
 "2025-10": {
  "_src": "finmind",
  "公司代號": 6996,
  "營業收入-當月營收": 266705000
 },
 "2025-11": {
  "_src": "finmind",
  "公司代號": 6996,
  "營業收入-當月營收": 257927000
 },
 "2025-12": {
  "_src": "finmind",
  "公司代號": 6996,
  "營業收入-當月營收": 266119000
 },
 "2026-01": {
  "_src": "finmind",
  "公司代號": 6996,
  "營業收入-當月營收": 261237000
 },
 "2026-02": {
  "_src": "finmind",
  "公司代號": 6996,
  "營業收入-當月營收": 190048000
 },
 "2026-03": {
  "_src": "finmind",
  "公司代號": 6996,
  "營業收入-當月營收": 268790000
 },
 "2026-04": {
  "_src": "finmind",
  "公司代號": 6996,
  "營業收入-當月營收": 285600000
 },
 "2026-05": {
  "備註": "主係IC出貨量增加所致",
  "公司代號": 6996,
  "公司名稱": "力領科技",
  "營業收入-上月比較增減(%)": 4.946078431372549,
  "營業收入-上月營收": 285600,
  "營業收入-去年同月增減(%)": 66.13694438747513,
  "營業收入-去年當月營收": 180409,
  "營業收入-當月營收": 299726,
  "產業別": "半導體業",
  "累計營業收入-前期比較增減(%)": 23.52394019682059,
  "累計營業收入-去年累計營收": 1056800,
  "累計營業收入-當月累計營收": 1305401,
  "資料年月": 11505
 }
}