{
 "2024-10": {
  "_src": "finmind",
  "公司代號": 6997,
  "營業收入-當月營收": 335267000
 },
 "2024-11": {
  "_src": "finmind",
  "公司代號": 6997,
  "營業收入-當月營收": 341181000
 },
 "2024-12": {
  "_src": "finmind",
  "公司代號": 6997,
  "營業收入-當月營收": 338694000
 },
 "2025-01": {
  "_src": "finmind",
  "公司代號": 6997,
  "營業收入-當月營收": 362353000
 },
 "2025-02": {
  "_src": "finmind",
  "公司代號": 6997,
  "營業收入-當月營收": 333121000
 },
 "2025-03": {
  "_src": "finmind",
  "公司代號": 6997,
  "營業收入-當月營收": 353919000
 },
 "2025-04": {
  "_src": "finmind",
  "公司代號": 6997,
  "營業收入-當月營收": 352747000
 },
 "2025-05": {
  "_src": "finmind",
  "公司代號": 6997,
  "營業收入-當月營收": 350302000
 },
 "2025-06": {
  "_src": "finmind",
  "公司代號": 6997,
  "營業收入-當月營收": 334028000
 },
 "2025-07": {
  "_src": "finmind",
  "公司代號": 6997,
  "營業收入-當月營收": 356805000
 },
 "2025-08": {
  "_src": "finmind",
  "公司代號": 6997,
  "營業收入-當月營收": 377616000
 },
 "2025-09": {
  "_src": "finmind",
  "公司代號": 6997,
  "營業收入-當月營收": 387413000
 },
 "2025-10": {
  "_src": "finmind",
  "公司代號": 6997,
  "營業收入-當月營收": 398243000
 },
 "2025-11": {
  "_src": "finmind",
  "公司代號": 6997,
  "營業收入-當月營收": 445862000
 },
 "2025-12": {
  "_src": "finmind",
  "公司代號": 6997,
  "營業收入-當月營收": 400075000
 },
 "2026-01": {
  "_src": "finmind",
  "公司代號": 6997,
  "營業收入-當月營收": 381905000
 },
 "2026-02": {
  "_src": "finmind",
  "公司代號": 6997,
  "營業收入-當月營收": 339497000
 },
 "2026-03": {
  "_src": "finmind",
  "公司代號": 6997,
  "營業收入-當月營收": 399473000
 },
 "2026-04": {
  "_src": "finmind",
  "公司代號": 6997,
  "營業收入-當月營收": 552324000
 },
 "2026-05": {
  "備註": "係因併購Renova Cloud並納入合併報表，致本月營收較去年同期增幅達50%以上。",
  "公司代號": 6997,
  "公司名稱": "博弘",
  "營業收入-上月比較增減(%)": -2.9618484802398592,
  "營業收入-上月營收": 552324,
  "營業收入-去年同月增減(%)": 53.00083927582486,
  "營業收入-去年當月營收": 350302,
  "營業收入-當月營收": 535965,
  "產業別": "數位雲端",
  "累計營業收入-前期比較增減(%)": 26.061960360479627,
  "累計營業收入-去年累計營收": 1752443,
  "累計營業收入-當月累計營收": 2209164,
  "資料年月": 11505
 },
 "2026-06": {
  "備註": null,
  "公司代號": 6997,
  "公司名稱": "博弘",
  "營業收入-上月比較增減(%)": -8.286175403244615,
  "營業收入-上月營收": 535965,
  "營業收入-去年同月增減(%)": 47.15951956123439,
  "營業收入-去年當月營收": 334028,
  "營業收入-當月營收": 491554,
  "產業別": "數位雲端",
  "累計營業收入-前期比較增減(%)": 29.439517731135492,
  "累計營業收入-去年累計營收": 2086471,
  "累計營業收入-當月累計營收": 2700718,
  "資料年月": 11506
 }
}