{
 "2025-05": {
  "_src": "finmind",
  "公司代號": 7547,
  "營業收入-當月營收": 25936000
 },
 "2025-06": {
  "_src": "finmind",
  "公司代號": 7547,
  "營業收入-當月營收": 32615000
 },
 "2025-07": {
  "_src": "finmind",
  "公司代號": 7547,
  "營業收入-當月營收": 30625000
 },
 "2025-08": {
  "_src": "finmind",
  "公司代號": 7547,
  "營業收入-當月營收": 34338000
 },
 "2025-09": {
  "_src": "finmind",
  "公司代號": 7547,
  "營業收入-當月營收": 39306000
 },
 "2025-10": {
  "_src": "finmind",
  "公司代號": 7547,
  "營業收入-當月營收": 34999000
 },
 "2025-11": {
  "_src": "finmind",
  "公司代號": 7547,
  "營業收入-當月營收": 27326000
 },
 "2025-12": {
  "_src": "finmind",
  "公司代號": 7547,
  "營業收入-當月營收": 31110000
 },
 "2026-01": {
  "_src": "finmind",
  "公司代號": 7547,
  "營業收入-當月營收": 28157000
 },
 "2026-02": {
  "_src": "finmind",
  "公司代號": 7547,
  "營業收入-當月營收": 27203000
 },
 "2026-03": {
  "_src": "finmind",
  "公司代號": 7547,
  "營業收入-當月營收": 35380000
 },
 "2026-04": {
  "_src": "finmind",
  "公司代號": 7547,
  "營業收入-當月營收": 24465000
 },
 "2026-05": {
  "備註": null,
  "公司代號": 7547,
  "公司名稱": "碩網",
  "營業收入-上月比較增減(%)": 45.91048436541999,
  "營業收入-上月營收": 24465,
  "營業收入-去年同月增減(%)": 37.63494756323257,
  "營業收入-去年當月營收": 25936,
  "營業收入-當月營收": 35697,
  "產業別": "數位雲端",
  "累計營業收入-前期比較增減(%)": 35.383041906282806,
  "累計營業收入-去年累計營收": 111463,
  "累計營業收入-當月累計營收": 150902,
  "資料年月": 11505
 },
 "2026-06": {
  "備註": null,
  "公司代號": 7547,
  "公司名稱": "碩網",
  "營業收入-上月比較增減(%)": 24.486651539345043,
  "營業收入-上月營收": 35697,
  "營業收入-去年同月增減(%)": 36.25019162961827,
  "營業收入-去年當月營收": 32615,
  "營業收入-當月營收": 44438,
  "產業別": "數位雲端",
  "累計營業收入-前期比較增減(%)": 35.57933896916948,
  "累計營業收入-去年累計營收": 144078,
  "累計營業收入-當月累計營收": 195340,
  "資料年月": 11506
 }
}