{
 "2024-05": {
  "_src": "finmind",
  "公司代號": 7584,
  "營業收入-當月營收": 72439000
 },
 "2024-06": {
  "_src": "finmind",
  "公司代號": 7584,
  "營業收入-當月營收": 137196000
 },
 "2024-07": {
  "_src": "finmind",
  "公司代號": 7584,
  "營業收入-當月營收": 123710000
 },
 "2024-08": {
  "_src": "finmind",
  "公司代號": 7584,
  "營業收入-當月營收": 96328000
 },
 "2024-09": {
  "_src": "finmind",
  "公司代號": 7584,
  "營業收入-當月營收": 103469000
 },
 "2024-10": {
  "_src": "finmind",
  "公司代號": 7584,
  "營業收入-當月營收": 93013000
 },
 "2024-11": {
  "_src": "finmind",
  "公司代號": 7584,
  "營業收入-當月營收": 95205000
 },
 "2024-12": {
  "_src": "finmind",
  "公司代號": 7584,
  "營業收入-當月營收": 82492000
 },
 "2025-01": {
  "_src": "finmind",
  "公司代號": 7584,
  "營業收入-當月營收": 128404000
 },
 "2025-02": {
  "_src": "finmind",
  "公司代號": 7584,
  "營業收入-當月營收": 96564000
 },
 "2025-03": {
  "_src": "finmind",
  "公司代號": 7584,
  "營業收入-當月營收": 84332000
 },
 "2025-04": {
  "_src": "finmind",
  "公司代號": 7584,
  "營業收入-當月營收": 75645000
 },
 "2025-05": {
  "_src": "finmind",
  "公司代號": 7584,
  "營業收入-當月營收": 78731000
 },
 "2025-06": {
  "_src": "finmind",
  "公司代號": 7584,
  "營業收入-當月營收": 75041000
 },
 "2025-07": {
  "_src": "finmind",
  "公司代號": 7584,
  "營業收入-當月營收": 68539000
 },
 "2025-08": {
  "_src": "finmind",
  "公司代號": 7584,
  "營業收入-當月營收": 81957000
 },
 "2025-09": {
  "_src": "finmind",
  "公司代號": 7584,
  "營業收入-當月營收": 63402000
 },
 "2025-10": {
  "_src": "finmind",
  "公司代號": 7584,
  "營業收入-當月營收": 66256000
 },
 "2025-11": {
  "_src": "finmind",
  "公司代號": 7584,
  "營業收入-當月營收": 80413000
 },
 "2025-12": {
  "_src": "finmind",
  "公司代號": 7584,
  "營業收入-當月營收": 71145000
 },
 "2026-01": {
  "_src": "finmind",
  "公司代號": 7584,
  "營業收入-當月營收": 71758000
 },
 "2026-02": {
  "_src": "finmind",
  "公司代號": 7584,
  "營業收入-當月營收": 90577000
 },
 "2026-03": {
  "_src": "finmind",
  "公司代號": 7584,
  "營業收入-當月營收": 62312000
 },
 "2026-04": {
  "_src": "finmind",
  "公司代號": 7584,
  "營業收入-當月營收": 69713000
 },
 "2026-05": {
  "備註": null,
  "公司代號": 7584,
  "公司名稱": "樂意",
  "出表日期": 1150617,
  "營業收入-上月比較增減(%)": 48.85602398404889,
  "營業收入-上月營收": 69713,
  "營業收入-去年同月增減(%)": 31.805769010935972,
  "營業收入-去年當月營收": 78731,
  "營業收入-當月營收": 103772,
  "產業別": "文化創意業",
  "累計營業收入-前期比較增減(%)": -14.135732709909506,
  "累計營業收入-去年累計營收": 463676,
  "累計營業收入-當月累計營收": 398132,
  "資料年月": 11505
 }
}