{
 "2025-06": {
  "_src": "finmind",
  "公司代號": 7610,
  "營業收入-當月營收": 114784000
 },
 "2025-07": {
  "_src": "finmind",
  "公司代號": 7610,
  "營業收入-當月營收": 118115000
 },
 "2025-08": {
  "_src": "finmind",
  "公司代號": 7610,
  "營業收入-當月營收": 119064000
 },
 "2025-09": {
  "_src": "finmind",
  "公司代號": 7610,
  "營業收入-當月營收": 130406000
 },
 "2025-10": {
  "_src": "finmind",
  "公司代號": 7610,
  "營業收入-當月營收": 159565000
 },
 "2025-11": {
  "_src": "finmind",
  "公司代號": 7610,
  "營業收入-當月營收": 162455000
 },
 "2025-12": {
  "_src": "finmind",
  "公司代號": 7610,
  "營業收入-當月營收": 194359000
 },
 "2026-01": {
  "_src": "finmind",
  "公司代號": 7610,
  "營業收入-當月營收": 268780000
 },
 "2026-02": {
  "_src": "finmind",
  "公司代號": 7610,
  "營業收入-當月營收": 269795000
 },
 "2026-03": {
  "_src": "finmind",
  "公司代號": 7610,
  "營業收入-當月營收": 463188000
 },
 "2026-04": {
  "_src": "finmind",
  "公司代號": 7610,
  "營業收入-當月營收": 559985000
 },
 "2026-05": {
  "備註": "5月單月及累積合併營收較去年同期分別增加462%及435%，主要在於鎢製品出貨價格較去年同期增加所致。",
  "公司代號": 7610,
  "公司名稱": "聯友金屬-創",
  "營業收入-上月比較增減(%)": 9.87062153450539,
  "營業收入-上月營收": 559985,
  "營業收入-去年同月增減(%)": 462.17814001937097,
  "營業收入-去年當月營收": 109442,
  "營業收入-當月營收": 615259,
  "產業別": "綠能環保",
  "累計營業收入-前期比較增減(%)": 435.1662155750742,
  "累計營業收入-去年累計營收": 406791,
  "累計營業收入-當月累計營收": 2177008,
  "資料年月": 11505
 },
 "2026-06": {
  "備註": "6月單月及累積合併營收較去年同期分別增加555%及462%，主要在於鎢製品出貨量及出貨價格較去年同期增加所致。",
  "公司代號": 7610,
  "公司名稱": "聯友金屬-創",
  "營業收入-上月比較增減(%)": 22.278422583009757,
  "營業收入-上月營收": 615259,
  "營業收入-去年同月增減(%)": 555.4301993309172,
  "營業收入-去年當月營收": 114784,
  "營業收入-當月營收": 752329,
  "產業別": "綠能環保",
  "累計營業收入-前期比較增減(%)": 461.63313042227867,
  "累計營業收入-去年累計營收": 521575,
  "累計營業收入-當月累計營收": 2929338,
  "資料年月": 11506
 }
}