{
 "2025-01": {
  "_src": "finmind",
  "公司代號": 7631,
  "營業收入-當月營收": 51120000
 },
 "2025-02": {
  "_src": "finmind",
  "公司代號": 7631,
  "營業收入-當月營收": 74989000
 },
 "2025-03": {
  "_src": "finmind",
  "公司代號": 7631,
  "營業收入-當月營收": 78817000
 },
 "2025-04": {
  "_src": "finmind",
  "公司代號": 7631,
  "營業收入-當月營收": 80269000
 },
 "2025-05": {
  "_src": "finmind",
  "公司代號": 7631,
  "營業收入-當月營收": 73832000
 },
 "2025-06": {
  "_src": "finmind",
  "公司代號": 7631,
  "營業收入-當月營收": 61195000
 },
 "2025-07": {
  "_src": "finmind",
  "公司代號": 7631,
  "營業收入-當月營收": 73134000
 },
 "2025-08": {
  "_src": "finmind",
  "公司代號": 7631,
  "營業收入-當月營收": 68018000
 },
 "2025-09": {
  "_src": "finmind",
  "公司代號": 7631,
  "營業收入-當月營收": 72138000
 },
 "2025-10": {
  "_src": "finmind",
  "公司代號": 7631,
  "營業收入-當月營收": 107297000
 },
 "2025-11": {
  "_src": "finmind",
  "公司代號": 7631,
  "營業收入-當月營收": 110795000
 },
 "2025-12": {
  "_src": "finmind",
  "公司代號": 7631,
  "營業收入-當月營收": 250850000
 },
 "2026-01": {
  "_src": "finmind",
  "公司代號": 7631,
  "營業收入-當月營收": 150218000
 },
 "2026-02": {
  "_src": "finmind",
  "公司代號": 7631,
  "營業收入-當月營收": 135796000
 },
 "2026-03": {
  "_src": "finmind",
  "公司代號": 7631,
  "營業收入-當月營收": 122497000
 },
 "2026-04": {
  "_src": "finmind",
  "公司代號": 7631,
  "營業收入-當月營收": 135463000
 },
 "2026-05": {
  "備註": "本月營收較去年同期成長，主要受惠於新加坡訂單挹注。",
  "公司代號": 7631,
  "公司名稱": "聚賢研發-創",
  "營業收入-上月比較增減(%)": 31.25355263060762,
  "營業收入-上月營收": 135463,
  "營業收入-去年同月增減(%)": 140.81698992306858,
  "營業收入-去年當月營收": 73832,
  "營業收入-當月營收": 177800,
  "產業別": "其他電子業",
  "累計營業收入-前期比較增減(%)": 101.0361337726689,
  "累計營業收入-去年累計營收": 359027,
  "累計營業收入-當月累計營收": 721774,
  "資料年月": 11505
 }
}