{
 "2025-03": {
  "_src": "finmind",
  "公司代號": 7642,
  "營業收入-當月營收": 100004000
 },
 "2025-04": {
  "_src": "finmind",
  "公司代號": 7642,
  "營業收入-當月營收": 71987000
 },
 "2025-05": {
  "_src": "finmind",
  "公司代號": 7642,
  "營業收入-當月營收": 72139000
 },
 "2025-06": {
  "_src": "finmind",
  "公司代號": 7642,
  "營業收入-當月營收": 88047000
 },
 "2025-07": {
  "_src": "finmind",
  "公司代號": 7642,
  "營業收入-當月營收": 82743000
 },
 "2025-08": {
  "_src": "finmind",
  "公司代號": 7642,
  "營業收入-當月營收": 67136000
 },
 "2025-09": {
  "_src": "finmind",
  "公司代號": 7642,
  "營業收入-當月營收": 43078000
 },
 "2025-10": {
  "_src": "finmind",
  "公司代號": 7642,
  "營業收入-當月營收": 51924000
 },
 "2025-11": {
  "_src": "finmind",
  "公司代號": 7642,
  "營業收入-當月營收": 42819000
 },
 "2025-12": {
  "_src": "finmind",
  "公司代號": 7642,
  "營業收入-當月營收": 57704000
 },
 "2026-01": {
  "_src": "finmind",
  "公司代號": 7642,
  "營業收入-當月營收": 44766000
 },
 "2026-02": {
  "_src": "finmind",
  "公司代號": 7642,
  "營業收入-當月營收": 42477000
 },
 "2026-03": {
  "_src": "finmind",
  "公司代號": 7642,
  "營業收入-當月營收": 36661000
 },
 "2026-04": {
  "_src": "finmind",
  "公司代號": 7642,
  "營業收入-當月營收": 49627000
 },
 "2026-05": {
  "備註": null,
  "公司代號": 7642,
  "公司名稱": "昶瑞機電",
  "營業收入-上月比較增減(%)": 51.21204183206722,
  "營業收入-上月營收": 49627,
  "營業收入-去年同月增減(%)": 4.0241755499799,
  "營業收入-去年當月營收": 72139,
  "營業收入-當月營收": 75042,
  "產業別": "電機機械",
  "累計營業收入-前期比較增減(%)": -33.6508792346868,
  "累計營業收入-去年累計營收": 374644,
  "累計營業收入-當月累計營收": 248573,
  "資料年月": 11505
 }
}