{
 "2024-09": {
  "_src": "finmind",
  "公司代號": 7703,
  "營業收入-當月營收": 198743000
 },
 "2024-10": {
  "_src": "finmind",
  "公司代號": 7703,
  "營業收入-當月營收": 182232000
 },
 "2024-11": {
  "_src": "finmind",
  "公司代號": 7703,
  "營業收入-當月營收": 214979000
 },
 "2024-12": {
  "_src": "finmind",
  "公司代號": 7703,
  "營業收入-當月營收": 235577000
 },
 "2025-01": {
  "_src": "finmind",
  "公司代號": 7703,
  "營業收入-當月營收": 160698000
 },
 "2025-02": {
  "_src": "finmind",
  "公司代號": 7703,
  "營業收入-當月營收": 169644000
 },
 "2025-03": {
  "_src": "finmind",
  "公司代號": 7703,
  "營業收入-當月營收": 169303000
 },
 "2025-04": {
  "_src": "finmind",
  "公司代號": 7703,
  "營業收入-當月營收": 208318000
 },
 "2025-05": {
  "_src": "finmind",
  "公司代號": 7703,
  "營業收入-當月營收": 241677000
 },
 "2025-06": {
  "_src": "finmind",
  "公司代號": 7703,
  "營業收入-當月營收": 227529000
 },
 "2025-07": {
  "_src": "finmind",
  "公司代號": 7703,
  "營業收入-當月營收": 179567000
 },
 "2025-08": {
  "_src": "finmind",
  "公司代號": 7703,
  "營業收入-當月營收": 201155000
 },
 "2025-09": {
  "_src": "finmind",
  "公司代號": 7703,
  "營業收入-當月營收": 219783000
 },
 "2025-10": {
  "_src": "finmind",
  "公司代號": 7703,
  "營業收入-當月營收": 253064000
 },
 "2025-11": {
  "_src": "finmind",
  "公司代號": 7703,
  "營業收入-當月營收": 305911000
 },
 "2025-12": {
  "_src": "finmind",
  "公司代號": 7703,
  "營業收入-當月營收": 227769000
 },
 "2026-01": {
  "_src": "finmind",
  "公司代號": 7703,
  "營業收入-當月營收": 185544000
 },
 "2026-02": {
  "_src": "finmind",
  "公司代號": 7703,
  "營業收入-當月營收": 204268000
 },
 "2026-03": {
  "_src": "finmind",
  "公司代號": 7703,
  "營業收入-當月營收": 149705000
 },
 "2026-04": {
  "_src": "finmind",
  "公司代號": 7703,
  "營業收入-當月營收": 257349000
 },
 "2026-05": {
  "備註": null,
  "公司代號": 7703,
  "公司名稱": "銳澤",
  "營業收入-上月比較增減(%)": -11.08727836517725,
  "營業收入-上月營收": 257349,
  "營業收入-去年同月增減(%)": -5.321565560644993,
  "營業收入-去年當月營收": 241677,
  "營業收入-當月營收": 228816,
  "產業別": "其他電子業",
  "累計營業收入-前期比較增減(%)": 8.007455456804683,
  "累計營業收入-去年累計營收": 949640,
  "累計營業收入-當月累計營收": 1025682,
  "資料年月": 11505
 },
 "2026-06": {
  "備註": null,
  "公司代號": 7703,
  "公司名稱": "銳澤",
  "營業收入-上月比較增減(%)": 24.434043073910914,
  "營業收入-上月營收": 228816,
  "營業收入-去年同月增減(%)": 25.137894510150353,
  "營業收入-去年當月營收": 227529,
  "營業收入-當月營收": 284725,
  "產業別": "其他電子業",
  "累計營業收入-前期比較增減(%)": 11.318510766083714,
  "累計營業收入-去年累計營收": 1177169,
  "累計營業收入-當月累計營收": 1310407,
  "資料年月": 11506
 }
}