{
 "2024-10": {
  "_src": "finmind",
  "公司代號": 7704,
  "營業收入-當月營收": 76281000
 },
 "2024-11": {
  "_src": "finmind",
  "公司代號": 7704,
  "營業收入-當月營收": 64995000
 },
 "2024-12": {
  "_src": "finmind",
  "公司代號": 7704,
  "營業收入-當月營收": 44889000
 },
 "2025-01": {
  "_src": "finmind",
  "公司代號": 7704,
  "營業收入-當月營收": 46845000
 },
 "2025-02": {
  "_src": "finmind",
  "公司代號": 7704,
  "營業收入-當月營收": 45345000
 },
 "2025-03": {
  "_src": "finmind",
  "公司代號": 7704,
  "營業收入-當月營收": 67151000
 },
 "2025-04": {
  "_src": "finmind",
  "公司代號": 7704,
  "營業收入-當月營收": 59714000
 },
 "2025-05": {
  "_src": "finmind",
  "公司代號": 7704,
  "營業收入-當月營收": 69472000
 },
 "2025-06": {
  "_src": "finmind",
  "公司代號": 7704,
  "營業收入-當月營收": 54224000
 },
 "2025-07": {
  "_src": "finmind",
  "公司代號": 7704,
  "營業收入-當月營收": 52056000
 },
 "2025-08": {
  "_src": "finmind",
  "公司代號": 7704,
  "營業收入-當月營收": 54952000
 },
 "2025-09": {
  "_src": "finmind",
  "公司代號": 7704,
  "營業收入-當月營收": 52093000
 },
 "2025-10": {
  "_src": "finmind",
  "公司代號": 7704,
  "營業收入-當月營收": 54964000
 },
 "2025-11": {
  "_src": "finmind",
  "公司代號": 7704,
  "營業收入-當月營收": 55758000
 },
 "2025-12": {
  "_src": "finmind",
  "公司代號": 7704,
  "營業收入-當月營收": 58499000
 },
 "2026-01": {
  "_src": "finmind",
  "公司代號": 7704,
  "營業收入-當月營收": 52526000
 },
 "2026-02": {
  "_src": "finmind",
  "公司代號": 7704,
  "營業收入-當月營收": 55958000
 },
 "2026-03": {
  "_src": "finmind",
  "公司代號": 7704,
  "營業收入-當月營收": 66061000
 },
 "2026-04": {
  "_src": "finmind",
  "公司代號": 7704,
  "營業收入-當月營收": 59796000
 },
 "2026-05": {
  "備註": null,
  "公司代號": 7704,
  "公司名稱": "明遠精密",
  "出表日期": 1150617,
  "營業收入-上月比較增減(%)": 18.60492340624791,
  "營業收入-上月營收": 59796,
  "營業收入-去年同月增減(%)": 2.085732381391064,
  "營業收入-去年當月營收": 69472,
  "營業收入-當月營收": 70921,
  "產業別": "半導體業",
  "累計營業收入-前期比較增減(%)": 5.800150419198204,
  "累計營業收入-去年累計營收": 288527,
  "累計營業收入-當月累計營收": 305262,
  "資料年月": 11505
 }
}