{
 "2024-09": {
  "_src": "finmind",
  "公司代號": 7705,
  "營業收入-當月營收": 555141000
 },
 "2024-10": {
  "_src": "finmind",
  "公司代號": 7705,
  "營業收入-當月營收": 504004000
 },
 "2024-11": {
  "_src": "finmind",
  "公司代號": 7705,
  "營業收入-當月營收": 488604000
 },
 "2024-12": {
  "_src": "finmind",
  "公司代號": 7705,
  "營業收入-當月營收": 549088000
 },
 "2025-01": {
  "_src": "finmind",
  "公司代號": 7705,
  "營業收入-當月營收": 569799000
 },
 "2025-02": {
  "_src": "finmind",
  "公司代號": 7705,
  "營業收入-當月營收": 453673000
 },
 "2025-03": {
  "_src": "finmind",
  "公司代號": 7705,
  "營業收入-當月營收": 487400000
 },
 "2025-04": {
  "_src": "finmind",
  "公司代號": 7705,
  "營業收入-當月營收": 479499000
 },
 "2025-05": {
  "_src": "finmind",
  "公司代號": 7705,
  "營業收入-當月營收": 602582000
 },
 "2025-06": {
  "_src": "finmind",
  "公司代號": 7705,
  "營業收入-當月營收": 552522000
 },
 "2025-07": {
  "_src": "finmind",
  "公司代號": 7705,
  "營業收入-當月營收": 581539000
 },
 "2025-08": {
  "_src": "finmind",
  "公司代號": 7705,
  "營業收入-當月營收": 581177000
 },
 "2025-09": {
  "_src": "finmind",
  "公司代號": 7705,
  "營業收入-當月營收": 555910000
 },
 "2025-10": {
  "_src": "finmind",
  "公司代號": 7705,
  "營業收入-當月營收": 505029000
 },
 "2025-11": {
  "_src": "finmind",
  "公司代號": 7705,
  "營業收入-當月營收": 573002000
 },
 "2025-12": {
  "_src": "finmind",
  "公司代號": 7705,
  "營業收入-當月營收": 591307000
 },
 "2026-01": {
  "_src": "finmind",
  "公司代號": 7705,
  "營業收入-當月營收": 512673000
 },
 "2026-02": {
  "_src": "finmind",
  "公司代號": 7705,
  "營業收入-當月營收": 562456000
 },
 "2026-03": {
  "_src": "finmind",
  "公司代號": 7705,
  "營業收入-當月營收": 529317000
 },
 "2026-04": {
  "_src": "finmind",
  "公司代號": 7705,
  "營業收入-當月營收": 488432000
 },
 "2026-05": {
  "備註": null,
  "公司代號": 7705,
  "公司名稱": "三商餐飲",
  "營業收入-上月比較增減(%)": 24.043469715333966,
  "營業收入-上月營收": 488432,
  "營業收入-去年同月增減(%)": 0.5453199730493111,
  "營業收入-去年當月營收": 602582,
  "營業收入-當月營收": 605868,
  "產業別": "觀光餐旅",
  "累計營業收入-前期比較增減(%)": 4.080019961796454,
  "累計營業收入-去年累計營收": 2592953,
  "累計營業收入-當月累計營收": 2698746,
  "資料年月": 11505
 },
 "2026-06": {
  "備註": null,
  "公司代號": 7705,
  "公司名稱": "三商餐飲",
  "營業收入-上月比較增減(%)": -6.120640139436313,
  "營業收入-上月營收": 605868,
  "營業收入-去年同月增減(%)": 2.943412208020676,
  "營業收入-去年當月營收": 552522,
  "營業收入-當月營收": 568785,
  "產業別": "觀光餐旅",
  "累計營業收入-前期比較增減(%)": 3.880369063613306,
  "累計營業收入-去年累計營收": 3145474,
  "累計營業收入-當月累計營收": 3267530,
  "資料年月": 11506
 }
}