{
 "2024-09": {
  "_src": "finmind",
  "公司代號": 7708,
  "營業收入-當月營收": 203348000
 },
 "2024-10": {
  "_src": "finmind",
  "公司代號": 7708,
  "營業收入-當月營收": 191763000
 },
 "2024-11": {
  "_src": "finmind",
  "公司代號": 7708,
  "營業收入-當月營收": 194685000
 },
 "2024-12": {
  "_src": "finmind",
  "公司代號": 7708,
  "營業收入-當月營收": 211857000
 },
 "2025-01": {
  "_src": "finmind",
  "公司代號": 7708,
  "營業收入-當月營收": 235603000
 },
 "2025-02": {
  "_src": "finmind",
  "公司代號": 7708,
  "營業收入-當月營收": 198389000
 },
 "2025-03": {
  "_src": "finmind",
  "公司代號": 7708,
  "營業收入-當月營收": 212092000
 },
 "2025-04": {
  "_src": "finmind",
  "公司代號": 7708,
  "營業收入-當月營收": 206011000
 },
 "2025-05": {
  "_src": "finmind",
  "公司代號": 7708,
  "營業收入-當月營收": 227151000
 },
 "2025-06": {
  "_src": "finmind",
  "公司代號": 7708,
  "營業收入-當月營收": 225092000
 },
 "2025-07": {
  "_src": "finmind",
  "公司代號": 7708,
  "營業收入-當月營收": 238690000
 },
 "2025-08": {
  "_src": "finmind",
  "公司代號": 7708,
  "營業收入-當月營收": 251159000
 },
 "2025-09": {
  "_src": "finmind",
  "公司代號": 7708,
  "營業收入-當月營收": 221667000
 },
 "2025-10": {
  "_src": "finmind",
  "公司代號": 7708,
  "營業收入-當月營收": 235651000
 },
 "2025-11": {
  "_src": "finmind",
  "公司代號": 7708,
  "營業收入-當月營收": 230161000
 },
 "2025-12": {
  "_src": "finmind",
  "公司代號": 7708,
  "營業收入-當月營收": 241507000
 },
 "2026-01": {
  "_src": "finmind",
  "公司代號": 7708,
  "營業收入-當月營收": 238982000
 },
 "2026-02": {
  "_src": "finmind",
  "公司代號": 7708,
  "營業收入-當月營收": 251988000
 },
 "2026-03": {
  "_src": "finmind",
  "公司代號": 7708,
  "營業收入-當月營收": 230600000
 },
 "2026-04": {
  "_src": "finmind",
  "公司代號": 7708,
  "營業收入-當月營收": 238513000
 },
 "2026-05": {
  "備註": null,
  "公司代號": 7708,
  "公司名稱": "全家餐飲",
  "營業收入-上月比較增減(%)": 7.369828898215192,
  "營業收入-上月營收": 238513,
  "營業收入-去年同月增減(%)": 12.740423770971733,
  "營業收入-去年當月營收": 227151,
  "營業收入-當月營收": 256091,
  "產業別": "觀光餐旅",
  "累計營業收入-前期比較增減(%)": 12.687271773745953,
  "累計營業收入-去年累計營收": 1079247,
  "累計營業收入-當月累計營收": 1216174,
  "資料年月": 11505
 },
 "2026-06": {
  "備註": null,
  "公司代號": 7708,
  "公司名稱": "全家餐飲",
  "營業收入-上月比較增減(%)": -1.5400775505582,
  "營業收入-上月營收": 256091,
  "營業收入-去年同月增減(%)": 12.01952979226272,
  "營業收入-去年當月營收": 225092,
  "營業收入-當月營收": 252147,
  "產業別": "觀光餐旅",
  "累計營業收入-前期比較增減(%)": 12.572038404126534,
  "累計營業收入-去年累計營收": 1304339,
  "累計營業收入-當月累計營收": 1468321,
  "資料年月": 11506
 }
}