{
 "2024-12": {
  "_src": "finmind",
  "公司代號": 7709,
  "營業收入-當月營收": 170140000
 },
 "2025-01": {
  "_src": "finmind",
  "公司代號": 7709,
  "營業收入-當月營收": 37736000
 },
 "2025-02": {
  "_src": "finmind",
  "公司代號": 7709,
  "營業收入-當月營收": 55100000
 },
 "2025-03": {
  "_src": "finmind",
  "公司代號": 7709,
  "營業收入-當月營收": 79235000
 },
 "2025-04": {
  "_src": "finmind",
  "公司代號": 7709,
  "營業收入-當月營收": 93732000
 },
 "2025-05": {
  "_src": "finmind",
  "公司代號": 7709,
  "營業收入-當月營收": 58436000
 },
 "2025-06": {
  "_src": "finmind",
  "公司代號": 7709,
  "營業收入-當月營收": 125718000
 },
 "2025-07": {
  "_src": "finmind",
  "公司代號": 7709,
  "營業收入-當月營收": 69180000
 },
 "2025-08": {
  "_src": "finmind",
  "公司代號": 7709,
  "營業收入-當月營收": 41267000
 },
 "2025-09": {
  "_src": "finmind",
  "公司代號": 7709,
  "營業收入-當月營收": 89572000
 },
 "2025-10": {
  "_src": "finmind",
  "公司代號": 7709,
  "營業收入-當月營收": 68717000
 },
 "2025-11": {
  "_src": "finmind",
  "公司代號": 7709,
  "營業收入-當月營收": 93528000
 },
 "2025-12": {
  "_src": "finmind",
  "公司代號": 7709,
  "營業收入-當月營收": 190357000
 },
 "2026-01": {
  "_src": "finmind",
  "公司代號": 7709,
  "營業收入-當月營收": 45399000
 },
 "2026-02": {
  "_src": "finmind",
  "公司代號": 7709,
  "營業收入-當月營收": 51713000
 },
 "2026-03": {
  "_src": "finmind",
  "公司代號": 7709,
  "營業收入-當月營收": 86800000
 },
 "2026-04": {
  "_src": "finmind",
  "公司代號": 7709,
  "營業收入-當月營收": 152694000
 },
 "2026-05": {
  "備註": "主係產業訂單需求增加",
  "公司代號": 7709,
  "公司名稱": "榮田",
  "出表日期": 1150617,
  "營業收入-上月比較增減(%)": -41.065791714147245,
  "營業收入-上月營收": 152694,
  "營業收入-去年同月增減(%)": 53.99582449175166,
  "營業收入-去年當月營收": 58436,
  "營業收入-當月營收": 89989,
  "產業別": "電機機械",
  "累計營業收入-前期比較增減(%)": 31.56807170019646,
  "累計營業收入-去年累計營收": 324239,
  "累計營業收入-當月累計營收": 426595,
  "資料年月": 11505
 }
}