{
 "2025-09": {
  "_src": "finmind",
  "公司代號": 7711,
  "營業收入-當月營收": 3183815000
 },
 "2025-10": {
  "_src": "finmind",
  "公司代號": 7711,
  "營業收入-當月營收": 1888423000
 },
 "2025-11": {
  "_src": "finmind",
  "公司代號": 7711,
  "營業收入-當月營收": 3508872000
 },
 "2025-12": {
  "_src": "finmind",
  "公司代號": 7711,
  "營業收入-當月營收": 1967679000
 },
 "2026-01": {
  "_src": "finmind",
  "公司代號": 7711,
  "營業收入-當月營收": 4816791000
 },
 "2026-02": {
  "_src": "finmind",
  "公司代號": 7711,
  "營業收入-當月營收": 525774000
 },
 "2026-03": {
  "_src": "finmind",
  "公司代號": 7711,
  "營業收入-當月營收": 3548769000
 },
 "2026-04": {
  "_src": "finmind",
  "公司代號": 7711,
  "營業收入-當月營收": 1638017000
 },
 "2026-05": {
  "備註": null,
  "公司代號": 7711,
  "公司名稱": "永擎",
  "出表日期": 1150617,
  "營業收入-上月比較增減(%)": 60.650286291290016,
  "營業收入-上月營收": 1638017,
  "營業收入-去年同月增減(%)": 17.11619051349061,
  "營業收入-去年當月營收": 2246896,
  "營業收入-當月營收": 2631479,
  "產業別": "電腦及週邊設備業",
  "累計營業收入-前期比較增減(%)": 34.07312718479063,
  "累計營業收入-去年累計營收": 9816158,
  "累計營業收入-當月累計營收": 13160830,
  "資料年月": 11505
 }
}