{
 "2024-10": {
  "_src": "finmind",
  "公司代號": 7712,
  "營業收入-當月營收": 103533000
 },
 "2024-11": {
  "_src": "finmind",
  "公司代號": 7712,
  "營業收入-當月營收": 116620000
 },
 "2024-12": {
  "_src": "finmind",
  "公司代號": 7712,
  "營業收入-當月營收": 118725000
 },
 "2025-01": {
  "_src": "finmind",
  "公司代號": 7712,
  "營業收入-當月營收": 100630000
 },
 "2025-02": {
  "_src": "finmind",
  "公司代號": 7712,
  "營業收入-當月營收": 104082000
 },
 "2025-03": {
  "_src": "finmind",
  "公司代號": 7712,
  "營業收入-當月營收": 111109000
 },
 "2025-04": {
  "_src": "finmind",
  "公司代號": 7712,
  "營業收入-當月營收": 127418000
 },
 "2025-05": {
  "_src": "finmind",
  "公司代號": 7712,
  "營業收入-當月營收": 132261000
 },
 "2025-06": {
  "_src": "finmind",
  "公司代號": 7712,
  "營業收入-當月營收": 107592000
 },
 "2025-07": {
  "_src": "finmind",
  "公司代號": 7712,
  "營業收入-當月營收": 102992000
 },
 "2025-08": {
  "_src": "finmind",
  "公司代號": 7712,
  "營業收入-當月營收": 110068000
 },
 "2025-09": {
  "_src": "finmind",
  "公司代號": 7712,
  "營業收入-當月營收": 100307000
 },
 "2025-10": {
  "_src": "finmind",
  "公司代號": 7712,
  "營業收入-當月營收": 110325000
 },
 "2025-11": {
  "_src": "finmind",
  "公司代號": 7712,
  "營業收入-當月營收": 100728000
 },
 "2025-12": {
  "_src": "finmind",
  "公司代號": 7712,
  "營業收入-當月營收": 108984000
 },
 "2026-01": {
  "_src": "finmind",
  "公司代號": 7712,
  "營業收入-當月營收": 113212000
 },
 "2026-02": {
  "_src": "finmind",
  "公司代號": 7712,
  "營業收入-當月營收": 101943000
 },
 "2026-03": {
  "_src": "finmind",
  "公司代號": 7712,
  "營業收入-當月營收": 115019000
 },
 "2026-04": {
  "_src": "finmind",
  "公司代號": 7712,
  "營業收入-當月營收": 131150000
 },
 "2026-05": {
  "備註": null,
  "公司代號": 7712,
  "公司名稱": "博盛半導體",
  "營業收入-上月比較增減(%)": 3.547845977887915,
  "營業收入-上月營收": 131150,
  "營業收入-去年同月增減(%)": 2.6780381215929108,
  "營業收入-去年當月營收": 132261,
  "營業收入-當月營收": 135803,
  "產業別": "半導體業",
  "累計營業收入-前期比較增減(%)": 3.757949609035621,
  "累計營業收入-去年累計營收": 575500,
  "累計營業收入-當月累計營收": 597127,
  "資料年月": 11505
 }
}