{
 "2024-12": {
  "_src": "finmind",
  "公司代號": 7713,
  "營業收入-當月營收": 79837000
 },
 "2025-01": {
  "_src": "finmind",
  "公司代號": 7713,
  "營業收入-當月營收": 80734000
 },
 "2025-02": {
  "_src": "finmind",
  "公司代號": 7713,
  "營業收入-當月營收": 74863000
 },
 "2025-03": {
  "_src": "finmind",
  "公司代號": 7713,
  "營業收入-當月營收": 89536000
 },
 "2025-04": {
  "_src": "finmind",
  "公司代號": 7713,
  "營業收入-當月營收": 82822000
 },
 "2025-05": {
  "_src": "finmind",
  "公司代號": 7713,
  "營業收入-當月營收": 92335000
 },
 "2025-06": {
  "_src": "finmind",
  "公司代號": 7713,
  "營業收入-當月營收": 97929000
 },
 "2025-07": {
  "_src": "finmind",
  "公司代號": 7713,
  "營業收入-當月營收": 94914000
 },
 "2025-08": {
  "_src": "finmind",
  "公司代號": 7713,
  "營業收入-當月營收": 101187000
 },
 "2025-09": {
  "_src": "finmind",
  "公司代號": 7713,
  "營業收入-當月營收": 99790000
 },
 "2025-10": {
  "_src": "finmind",
  "公司代號": 7713,
  "營業收入-當月營收": 97689000
 },
 "2025-11": {
  "_src": "finmind",
  "公司代號": 7713,
  "營業收入-當月營收": 100918000
 },
 "2025-12": {
  "_src": "finmind",
  "公司代號": 7713,
  "營業收入-當月營收": 96583000
 },
 "2026-01": {
  "_src": "finmind",
  "公司代號": 7713,
  "營業收入-當月營收": 98293000
 },
 "2026-02": {
  "_src": "finmind",
  "公司代號": 7713,
  "營業收入-當月營收": 78323000
 },
 "2026-03": {
  "_src": "finmind",
  "公司代號": 7713,
  "營業收入-當月營收": 102328000
 },
 "2026-04": {
  "_src": "finmind",
  "公司代號": 7713,
  "營業收入-當月營收": 114957000
 },
 "2026-05": {
  "備註": null,
  "公司代號": 7713,
  "公司名稱": "威力德生醫",
  "營業收入-上月比較增減(%)": -3.168141131031603,
  "營業收入-上月營收": 114957,
  "營業收入-去年同月增減(%)": 20.555585639248388,
  "營業收入-去年當月營收": 92335,
  "營業收入-當月營收": 111315,
  "產業別": "生技醫療業",
  "累計營業收入-前期比較增減(%)": 20.20652406671584,
  "累計營業收入-去年累計營收": 420290,
  "累計營業收入-當月累計營收": 505216,
  "資料年月": 11505
 },
 "2026-06": {
  "備註": null,
  "公司代號": 7713,
  "公司名稱": "威力德生醫",
  "營業收入-上月比較增減(%)": 1.3789695908008803,
  "營業收入-上月營收": 111315,
  "營業收入-去年同月增減(%)": 15.2365489283052,
  "營業收入-去年當月營收": 97929,
  "營業收入-當月營收": 112850,
  "產業別": "生技醫療業",
  "累計營業收入-前期比較增減(%)": 19.267336782325618,
  "累計營業收入-去年累計營收": 518219,
  "累計營業收入-當月累計營收": 618066,
  "資料年月": 11506
 }
}