{
 "2024-11": {
  "_src": "finmind",
  "公司代號": 7714,
  "營業收入-當月營收": 100304000
 },
 "2024-12": {
  "_src": "finmind",
  "公司代號": 7714,
  "營業收入-當月營收": 212196000
 },
 "2025-01": {
  "_src": "finmind",
  "公司代號": 7714,
  "營業收入-當月營收": 116991000
 },
 "2025-02": {
  "_src": "finmind",
  "公司代號": 7714,
  "營業收入-當月營收": 132830000
 },
 "2025-03": {
  "_src": "finmind",
  "公司代號": 7714,
  "營業收入-當月營收": 171844000
 },
 "2025-04": {
  "_src": "finmind",
  "公司代號": 7714,
  "營業收入-當月營收": 160399000
 },
 "2025-05": {
  "_src": "finmind",
  "公司代號": 7714,
  "營業收入-當月營收": 123750000
 },
 "2025-06": {
  "_src": "finmind",
  "公司代號": 7714,
  "營業收入-當月營收": 129527000
 },
 "2025-07": {
  "_src": "finmind",
  "公司代號": 7714,
  "營業收入-當月營收": 133711000
 },
 "2025-08": {
  "_src": "finmind",
  "公司代號": 7714,
  "營業收入-當月營收": 177124000
 },
 "2025-09": {
  "_src": "finmind",
  "公司代號": 7714,
  "營業收入-當月營收": 149966000
 },
 "2025-10": {
  "_src": "finmind",
  "公司代號": 7714,
  "營業收入-當月營收": 166949000
 },
 "2025-11": {
  "_src": "finmind",
  "公司代號": 7714,
  "營業收入-當月營收": 142313000
 },
 "2025-12": {
  "_src": "finmind",
  "公司代號": 7714,
  "營業收入-當月營收": 199517000
 },
 "2026-01": {
  "_src": "finmind",
  "公司代號": 7714,
  "營業收入-當月營收": 142717000
 },
 "2026-02": {
  "_src": "finmind",
  "公司代號": 7714,
  "營業收入-當月營收": 144576000
 },
 "2026-03": {
  "_src": "finmind",
  "公司代號": 7714,
  "營業收入-當月營收": 158714000
 },
 "2026-04": {
  "_src": "finmind",
  "公司代號": 7714,
  "營業收入-當月營收": 144205000
 },
 "2026-05": {
  "備註": null,
  "公司代號": 7714,
  "公司名稱": "創泓科技",
  "營業收入-上月比較增減(%)": 4.465864567802781,
  "營業收入-上月營收": 144205,
  "營業收入-去年同月增減(%)": 21.733333333333334,
  "營業收入-去年當月營收": 123750,
  "營業收入-當月營收": 150645,
  "產業別": "數位雲端",
  "累計營業收入-前期比較增減(%)": 4.964905768375238,
  "累計營業收入-去年累計營收": 705814,
  "累計營業收入-當月累計營收": 740857,
  "資料年月": 11505
 }
}