{
 "2024-11": {
  "_src": "finmind",
  "公司代號": 7715,
  "營業收入-當月營收": 140828000
 },
 "2024-12": {
  "_src": "finmind",
  "公司代號": 7715,
  "營業收入-當月營收": 205877000
 },
 "2025-01": {
  "_src": "finmind",
  "公司代號": 7715,
  "營業收入-當月營收": 79540000
 },
 "2025-02": {
  "_src": "finmind",
  "公司代號": 7715,
  "營業收入-當月營收": 122823000
 },
 "2025-03": {
  "_src": "finmind",
  "公司代號": 7715,
  "營業收入-當月營收": 236165000
 },
 "2025-04": {
  "_src": "finmind",
  "公司代號": 7715,
  "營業收入-當月營收": 87379000
 },
 "2025-05": {
  "_src": "finmind",
  "公司代號": 7715,
  "營業收入-當月營收": 115519000
 },
 "2025-06": {
  "_src": "finmind",
  "公司代號": 7715,
  "營業收入-當月營收": 138129000
 },
 "2025-07": {
  "_src": "finmind",
  "公司代號": 7715,
  "營業收入-當月營收": 78910000
 },
 "2025-08": {
  "_src": "finmind",
  "公司代號": 7715,
  "營業收入-當月營收": 75523000
 },
 "2025-09": {
  "_src": "finmind",
  "公司代號": 7715,
  "營業收入-當月營收": 61339000
 },
 "2025-10": {
  "_src": "finmind",
  "公司代號": 7715,
  "營業收入-當月營收": 55682000
 },
 "2025-11": {
  "_src": "finmind",
  "公司代號": 7715,
  "營業收入-當月營收": 106543000
 },
 "2025-12": {
  "_src": "finmind",
  "公司代號": 7715,
  "營業收入-當月營收": 81595000
 },
 "2026-01": {
  "_src": "finmind",
  "公司代號": 7715,
  "營業收入-當月營收": 40658000
 },
 "2026-02": {
  "_src": "finmind",
  "公司代號": 7715,
  "營業收入-當月營收": 72647000
 },
 "2026-03": {
  "_src": "finmind",
  "公司代號": 7715,
  "營業收入-當月營收": 78500000
 },
 "2026-04": {
  "_src": "finmind",
  "公司代號": 7715,
  "營業收入-當月營收": 102162000
 },
 "2026-05": {
  "備註": null,
  "公司代號": 7715,
  "公司名稱": "裕山",
  "出表日期": 1150617,
  "營業收入-上月比較增減(%)": 3.5492648930130577,
  "營業收入-上月營收": 102162,
  "營業收入-去年同月增減(%)": -8.423722504523065,
  "營業收入-去年當月營收": 115519,
  "營業收入-當月營收": 105788,
  "產業別": "綠能環保",
  "累計營業收入-前期比較增減(%)": -37.677047199594654,
  "累計營業收入-去年累計營收": 641425,
  "累計營業收入-當月累計營收": 399755,
  "資料年月": 11505
 }
}