{
 "2025-08": {
  "_src": "finmind",
  "公司代號": 7716,
  "營業收入-當月營收": 167178000
 },
 "2025-09": {
  "_src": "finmind",
  "公司代號": 7716,
  "營業收入-當月營收": 147906000
 },
 "2025-10": {
  "_src": "finmind",
  "公司代號": 7716,
  "營業收入-當月營收": 148546000
 },
 "2025-11": {
  "_src": "finmind",
  "公司代號": 7716,
  "營業收入-當月營收": 150979000
 },
 "2025-12": {
  "_src": "finmind",
  "公司代號": 7716,
  "營業收入-當月營收": 155209000
 },
 "2026-01": {
  "_src": "finmind",
  "公司代號": 7716,
  "營業收入-當月營收": 162447000
 },
 "2026-02": {
  "_src": "finmind",
  "公司代號": 7716,
  "營業收入-當月營收": 130862000
 },
 "2026-03": {
  "_src": "finmind",
  "公司代號": 7716,
  "營業收入-當月營收": 153014000
 },
 "2026-04": {
  "_src": "finmind",
  "公司代號": 7716,
  "營業收入-當月營收": 164912000
 },
 "2026-05": {
  "備註": null,
  "公司代號": 7716,
  "公司名稱": "昱臺國際",
  "出表日期": 1150617,
  "營業收入-上月比較增減(%)": 18.480765499175316,
  "營業收入-上月營收": 164912,
  "營業收入-去年同月增減(%)": 9.329938729261674,
  "營業收入-去年當月營收": 178715,
  "營業收入-當月營收": 195389,
  "產業別": "航運業",
  "累計營業收入-前期比較增減(%)": -8.09672685510113,
  "累計營業收入-去年累計營收": 877688,
  "累計營業收入-當月累計營收": 806624,
  "資料年月": 11505
 }
}