{
 "2025-09": {
  "_src": "finmind",
  "公司代號": 7717,
  "營業收入-當月營收": 59076000
 },
 "2025-10": {
  "_src": "finmind",
  "公司代號": 7717,
  "營業收入-當月營收": 49820000
 },
 "2025-11": {
  "_src": "finmind",
  "公司代號": 7717,
  "營業收入-當月營收": 59528000
 },
 "2025-12": {
  "_src": "finmind",
  "公司代號": 7717,
  "營業收入-當月營收": 74793000
 },
 "2026-01": {
  "_src": "finmind",
  "公司代號": 7717,
  "營業收入-當月營收": 98597000
 },
 "2026-02": {
  "_src": "finmind",
  "公司代號": 7717,
  "營業收入-當月營收": 77206000
 },
 "2026-03": {
  "_src": "finmind",
  "公司代號": 7717,
  "營業收入-當月營收": 80379000
 },
 "2026-04": {
  "_src": "finmind",
  "公司代號": 7717,
  "營業收入-當月營收": 94536000
 },
 "2026-05": {
  "備註": null,
  "公司代號": 7717,
  "公司名稱": "萊德光電-KY",
  "營業收入-上月比較增減(%)": 5.81048489464331,
  "營業收入-上月營收": 94536,
  "營業收入-去年同月增減(%)": 10.412159477239614,
  "營業收入-去年當月營收": 90596,
  "營業收入-當月營收": 100029,
  "產業別": "通信網路業",
  "累計營業收入-前期比較增減(%)": 8.736358109868478,
  "累計營業收入-去年累計營收": 414532,
  "累計營業收入-當月累計營收": 450747,
  "資料年月": 11505
 }
}