{
 "2025-01": {
  "_src": "finmind",
  "公司代號": 7718,
  "營業收入-當月營收": 224450000
 },
 "2025-02": {
  "_src": "finmind",
  "公司代號": 7718,
  "營業收入-當月營收": 151730000
 },
 "2025-03": {
  "_src": "finmind",
  "公司代號": 7718,
  "營業收入-當月營收": 219784000
 },
 "2025-04": {
  "_src": "finmind",
  "公司代號": 7718,
  "營業收入-當月營收": 183751000
 },
 "2025-05": {
  "_src": "finmind",
  "公司代號": 7718,
  "營業收入-當月營收": 234749000
 },
 "2025-06": {
  "_src": "finmind",
  "公司代號": 7718,
  "營業收入-當月營收": 196904000
 },
 "2025-07": {
  "_src": "finmind",
  "公司代號": 7718,
  "營業收入-當月營收": 192826000
 },
 "2025-08": {
  "_src": "finmind",
  "公司代號": 7718,
  "營業收入-當月營收": 200307000
 },
 "2025-09": {
  "_src": "finmind",
  "公司代號": 7718,
  "營業收入-當月營收": 210620000
 },
 "2025-10": {
  "_src": "finmind",
  "公司代號": 7718,
  "營業收入-當月營收": 184690000
 },
 "2025-11": {
  "_src": "finmind",
  "公司代號": 7718,
  "營業收入-當月營收": 206408000
 },
 "2025-12": {
  "_src": "finmind",
  "公司代號": 7718,
  "營業收入-當月營收": 236950000
 },
 "2026-01": {
  "_src": "finmind",
  "公司代號": 7718,
  "營業收入-當月營收": 202104000
 },
 "2026-02": {
  "_src": "finmind",
  "公司代號": 7718,
  "營業收入-當月營收": 212812000
 },
 "2026-03": {
  "_src": "finmind",
  "公司代號": 7718,
  "營業收入-當月營收": 216246000
 },
 "2026-04": {
  "_src": "finmind",
  "公司代號": 7718,
  "營業收入-當月營收": 172082000
 },
 "2026-05": {
  "備註": null,
  "公司代號": 7718,
  "公司名稱": "友鋮",
  "營業收入-上月比較增減(%)": 32.537976081170605,
  "營業收入-上月營收": 172082,
  "營業收入-去年同月增減(%)": -2.843462591959923,
  "營業收入-去年當月營收": 234749,
  "營業收入-當月營收": 228074,
  "產業別": "電機機械",
  "累計營業收入-前期比較增減(%)": 1.661369945113873,
  "累計營業收入-去年累計營收": 1014464,
  "累計營業收入-當月累計營收": 1031318,
  "資料年月": 11505
 }
}