{
 "2025-05": {
  "_src": "finmind",
  "公司代號": 7721,
  "營業收入-當月營收": 37030000
 },
 "2025-06": {
  "_src": "finmind",
  "公司代號": 7721,
  "營業收入-當月營收": 50272000
 },
 "2025-07": {
  "_src": "finmind",
  "公司代號": 7721,
  "營業收入-當月營收": 37432000
 },
 "2025-08": {
  "_src": "finmind",
  "公司代號": 7721,
  "營業收入-當月營收": 37163000
 },
 "2025-09": {
  "_src": "finmind",
  "公司代號": 7721,
  "營業收入-當月營收": 45219000
 },
 "2025-10": {
  "_src": "finmind",
  "公司代號": 7721,
  "營業收入-當月營收": 36622000
 },
 "2025-11": {
  "_src": "finmind",
  "公司代號": 7721,
  "營業收入-當月營收": 48427000
 },
 "2025-12": {
  "_src": "finmind",
  "公司代號": 7721,
  "營業收入-當月營收": 54905000
 },
 "2026-01": {
  "_src": "finmind",
  "公司代號": 7721,
  "營業收入-當月營收": 41522000
 },
 "2026-02": {
  "_src": "finmind",
  "公司代號": 7721,
  "營業收入-當月營收": 52316000
 },
 "2026-03": {
  "_src": "finmind",
  "公司代號": 7721,
  "營業收入-當月營收": 49972000
 },
 "2026-04": {
  "_src": "finmind",
  "公司代號": 7721,
  "營業收入-當月營收": 61277000
 },
 "2026-05": {
  "備註": "本月營收增加，主要是電子支付營收增加",
  "公司代號": 7721,
  "公司名稱": "微程式",
  "出表日期": 1150617,
  "營業收入-上月比較增減(%)": 4.136951874275829,
  "營業收入-上月營收": 61277,
  "營業收入-去年同月增減(%)": 72.32514177693761,
  "營業收入-去年當月營收": 37030,
  "營業收入-當月營收": 63812,
  "產業別": "數位雲端",
  "累計營業收入-前期比較增減(%)": 35.98132967883204,
  "累計營業收入-去年累計營收": 197747,
  "累計營業收入-當月累計營收": 268899,
  "資料年月": 11505
 }
}