{
 "2024-09": {
  "_src": "finmind",
  "公司代號": 7722,
  "營業收入-當月營收": 545790000
 },
 "2024-10": {
  "_src": "finmind",
  "公司代號": 7722,
  "營業收入-當月營收": 556593000
 },
 "2024-11": {
  "_src": "finmind",
  "公司代號": 7722,
  "營業收入-當月營收": 592204000
 },
 "2024-12": {
  "_src": "finmind",
  "公司代號": 7722,
  "營業收入-當月營收": 617209000
 },
 "2025-01": {
  "_src": "finmind",
  "公司代號": 7722,
  "營業收入-當月營收": 623342000
 },
 "2025-02": {
  "_src": "finmind",
  "公司代號": 7722,
  "營業收入-當月營收": 584539000
 },
 "2025-03": {
  "_src": "finmind",
  "公司代號": 7722,
  "營業收入-當月營收": 607927000
 },
 "2025-04": {
  "_src": "finmind",
  "公司代號": 7722,
  "營業收入-當月營收": 589736000
 },
 "2025-05": {
  "_src": "finmind",
  "公司代號": 7722,
  "營業收入-當月營收": 637490000
 },
 "2025-06": {
  "_src": "finmind",
  "公司代號": 7722,
  "營業收入-當月營收": 635601000
 },
 "2025-07": {
  "_src": "finmind",
  "公司代號": 7722,
  "營業收入-當月營收": 640351000
 },
 "2025-08": {
  "_src": "finmind",
  "公司代號": 7722,
  "營業收入-當月營收": 695998000
 },
 "2025-09": {
  "_src": "finmind",
  "公司代號": 7722,
  "營業收入-當月營收": 678742000
 },
 "2025-10": {
  "_src": "finmind",
  "公司代號": 7722,
  "營業收入-當月營收": 703591000
 },
 "2025-11": {
  "_src": "finmind",
  "公司代號": 7722,
  "營業收入-當月營收": 756950000
 },
 "2025-12": {
  "_src": "finmind",
  "公司代號": 7722,
  "營業收入-當月營收": 717737000
 },
 "2026-01": {
  "_src": "finmind",
  "公司代號": 7722,
  "營業收入-當月營收": 719619000
 },
 "2026-02": {
  "_src": "finmind",
  "公司代號": 7722,
  "營業收入-當月營收": 677149000
 },
 "2026-03": {
  "_src": "finmind",
  "公司代號": 7722,
  "營業收入-當月營收": 700621000
 },
 "2026-04": {
  "_src": "finmind",
  "公司代號": 7722,
  "營業收入-當月營收": 657149000
 },
 "2026-05": {
  "備註": null,
  "公司代號": 7722,
  "公司名稱": "LINEPAY",
  "出表日期": 1150617,
  "營業收入-上月比較增減(%)": 13.685632938648617,
  "營業收入-上月營收": 657149,
  "營業收入-去年同月增減(%)": 17.191485356633045,
  "營業收入-去年當月營收": 637490,
  "營業收入-當月營收": 747084,
  "產業別": "數位雲端",
  "累計營業收入-前期比較增減(%)": 15.070091231317166,
  "累計營業收入-去年累計營收": 3043034,
  "累計營業收入-當月累計營收": 3501622,
  "資料年月": 11505
 }
}