{
 "2025-02": {
  "_src": "finmind",
  "公司代號": 7723,
  "營業收入-當月營收": 426797000
 },
 "2025-03": {
  "_src": "finmind",
  "公司代號": 7723,
  "營業收入-當月營收": 406151000
 },
 "2025-04": {
  "_src": "finmind",
  "公司代號": 7723,
  "營業收入-當月營收": 372795000
 },
 "2025-05": {
  "_src": "finmind",
  "公司代號": 7723,
  "營業收入-當月營收": 444109000
 },
 "2025-06": {
  "_src": "finmind",
  "公司代號": 7723,
  "營業收入-當月營收": 386965000
 },
 "2025-07": {
  "_src": "finmind",
  "公司代號": 7723,
  "營業收入-當月營收": 399987000
 },
 "2025-08": {
  "_src": "finmind",
  "公司代號": 7723,
  "營業收入-當月營收": 445140000
 },
 "2025-09": {
  "_src": "finmind",
  "公司代號": 7723,
  "營業收入-當月營收": 363531000
 },
 "2025-10": {
  "_src": "finmind",
  "公司代號": 7723,
  "營業收入-當月營收": 402509000
 },
 "2025-11": {
  "_src": "finmind",
  "公司代號": 7723,
  "營業收入-當月營收": 385888000
 },
 "2025-12": {
  "_src": "finmind",
  "公司代號": 7723,
  "營業收入-當月營收": 395644000
 },
 "2026-01": {
  "_src": "finmind",
  "公司代號": 7723,
  "營業收入-當月營收": 383803000
 },
 "2026-02": {
  "_src": "finmind",
  "公司代號": 7723,
  "營業收入-當月營收": 381712000
 },
 "2026-03": {
  "_src": "finmind",
  "公司代號": 7723,
  "營業收入-當月營收": 321832000
 },
 "2026-04": {
  "_src": "finmind",
  "公司代號": 7723,
  "營業收入-當月營收": 309909000
 },
 "2026-05": {
  "備註": null,
  "公司代號": 7723,
  "公司名稱": "築間",
  "出表日期": 1150617,
  "營業收入-上月比較增減(%)": 12.926375161741028,
  "營業收入-上月營收": 309909,
  "營業收入-去年同月增減(%)": -21.19749881222853,
  "營業收入-去年當月營收": 444109,
  "營業收入-當月營收": 349969,
  "產業別": "觀光餐旅",
  "累計營業收入-前期比較增減(%)": -18.971830685455483,
  "累計營業收入-去年累計營收": 2156318,
  "累計營業收入-當月累計營收": 1747225,
  "資料年月": 11505
 }
}