{
 "2024-12": {
  "_src": "finmind",
  "公司代號": 7728,
  "營業收入-當月營收": 33462000
 },
 "2025-01": {
  "_src": "finmind",
  "公司代號": 7728,
  "營業收入-當月營收": 24578000
 },
 "2025-02": {
  "_src": "finmind",
  "公司代號": 7728,
  "營業收入-當月營收": 21300000
 },
 "2025-03": {
  "_src": "finmind",
  "公司代號": 7728,
  "營業收入-當月營收": 38822000
 },
 "2025-04": {
  "_src": "finmind",
  "公司代號": 7728,
  "營業收入-當月營收": 26507000
 },
 "2025-05": {
  "_src": "finmind",
  "公司代號": 7728,
  "營業收入-當月營收": 27338000
 },
 "2025-06": {
  "_src": "finmind",
  "公司代號": 7728,
  "營業收入-當月營收": 25028000
 },
 "2025-07": {
  "_src": "finmind",
  "公司代號": 7728,
  "營業收入-當月營收": 20270000
 },
 "2025-08": {
  "_src": "finmind",
  "公司代號": 7728,
  "營業收入-當月營收": 13095000
 },
 "2025-09": {
  "_src": "finmind",
  "公司代號": 7728,
  "營業收入-當月營收": 30373000
 },
 "2025-10": {
  "_src": "finmind",
  "公司代號": 7728,
  "營業收入-當月營收": 30061000
 },
 "2025-11": {
  "_src": "finmind",
  "公司代號": 7728,
  "營業收入-當月營收": 47690000
 },
 "2025-12": {
  "_src": "finmind",
  "公司代號": 7728,
  "營業收入-當月營收": 51653000
 },
 "2026-01": {
  "_src": "finmind",
  "公司代號": 7728,
  "營業收入-當月營收": 35960000
 },
 "2026-02": {
  "_src": "finmind",
  "公司代號": 7728,
  "營業收入-當月營收": 32366000
 },
 "2026-03": {
  "_src": "finmind",
  "公司代號": 7728,
  "營業收入-當月營收": 31638000
 },
 "2026-04": {
  "_src": "finmind",
  "公司代號": 7728,
  "營業收入-當月營收": 20136000
 },
 "2026-05": {
  "備註": null,
  "公司代號": 7728,
  "公司名稱": "光焱科技",
  "出表日期": 1150617,
  "營業收入-上月比較增減(%)": 69.13984902661899,
  "營業收入-上月營收": 20136,
  "營業收入-去年同月增減(%)": 24.581169068695587,
  "營業收入-去年當月營收": 27338,
  "營業收入-當月營收": 34058,
  "產業別": "其他電子業",
  "累計營業收入-前期比較增減(%)": 11.269262694431411,
  "累計營業收入-去年累計營收": 138545,
  "累計營業收入-當月累計營收": 154158,
  "資料年月": 11505
 }
}