{
 "2025-08": {
  "_src": "finmind",
  "公司代號": 7730,
  "營業收入-當月營收": 19254000
 },
 "2025-09": {
  "_src": "finmind",
  "公司代號": 7730,
  "營業收入-當月營收": 56418000
 },
 "2025-10": {
  "_src": "finmind",
  "公司代號": 7730,
  "營業收入-當月營收": 56681000
 },
 "2025-11": {
  "_src": "finmind",
  "公司代號": 7730,
  "營業收入-當月營收": 42488000
 },
 "2025-12": {
  "_src": "finmind",
  "公司代號": 7730,
  "營業收入-當月營收": 63709000
 },
 "2026-01": {
  "_src": "finmind",
  "公司代號": 7730,
  "營業收入-當月營收": 40474000
 },
 "2026-02": {
  "_src": "finmind",
  "公司代號": 7730,
  "營業收入-當月營收": 20079000
 },
 "2026-03": {
  "_src": "finmind",
  "公司代號": 7730,
  "營業收入-當月營收": 31679000
 },
 "2026-04": {
  "_src": "finmind",
  "公司代號": 7730,
  "營業收入-當月營收": 41278000
 },
 "2026-05": {
  "備註": "客戶延遲交機",
  "公司代號": 7730,
  "公司名稱": "暉盛-創",
  "營業收入-上月比較增減(%)": -64.7899607539125,
  "營業收入-上月營收": 41278,
  "營業收入-去年同月增減(%)": -68.95903635043355,
  "營業收入-去年當月營收": 46822,
  "營業收入-當月營收": 14534,
  "產業別": "半導體業",
  "累計營業收入-前期比較增減(%)": -20.215569507693136,
  "累計營業收入-去年累計營收": 185555,
  "累計營業收入-當月累計營收": 148044,
  "資料年月": 11505
 }
}