{
 "2024-11": {
  "_src": "finmind",
  "公司代號": 7732,
  "營業收入-當月營收": 89888000
 },
 "2024-12": {
  "_src": "finmind",
  "公司代號": 7732,
  "營業收入-當月營收": 100186000
 },
 "2025-01": {
  "_src": "finmind",
  "公司代號": 7732,
  "營業收入-當月營收": 89401000
 },
 "2025-02": {
  "_src": "finmind",
  "公司代號": 7732,
  "營業收入-當月營收": 100939000
 },
 "2025-03": {
  "_src": "finmind",
  "公司代號": 7732,
  "營業收入-當月營收": 142299000
 },
 "2025-04": {
  "_src": "finmind",
  "公司代號": 7732,
  "營業收入-當月營收": 109709000
 },
 "2025-05": {
  "_src": "finmind",
  "公司代號": 7732,
  "營業收入-當月營收": 103877000
 },
 "2025-06": {
  "_src": "finmind",
  "公司代號": 7732,
  "營業收入-當月營收": 104733000
 },
 "2025-07": {
  "_src": "finmind",
  "公司代號": 7732,
  "營業收入-當月營收": 66265000
 },
 "2025-08": {
  "_src": "finmind",
  "公司代號": 7732,
  "營業收入-當月營收": 84054000
 },
 "2025-09": {
  "_src": "finmind",
  "公司代號": 7732,
  "營業收入-當月營收": 75542000
 },
 "2025-10": {
  "_src": "finmind",
  "公司代號": 7732,
  "營業收入-當月營收": 58509000
 },
 "2025-11": {
  "_src": "finmind",
  "公司代號": 7732,
  "營業收入-當月營收": 83671000
 },
 "2025-12": {
  "_src": "finmind",
  "公司代號": 7732,
  "營業收入-當月營收": 73318000
 },
 "2026-01": {
  "_src": "finmind",
  "公司代號": 7732,
  "營業收入-當月營收": 88385000
 },
 "2026-02": {
  "_src": "finmind",
  "公司代號": 7732,
  "營業收入-當月營收": 81752000
 },
 "2026-03": {
  "_src": "finmind",
  "公司代號": 7732,
  "營業收入-當月營收": 129845000
 },
 "2026-04": {
  "_src": "finmind",
  "公司代號": 7732,
  "營業收入-當月營收": 70685000
 },
 "2026-05": {
  "備註": null,
  "公司代號": 7732,
  "公司名稱": "金興精密",
  "營業收入-上月比較增減(%)": 15.952465162339958,
  "營業收入-上月營收": 70685,
  "營業收入-去年同月增減(%)": -21.098029400155955,
  "營業收入-去年當月營收": 103877,
  "營業收入-當月營收": 81961,
  "產業別": "汽車工業",
  "累計營業收入-前期比較增減(%)": -17.13524646436908,
  "累計營業收入-去年累計營收": 546225,
  "累計營業收入-當月累計營收": 452628,
  "資料年月": 11505
 },
 "2026-06": {
  "備註": null,
  "公司代號": 7732,
  "公司名稱": "金興精密",
  "營業收入-上月比較增減(%)": -1.770354192847818,
  "營業收入-上月營收": 81961,
  "營業收入-去年同月增減(%)": -23.128335863576904,
  "營業收入-去年當月營收": 104733,
  "營業收入-當月營收": 80510,
  "產業別": "汽車工業",
  "累計營業收入-前期比較增減(%)": -18.09947800011675,
  "累計營業收入-去年累計營收": 650958,
  "累計營業收入-當月累計營收": 533138,
  "資料年月": 11506
 }
}