{
 "2024-12": {
  "_src": "finmind",
  "公司代號": 7734,
  "營業收入-當月營收": 185437000
 },
 "2025-01": {
  "_src": "finmind",
  "公司代號": 7734,
  "營業收入-當月營收": 125764000
 },
 "2025-02": {
  "_src": "finmind",
  "公司代號": 7734,
  "營業收入-當月營收": 180204000
 },
 "2025-03": {
  "_src": "finmind",
  "公司代號": 7734,
  "營業收入-當月營收": 175586000
 },
 "2025-04": {
  "_src": "finmind",
  "公司代號": 7734,
  "營業收入-當月營收": 247623000
 },
 "2025-05": {
  "_src": "finmind",
  "公司代號": 7734,
  "營業收入-當月營收": 122247000
 },
 "2025-06": {
  "_src": "finmind",
  "公司代號": 7734,
  "營業收入-當月營收": 245943000
 },
 "2025-07": {
  "_src": "finmind",
  "公司代號": 7734,
  "營業收入-當月營收": 252049000
 },
 "2025-08": {
  "_src": "finmind",
  "公司代號": 7734,
  "營業收入-當月營收": 258946000
 },
 "2025-09": {
  "_src": "finmind",
  "公司代號": 7734,
  "營業收入-當月營收": 202105000
 },
 "2025-10": {
  "_src": "finmind",
  "公司代號": 7734,
  "營業收入-當月營收": 129960000
 },
 "2025-11": {
  "_src": "finmind",
  "公司代號": 7734,
  "營業收入-當月營收": 160045000
 },
 "2025-12": {
  "_src": "finmind",
  "公司代號": 7734,
  "營業收入-當月營收": 202301000
 },
 "2026-01": {
  "_src": "finmind",
  "公司代號": 7734,
  "營業收入-當月營收": 304350000
 },
 "2026-02": {
  "_src": "finmind",
  "公司代號": 7734,
  "營業收入-當月營收": 280371000
 },
 "2026-03": {
  "_src": "finmind",
  "公司代號": 7734,
  "營業收入-當月營收": 291525000
 },
 "2026-04": {
  "_src": "finmind",
  "公司代號": 7734,
  "營業收入-當月營收": 393468000
 },
 "2026-05": {
  "備註": "主要係因市場需求較去年同期成長所致。",
  "公司代號": 7734,
  "公司名稱": "印能科技",
  "營業收入-上月比較增減(%)": -26.3467423017882,
  "營業收入-上月營收": 393468,
  "營業收入-去年同月增減(%)": 137.06266820453672,
  "營業收入-去年當月營收": 122247,
  "營業收入-當月營收": 289802,
  "產業別": "半導體業",
  "累計營業收入-前期比較增減(%)": 83.16561431202315,
  "累計營業收入-去年累計營收": 851424,
  "累計營業收入-當月累計營收": 1559516,
  "資料年月": 11505
 }
}