{
 "2025-01": {
  "_src": "finmind",
  "公司代號": 7736,
  "營業收入-當月營收": 129130000
 },
 "2025-02": {
  "_src": "finmind",
  "公司代號": 7736,
  "營業收入-當月營收": 145842000
 },
 "2025-03": {
  "_src": "finmind",
  "公司代號": 7736,
  "營業收入-當月營收": 148270000
 },
 "2025-04": {
  "_src": "finmind",
  "公司代號": 7736,
  "營業收入-當月營收": 144360000
 },
 "2025-05": {
  "_src": "finmind",
  "公司代號": 7736,
  "營業收入-當月營收": 124192000
 },
 "2025-06": {
  "_src": "finmind",
  "公司代號": 7736,
  "營業收入-當月營收": 157245000
 },
 "2025-07": {
  "_src": "finmind",
  "公司代號": 7736,
  "營業收入-當月營收": 139683000
 },
 "2025-08": {
  "_src": "finmind",
  "公司代號": 7736,
  "營業收入-當月營收": 145160000
 },
 "2025-09": {
  "_src": "finmind",
  "公司代號": 7736,
  "營業收入-當月營收": 144281000
 },
 "2025-10": {
  "_src": "finmind",
  "公司代號": 7736,
  "營業收入-當月營收": 133192000
 },
 "2025-11": {
  "_src": "finmind",
  "公司代號": 7736,
  "營業收入-當月營收": 137403000
 },
 "2025-12": {
  "_src": "finmind",
  "公司代號": 7736,
  "營業收入-當月營收": 115288000
 },
 "2026-01": {
  "_src": "finmind",
  "公司代號": 7736,
  "營業收入-當月營收": 132958000
 },
 "2026-02": {
  "_src": "finmind",
  "公司代號": 7736,
  "營業收入-當月營收": 109429000
 },
 "2026-03": {
  "_src": "finmind",
  "公司代號": 7736,
  "營業收入-當月營收": 118692000
 },
 "2026-04": {
  "_src": "finmind",
  "公司代號": 7736,
  "營業收入-當月營收": 85044000
 },
 "2026-05": {
  "備註": null,
  "公司代號": 7736,
  "公司名稱": "虎山",
  "出表日期": 1150617,
  "營業收入-上月比較增減(%)": 81.87879215464936,
  "營業收入-上月營收": 85044,
  "營業收入-去年同月增減(%)": 24.54666967276475,
  "營業收入-去年當月營收": 124192,
  "營業收入-當月營收": 154677,
  "產業別": "汽車工業",
  "累計營業收入-前期比較增減(%)": -13.153337554243025,
  "累計營業收入-去年累計營收": 691794,
  "累計營業收入-當月累計營收": 600800,
  "資料年月": 11505
 }
}