{
 "2025-08": {
  "_src": "finmind",
  "公司代號": 7738,
  "營業收入-當月營收": 55456000
 },
 "2025-09": {
  "_src": "finmind",
  "公司代號": 7738,
  "營業收入-當月營收": 51202000
 },
 "2025-10": {
  "_src": "finmind",
  "公司代號": 7738,
  "營業收入-當月營收": 50861000
 },
 "2025-11": {
  "_src": "finmind",
  "公司代號": 7738,
  "營業收入-當月營收": 43953000
 },
 "2025-12": {
  "_src": "finmind",
  "公司代號": 7738,
  "營業收入-當月營收": 46582000
 },
 "2026-01": {
  "_src": "finmind",
  "公司代號": 7738,
  "營業收入-當月營收": 46629000
 },
 "2026-02": {
  "_src": "finmind",
  "公司代號": 7738,
  "營業收入-當月營收": 52672000
 },
 "2026-03": {
  "_src": "finmind",
  "公司代號": 7738,
  "營業收入-當月營收": 49706000
 },
 "2026-04": {
  "_src": "finmind",
  "公司代號": 7738,
  "營業收入-當月營收": 49501000
 },
 "2026-05": {
  "備註": null,
  "公司代號": 7738,
  "公司名稱": "東聯互動",
  "營業收入-上月比較增減(%)": 10.65837053796893,
  "營業收入-上月營收": 49501,
  "營業收入-去年同月增減(%)": 13.950198664475463,
  "營業收入-去年當月營收": 48071,
  "營業收入-當月營收": 54777,
  "產業別": "數位雲端",
  "累計營業收入-前期比較增減(%)": 16.328255248400563,
  "累計營業收入-去年累計營收": 217733,
  "累計營業收入-當月累計營收": 253285,
  "資料年月": 11505
 }
}