{
 "2025-04": {
  "_src": "finmind",
  "公司代號": 7740,
  "營業收入-當月營收": 56054000
 },
 "2025-05": {
  "_src": "finmind",
  "公司代號": 7740,
  "營業收入-當月營收": 100363000
 },
 "2025-06": {
  "_src": "finmind",
  "公司代號": 7740,
  "營業收入-當月營收": 48821000
 },
 "2025-07": {
  "_src": "finmind",
  "公司代號": 7740,
  "營業收入-當月營收": 56745000
 },
 "2025-08": {
  "_src": "finmind",
  "公司代號": 7740,
  "營業收入-當月營收": 59221000
 },
 "2025-09": {
  "_src": "finmind",
  "公司代號": 7740,
  "營業收入-當月營收": 590877000
 },
 "2025-10": {
  "_src": "finmind",
  "公司代號": 7740,
  "營業收入-當月營收": 190033000
 },
 "2025-11": {
  "_src": "finmind",
  "公司代號": 7740,
  "營業收入-當月營收": 324236000
 },
 "2025-12": {
  "_src": "finmind",
  "公司代號": 7740,
  "營業收入-當月營收": 2547685000
 },
 "2026-01": {
  "_src": "finmind",
  "公司代號": 7740,
  "營業收入-當月營收": 800283000
 },
 "2026-02": {
  "_src": "finmind",
  "公司代號": 7740,
  "營業收入-當月營收": 465325000
 },
 "2026-03": {
  "_src": "finmind",
  "公司代號": 7740,
  "營業收入-當月營收": 1825754000
 },
 "2026-04": {
  "_src": "finmind",
  "公司代號": 7740,
  "營業收入-當月營收": 1684524000
 },
 "2026-05": {
  "備註": "本月及本年營收較去年同期營收增加，主要係因依專案進度認列收入所致。",
  "公司代號": 7740,
  "公司名稱": "熙特爾-創",
  "營業收入-上月比較增減(%)": -19.29340276541029,
  "營業收入-上月營收": 1684524,
  "營業收入-去年同月增減(%)": 1254.6047846317865,
  "營業收入-去年當月營收": 100363,
  "營業收入-當月營收": 1359522,
  "產業別": "綠能環保",
  "累計營業收入-前期比較增減(%)": 1420.9203745156804,
  "累計營業收入-去年累計營收": 403401,
  "累計營業收入-當月累計營收": 6135408,
  "資料年月": 11505
 }
}