{
 "2025-03": {
  "_src": "finmind",
  "公司代號": 7743,
  "營業收入-當月營收": 61801000
 },
 "2025-04": {
  "_src": "finmind",
  "公司代號": 7743,
  "營業收入-當月營收": 83798000
 },
 "2025-05": {
  "_src": "finmind",
  "公司代號": 7743,
  "營業收入-當月營收": 54950000
 },
 "2025-06": {
  "_src": "finmind",
  "公司代號": 7743,
  "營業收入-當月營收": 43722000
 },
 "2025-07": {
  "_src": "finmind",
  "公司代號": 7743,
  "營業收入-當月營收": 84677000
 },
 "2025-08": {
  "_src": "finmind",
  "公司代號": 7743,
  "營業收入-當月營收": 69822000
 },
 "2025-09": {
  "_src": "finmind",
  "公司代號": 7743,
  "營業收入-當月營收": 68905000
 },
 "2025-10": {
  "_src": "finmind",
  "公司代號": 7743,
  "營業收入-當月營收": 60266000
 },
 "2025-11": {
  "_src": "finmind",
  "公司代號": 7743,
  "營業收入-當月營收": 43985000
 },
 "2025-12": {
  "_src": "finmind",
  "公司代號": 7743,
  "營業收入-當月營收": 52329000
 },
 "2026-01": {
  "_src": "finmind",
  "公司代號": 7743,
  "營業收入-當月營收": 46325000
 },
 "2026-02": {
  "_src": "finmind",
  "公司代號": 7743,
  "營業收入-當月營收": 47587000
 },
 "2026-03": {
  "_src": "finmind",
  "公司代號": 7743,
  "營業收入-當月營收": 60164000
 },
 "2026-04": {
  "_src": "finmind",
  "公司代號": 7743,
  "營業收入-當月營收": 80099000
 },
 "2026-05": {
  "備註": null,
  "公司代號": 7743,
  "公司名稱": "金利食安",
  "出表日期": 1150617,
  "營業收入-上月比較增減(%)": -3.0836839411228603,
  "營業收入-上月營收": 80099,
  "營業收入-去年同月增減(%)": 41.27206551410373,
  "營業收入-去年當月營收": 54950,
  "營業收入-當月營收": 77629,
  "產業別": "食品工業",
  "累計營業收入-前期比較增減(%)": 20.65504244928916,
  "累計營業收入-去年累計營收": 258426,
  "累計營業收入-當月累計營收": 311804,
  "資料年月": 11505
 }
}