{
 "2025-09": {
  "_src": "finmind",
  "公司代號": 7744,
  "營業收入-當月營收": 197396000
 },
 "2025-10": {
  "_src": "finmind",
  "公司代號": 7744,
  "營業收入-當月營收": 174377000
 },
 "2025-11": {
  "_src": "finmind",
  "公司代號": 7744,
  "營業收入-當月營收": 205230000
 },
 "2025-12": {
  "_src": "finmind",
  "公司代號": 7744,
  "營業收入-當月營收": 258031000
 },
 "2026-01": {
  "_src": "finmind",
  "公司代號": 7744,
  "營業收入-當月營收": 335813000
 },
 "2026-02": {
  "_src": "finmind",
  "公司代號": 7744,
  "營業收入-當月營收": 214126000
 },
 "2026-03": {
  "_src": "finmind",
  "公司代號": 7744,
  "營業收入-當月營收": 336156000
 },
 "2026-04": {
  "_src": "finmind",
  "公司代號": 7744,
  "營業收入-當月營收": 354317000
 },
 "2026-05": {
  "備註": "主係客戶需求增加所致。",
  "公司代號": 7744,
  "公司名稱": "崴寶",
  "出表日期": 1150617,
  "營業收入-上月比較增減(%)": -2.0032908384299937,
  "營業收入-上月營收": 354317,
  "營業收入-去年同月增減(%)": 128.14087190774993,
  "營業收入-去年當月營收": 152195,
  "營業收入-當月營收": 347219,
  "產業別": "電子零組件業",
  "累計營業收入-前期比較增減(%)": 79.52681202521197,
  "累計營業收入-去年累計營收": 884342,
  "累計營業收入-當月累計營收": 1587631,
  "資料年月": 11505
 }
}