{
 "2025-05": {
  "_src": "finmind",
  "公司代號": 7747,
  "營業收入-當月營收": 127709000
 },
 "2025-06": {
  "_src": "finmind",
  "公司代號": 7747,
  "營業收入-當月營收": 122358000
 },
 "2025-07": {
  "_src": "finmind",
  "公司代號": 7747,
  "營業收入-當月營收": 113318000
 },
 "2025-08": {
  "_src": "finmind",
  "公司代號": 7747,
  "營業收入-當月營收": 122019000
 },
 "2025-09": {
  "_src": "finmind",
  "公司代號": 7747,
  "營業收入-當月營收": 121976000
 },
 "2025-10": {
  "_src": "finmind",
  "公司代號": 7747,
  "營業收入-當月營收": 128203000
 },
 "2025-11": {
  "_src": "finmind",
  "公司代號": 7747,
  "營業收入-當月營收": 121330000
 },
 "2025-12": {
  "_src": "finmind",
  "公司代號": 7747,
  "營業收入-當月營收": 147024000
 },
 "2026-01": {
  "_src": "finmind",
  "公司代號": 7747,
  "營業收入-當月營收": 141847000
 },
 "2026-02": {
  "_src": "finmind",
  "公司代號": 7747,
  "營業收入-當月營收": 140781000
 },
 "2026-03": {
  "_src": "finmind",
  "公司代號": 7747,
  "營業收入-當月營收": 156669000
 },
 "2026-04": {
  "_src": "finmind",
  "公司代號": 7747,
  "營業收入-當月營收": 134070000
 },
 "2026-05": {
  "備註": null,
  "公司代號": 7747,
  "公司名稱": "昕奇雲端",
  "出表日期": 1150617,
  "營業收入-上月比較增減(%)": 21.95942418139778,
  "營業收入-上月營收": 134070,
  "營業收入-去年同月增減(%)": 28.03404615179823,
  "營業收入-去年當月營收": 127709,
  "營業收入-當月營收": 163511,
  "產業別": "數位雲端",
  "累計營業收入-前期比較增減(%)": 6.467259148380982,
  "累計營業收入-去年累計營收": 692117,
  "累計營業收入-當月累計營收": 736878,
  "資料年月": 11505
 }
}