{
 "2025-04": {
  "_src": "finmind",
  "公司代號": 7749,
  "營業收入-當月營收": 136995000
 },
 "2025-05": {
  "_src": "finmind",
  "公司代號": 7749,
  "營業收入-當月營收": 114311000
 },
 "2025-06": {
  "_src": "finmind",
  "公司代號": 7749,
  "營業收入-當月營收": 98526000
 },
 "2025-07": {
  "_src": "finmind",
  "公司代號": 7749,
  "營業收入-當月營收": 145880000
 },
 "2025-08": {
  "_src": "finmind",
  "公司代號": 7749,
  "營業收入-當月營收": 123984000
 },
 "2025-09": {
  "_src": "finmind",
  "公司代號": 7749,
  "營業收入-當月營收": 211716000
 },
 "2025-10": {
  "_src": "finmind",
  "公司代號": 7749,
  "營業收入-當月營收": 178727000
 },
 "2025-11": {
  "_src": "finmind",
  "公司代號": 7749,
  "營業收入-當月營收": 146910000
 },
 "2025-12": {
  "_src": "finmind",
  "公司代號": 7749,
  "營業收入-當月營收": 122177000
 },
 "2026-01": {
  "_src": "finmind",
  "公司代號": 7749,
  "營業收入-當月營收": 183585000
 },
 "2026-02": {
  "_src": "finmind",
  "公司代號": 7749,
  "營業收入-當月營收": 163726000
 },
 "2026-03": {
  "_src": "finmind",
  "公司代號": 7749,
  "營業收入-當月營收": 186002000
 },
 "2026-04": {
  "_src": "finmind",
  "公司代號": 7749,
  "營業收入-當月營收": 191114000
 },
 "2026-05": {
  "備註": "市場需求增加",
  "公司代號": 7749,
  "公司名稱": "意騰-KY",
  "營業收入-上月比較增減(%)": 3.8861621859204454,
  "營業收入-上月營收": 191114,
  "營業收入-去年同月增減(%)": 73.6849472054308,
  "營業收入-去年當月營收": 114311,
  "營業收入-當月營收": 198541,
  "產業別": "半導體業",
  "累計營業收入-前期比較增減(%)": 64.05199366520502,
  "累計營業收入-去年累計營收": 562607,
  "累計營業收入-當月累計營收": 922968,
  "資料年月": 11505
 },
 "2026-06": {
  "備註": "市場需求增加",
  "公司代號": 7749,
  "公司名稱": "意騰-KY",
  "營業收入-上月比較增減(%)": -18.374542285976197,
  "營業收入-上月營收": 198541,
  "營業收入-去年同月增減(%)": 64.4845015528896,
  "營業收入-去年當月營收": 98526,
  "營業收入-當月營收": 162060,
  "產業別": "半導體業",
  "累計營業收入-前期比較增減(%)": 64.11644858145033,
  "累計營業收入-去年累計營收": 661133,
  "累計營業收入-當月累計營收": 1085028,
  "資料年月": 11506
 }
}