{
 "2025-07": {
  "_src": "finmind",
  "公司代號": 7750,
  "營業收入-當月營收": 948207000
 },
 "2025-08": {
  "_src": "finmind",
  "公司代號": 7750,
  "營業收入-當月營收": 970501000
 },
 "2025-09": {
  "_src": "finmind",
  "公司代號": 7750,
  "營業收入-當月營收": 1110284000
 },
 "2025-10": {
  "_src": "finmind",
  "公司代號": 7750,
  "營業收入-當月營收": 1063263000
 },
 "2025-11": {
  "_src": "finmind",
  "公司代號": 7750,
  "營業收入-當月營收": 1158952000
 },
 "2025-12": {
  "_src": "finmind",
  "公司代號": 7750,
  "營業收入-當月營收": 1472730000
 },
 "2026-01": {
  "_src": "finmind",
  "公司代號": 7750,
  "營業收入-當月營收": 1676314000
 },
 "2026-02": {
  "_src": "finmind",
  "公司代號": 7750,
  "營業收入-當月營收": 941778000
 },
 "2026-03": {
  "_src": "finmind",
  "公司代號": 7750,
  "營業收入-當月營收": 2246412000
 },
 "2026-04": {
  "_src": "finmind",
  "公司代號": 7750,
  "營業收入-當月營收": 2920375000
 },
 "2026-05": {
  "備註": "開發客戶及穩固市場&#38359;係成效顯現，成果持續發酵 。",
  "公司代號": 7750,
  "公司名稱": "新代",
  "營業收入-上月比較增減(%)": -7.89583529512477,
  "營業收入-上月營收": 2920375,
  "營業收入-去年同月增減(%)": 88.25510096241669,
  "營業收入-去年當月營收": 1428799,
  "營業收入-當月營收": 2689787,
  "產業別": "電機機械",
  "累計營業收入-前期比較增減(%)": 69.4277284799705,
  "累計營業收入-去年累計營收": 6182380,
  "累計營業收入-當月累計營收": 10474666,
  "資料年月": 11505
 },
 "2026-06": {
  "備註": "開發客戶及穩固市場關係成效顯著。",
  "公司代號": 7750,
  "公司名稱": "新代",
  "營業收入-上月比較增減(%)": -1.479373645571192,
  "營業收入-上月營收": 2689787,
  "營業收入-去年同月增減(%)": 151.39643870184327,
  "營業收入-去年當月營收": 1054110,
  "營業收入-當月營收": 2649995,
  "產業別": "電機機械",
  "累計營業收入-前期比較增減(%)": 81.36776254786506,
  "累計營業收入-去年累計營收": 7236490,
  "累計營業收入-當月累計營收": 13124660,
  "資料年月": 11506
 }
}