{
 "2025-06": {
  "_src": "finmind",
  "公司代號": 7751,
  "營業收入-當月營收": 147611000
 },
 "2025-07": {
  "_src": "finmind",
  "公司代號": 7751,
  "營業收入-當月營收": 160259000
 },
 "2025-08": {
  "_src": "finmind",
  "公司代號": 7751,
  "營業收入-當月營收": 171183000
 },
 "2025-09": {
  "_src": "finmind",
  "公司代號": 7751,
  "營業收入-當月營收": 175687000
 },
 "2025-10": {
  "_src": "finmind",
  "公司代號": 7751,
  "營業收入-當月營收": 182504000
 },
 "2025-11": {
  "_src": "finmind",
  "公司代號": 7751,
  "營業收入-當月營收": 175205000
 },
 "2025-12": {
  "_src": "finmind",
  "公司代號": 7751,
  "營業收入-當月營收": 189879000
 },
 "2026-01": {
  "_src": "finmind",
  "公司代號": 7751,
  "營業收入-當月營收": 197915000
 },
 "2026-02": {
  "_src": "finmind",
  "公司代號": 7751,
  "營業收入-當月營收": 200184000
 },
 "2026-03": {
  "_src": "finmind",
  "公司代號": 7751,
  "營業收入-當月營收": 220353000
 },
 "2026-04": {
  "_src": "finmind",
  "公司代號": 7751,
  "營業收入-當月營收": 241048000
 },
 "2026-05": {
  "備註": "本公司為設備業，每月營收高低起伏屬常態，主要係今年同期客戶驗收機台較多所致。",
  "公司代號": 7751,
  "公司名稱": "竑騰",
  "營業收入-上月比較增減(%)": 0.9222229597424579,
  "營業收入-上月營收": 241048,
  "營業收入-去年同月增減(%)": 56.14613888585788,
  "營業收入-去年當月營收": 155797,
  "營業收入-當月營收": 243271,
  "產業別": "半導體業",
  "累計營業收入-前期比較增減(%)": 67.8295423070016,
  "累計營業收入-去年累計營收": 657078,
  "累計營業收入-當月累計營收": 1102771,
  "資料年月": 11505
 },
 "2026-06": {
  "備註": "本公司為設備業，每月營收高低起伏屬常態，主要係今年同期客戶驗收機台較多所致。",
  "公司代號": 7751,
  "公司名稱": "竑騰",
  "營業收入-上月比較增減(%)": 1.4794200706208303,
  "營業收入-上月營收": 243271,
  "營業收入-去年同月增減(%)": 67.24363360454167,
  "營業收入-去年當月營收": 147611,
  "營業收入-當月營收": 246870,
  "產業別": "半導體業",
  "累計營業收入-前期比較增減(%)": 67.72206405207477,
  "累計營業收入-去年累計營收": 804689,
  "累計營業收入-當月累計營收": 1349641,
  "資料年月": 11506
 }
}