{
 "2025-06": {
  "_src": "finmind",
  "公司代號": 7753,
  "營業收入-當月營收": 80379000
 },
 "2025-07": {
  "_src": "finmind",
  "公司代號": 7753,
  "營業收入-當月營收": 79143000
 },
 "2025-08": {
  "_src": "finmind",
  "公司代號": 7753,
  "營業收入-當月營收": 92031000
 },
 "2025-09": {
  "_src": "finmind",
  "公司代號": 7753,
  "營業收入-當月營收": 71866000
 },
 "2025-10": {
  "_src": "finmind",
  "公司代號": 7753,
  "營業收入-當月營收": 60335000
 },
 "2025-11": {
  "_src": "finmind",
  "公司代號": 7753,
  "營業收入-當月營收": 67199000
 },
 "2025-12": {
  "_src": "finmind",
  "公司代號": 7753,
  "營業收入-當月營收": 73683000
 },
 "2026-01": {
  "_src": "finmind",
  "公司代號": 7753,
  "營業收入-當月營收": 74653000
 },
 "2026-02": {
  "_src": "finmind",
  "公司代號": 7753,
  "營業收入-當月營收": 58836000
 },
 "2026-03": {
  "_src": "finmind",
  "公司代號": 7753,
  "營業收入-當月營收": 62775000
 },
 "2026-04": {
  "_src": "finmind",
  "公司代號": 7753,
  "營業收入-當月營收": 76180000
 },
 "2026-05": {
  "備註": null,
  "公司代號": 7753,
  "公司名稱": "星亞",
  "出表日期": 1150617,
  "營業收入-上月比較增減(%)": -20.00131268049357,
  "營業收入-上月營收": 76180,
  "營業收入-去年同月增減(%)": -20.101998007236876,
  "營業收入-去年當月營收": 76276,
  "營業收入-當月營收": 60943,
  "產業別": "光電業",
  "累計營業收入-前期比較增減(%)": -4.325329522268043,
  "累計營業收入-去年累計營收": 348459,
  "累計營業收入-當月累計營收": 333387,
  "資料年月": 11505
 }
}