{
 "2025-08": {
  "_src": "finmind",
  "公司代號": 7757,
  "營業收入-當月營收": 226756000
 },
 "2025-09": {
  "_src": "finmind",
  "公司代號": 7757,
  "營業收入-當月營收": 194607000
 },
 "2025-10": {
  "_src": "finmind",
  "公司代號": 7757,
  "營業收入-當月營收": 189931000
 },
 "2025-11": {
  "_src": "finmind",
  "公司代號": 7757,
  "營業收入-當月營收": 174599000
 },
 "2025-12": {
  "_src": "finmind",
  "公司代號": 7757,
  "營業收入-當月營收": 227616000
 },
 "2026-01": {
  "_src": "finmind",
  "公司代號": 7757,
  "營業收入-當月營收": 173619000
 },
 "2026-02": {
  "_src": "finmind",
  "公司代號": 7757,
  "營業收入-當月營收": 208583000
 },
 "2026-03": {
  "_src": "finmind",
  "公司代號": 7757,
  "營業收入-當月營收": 182621000
 },
 "2026-04": {
  "_src": "finmind",
  "公司代號": 7757,
  "營業收入-當月營收": 163717000
 },
 "2026-05": {
  "備註": null,
  "公司代號": 7757,
  "公司名稱": "金色三麥",
  "營業收入-上月比較增減(%)": 30.697484073126187,
  "營業收入-上月營收": 163717,
  "營業收入-去年同月增減(%)": 5.204830176804925,
  "營業收入-去年當月營收": 203388,
  "營業收入-當月營收": 213974,
  "產業別": "觀光餐旅",
  "累計營業收入-前期比較增減(%)": 3.877636716920286,
  "累計營業收入-去年累計營收": 907331,
  "累計營業收入-當月累計營收": 942514,
  "資料年月": 11505
 },
 "2026-06": {
  "備註": null,
  "公司代號": 7757,
  "公司名稱": "金色三麥",
  "營業收入-上月比較增減(%)": -6.811575238113042,
  "營業收入-上月營收": 213974,
  "營業收入-去年同月增減(%)": 7.663939958424448,
  "營業收入-去年當月營收": 185205,
  "營業收入-當月營收": 199399,
  "產業別": "觀光餐旅",
  "累計營業收入-前期比較增減(%)": 4.519484941457307,
  "累計營業收入-去年累計營收": 1092536,
  "累計營業收入-當月累計營收": 1141913,
  "資料年月": 11506
 }
}