{
 "2026-02": {
  "_src": "finmind",
  "公司代號": 7760,
  "營業收入-當月營收": 156951000
 },
 "2026-03": {
  "_src": "finmind",
  "公司代號": 7760,
  "營業收入-當月營收": 102748000
 },
 "2026-04": {
  "_src": "finmind",
  "公司代號": 7760,
  "營業收入-當月營收": 82147000
 },
 "2026-05": {
  "備註": null,
  "公司代號": 7760,
  "公司名稱": "享溫馨",
  "營業收入-上月比較增減(%)": 8.920593570063422,
  "營業收入-上月營收": 82147,
  "營業收入-去年同月增減(%)": -10.44529631371921,
  "營業收入-去年當月營收": 99911,
  "營業收入-當月營收": 89475,
  "產業別": "觀光餐旅",
  "累計營業收入-前期比較增減(%)": -3.7262043240698883,
  "累計營業收入-去年累計營收": 590601,
  "累計營業收入-當月累計營收": 568594,
  "資料年月": 11505
 }
}