{
 "2025-06": {
  "_src": "finmind",
  "公司代號": 7765,
  "營業收入-當月營收": 177036000
 },
 "2025-07": {
  "_src": "finmind",
  "公司代號": 7765,
  "營業收入-當月營收": 192453000
 },
 "2025-08": {
  "_src": "finmind",
  "公司代號": 7765,
  "營業收入-當月營收": 141828000
 },
 "2025-09": {
  "_src": "finmind",
  "公司代號": 7765,
  "營業收入-當月營收": 155916000
 },
 "2025-10": {
  "_src": "finmind",
  "公司代號": 7765,
  "營業收入-當月營收": 144656000
 },
 "2025-11": {
  "_src": "finmind",
  "公司代號": 7765,
  "營業收入-當月營收": 178747000
 },
 "2025-12": {
  "_src": "finmind",
  "公司代號": 7765,
  "營業收入-當月營收": 252934000
 },
 "2026-01": {
  "_src": "finmind",
  "公司代號": 7765,
  "營業收入-當月營收": 223289000
 },
 "2026-02": {
  "_src": "finmind",
  "公司代號": 7765,
  "營業收入-當月營收": 151059000
 },
 "2026-03": {
  "_src": "finmind",
  "公司代號": 7765,
  "營業收入-當月營收": 223229000
 },
 "2026-04": {
  "_src": "finmind",
  "公司代號": 7765,
  "營業收入-當月營收": 245804000
 },
 "2026-05": {
  "備註": null,
  "公司代號": 7765,
  "公司名稱": "中華資安",
  "營業收入-上月比較增減(%)": -39.02052041463931,
  "營業收入-上月營收": 245804,
  "營業收入-去年同月增減(%)": 3.1256235078811394,
  "營業收入-去年當月營收": 145347,
  "營業收入-當月營收": 149890,
  "產業別": "數位雲端",
  "累計營業收入-前期比較增減(%)": 23.84925187032419,
  "累計營業收入-去年累計營收": 802000,
  "累計營業收入-當月累計營收": 993271,
  "資料年月": 11505
 }
}