{
 "2025-09": {
  "_src": "finmind",
  "公司代號": 7767,
  "營業收入-當月營收": 192941000
 },
 "2025-10": {
  "_src": "finmind",
  "公司代號": 7767,
  "營業收入-當月營收": 224085000
 },
 "2025-11": {
  "_src": "finmind",
  "公司代號": 7767,
  "營業收入-當月營收": 210778000
 },
 "2025-12": {
  "_src": "finmind",
  "公司代號": 7767,
  "營業收入-當月營收": 234144000
 },
 "2026-01": {
  "_src": "finmind",
  "公司代號": 7767,
  "營業收入-當月營收": 195037000
 },
 "2026-02": {
  "_src": "finmind",
  "公司代號": 7767,
  "營業收入-當月營收": 158578000
 },
 "2026-03": {
  "_src": "finmind",
  "公司代號": 7767,
  "營業收入-當月營收": 183378000
 },
 "2026-04": {
  "_src": "finmind",
  "公司代號": 7767,
  "營業收入-當月營收": 231627000
 },
 "2026-05": {
  "備註": null,
  "公司代號": 7767,
  "公司名稱": "仁大資訊",
  "營業收入-上月比較增減(%)": 1.6612916456198976,
  "營業收入-上月營收": 231627,
  "營業收入-去年同月增減(%)": 13.751092947649619,
  "營業收入-去年當月營收": 207009,
  "營業收入-當月營收": 235475,
  "產業別": "資訊服務業",
  "累計營業收入-前期比較增減(%)": 2.905218998643657,
  "累計營業收入-去年累計營收": 975417,
  "累計營業收入-當月累計營收": 1003755,
  "資料年月": 11505
 },
 "2026-06": {
  "備註": "主係因應客戶需求，於本月大量出貨所致。",
  "公司代號": 7767,
  "公司名稱": "仁大資訊",
  "營業收入-上月比較增減(%)": 170.61683830555262,
  "營業收入-上月營收": 235475,
  "營業收入-去年同月增減(%)": 220.50044008550233,
  "營業收入-去年當月營收": 198825,
  "營業收入-當月營收": 637235,
  "產業別": "資訊服務業",
  "累計營業收入-前期比較增減(%)": 39.74887629636821,
  "累計營業收入-去年累計營收": 1174242,
  "累計營業收入-當月累計營收": 1640990,
  "資料年月": 11506
 }
}