{
 "2024-08": {
  "_src": "finmind",
  "公司代號": 7768,
  "營業收入-當月營收": 188708000
 },
 "2024-09": {
  "_src": "finmind",
  "公司代號": 7768,
  "營業收入-當月營收": 174023000
 },
 "2024-10": {
  "_src": "finmind",
  "公司代號": 7768,
  "營業收入-當月營收": 129051000
 },
 "2024-11": {
  "_src": "finmind",
  "公司代號": 7768,
  "營業收入-當月營收": 175137000
 },
 "2024-12": {
  "_src": "finmind",
  "公司代號": 7768,
  "營業收入-當月營收": 166994000
 },
 "2026-02": {
  "_src": "finmind",
  "公司代號": 7768,
  "營業收入-當月營收": 167529000
 },
 "2026-03": {
  "_src": "finmind",
  "公司代號": 7768,
  "營業收入-當月營收": 190123000
 },
 "2026-04": {
  "_src": "finmind",
  "公司代號": 7768,
  "營業收入-當月營收": 174671000
 },
 "2026-05": {
  "備註": null,
  "公司代號": 7768,
  "公司名稱": "頌勝科技",
  "營業收入-上月比較增減(%)": 15.968306129809756,
  "營業收入-上月營收": 174671,
  "營業收入-去年同月增減(%)": 18.90151559620103,
  "營業收入-去年當月營收": 170362,
  "營業收入-當月營收": 202563,
  "產業別": "半導體業",
  "累計營業收入-前期比較增減(%)": 10.661968101454963,
  "累計營業收入-去年累計營收": 845932,
  "累計營業收入-當月累計營收": 936125,
  "資料年月": 11505
 },
 "2026-06": {
  "備註": null,
  "公司代號": 7768,
  "公司名稱": "頌勝科技",
  "營業收入-上月比較增減(%)": -4.501315640072471,
  "營業收入-上月營收": 202563,
  "營業收入-去年同月增減(%)": 11.905891336542021,
  "營業收入-去年當月營收": 172864,
  "營業收入-當月營收": 193445,
  "產業別": "半導體業",
  "累計營業收入-前期比較增減(%)": 10.873128673453763,
  "累計營業收入-去年累計營收": 1018796,
  "累計營業收入-當月累計營收": 1129571,
  "資料年月": 11506
 }
}