{
 "2025-09": {
  "_src": "finmind",
  "公司代號": 7769,
  "營業收入-當月營收": 2861577000
 },
 "2025-10": {
  "_src": "finmind",
  "公司代號": 7769,
  "營業收入-當月營收": 2921031000
 },
 "2025-11": {
  "_src": "finmind",
  "公司代號": 7769,
  "營業收入-當月營收": 3025370000
 },
 "2025-12": {
  "_src": "finmind",
  "公司代號": 7769,
  "營業收入-當月營收": 3329188000
 },
 "2026-01": {
  "_src": "finmind",
  "公司代號": 7769,
  "營業收入-當月營收": 3340793000
 },
 "2026-02": {
  "_src": "finmind",
  "公司代號": 7769,
  "營業收入-當月營收": 3095968000
 },
 "2026-03": {
  "_src": "finmind",
  "公司代號": 7769,
  "營業收入-當月營收": 4288436000
 },
 "2026-04": {
  "_src": "finmind",
  "公司代號": 7769,
  "營業收入-當月營收": 4362649000
 },
 "2026-05": {
  "備註": "主要係因市場需求較去年同期成長所致。",
  "公司代號": 7769,
  "公司名稱": "鴻勁",
  "營業收入-上月比較增減(%)": -5.34292353109315,
  "營業收入-上月營收": 4362649,
  "營業收入-去年同月增減(%)": 83.64462145795709,
  "營業收入-去年當月營收": 2248667,
  "營業收入-當月營收": 4129556,
  "產業別": "半導體業",
  "累計營業收入-前期比較增減(%)": 87.84549623036372,
  "累計營業收入-去年累計營收": 10230430,
  "累計營業收入-當月累計營收": 19217402,
  "資料年月": 11505
 }
}