{
 "2025-09": {
  "_src": "finmind",
  "公司代號": 7770,
  "營業收入-當月營收": 47891000
 },
 "2025-10": {
  "_src": "finmind",
  "公司代號": 7770,
  "營業收入-當月營收": 42934000
 },
 "2025-11": {
  "_src": "finmind",
  "公司代號": 7770,
  "營業收入-當月營收": 49947000
 },
 "2025-12": {
  "_src": "finmind",
  "公司代號": 7770,
  "營業收入-當月營收": 34323000
 },
 "2026-01": {
  "_src": "finmind",
  "公司代號": 7770,
  "營業收入-當月營收": 15147000
 },
 "2026-02": {
  "_src": "finmind",
  "公司代號": 7770,
  "營業收入-當月營收": 19738000
 },
 "2026-03": {
  "_src": "finmind",
  "公司代號": 7770,
  "營業收入-當月營收": 18509000
 },
 "2026-04": {
  "_src": "finmind",
  "公司代號": 7770,
  "營業收入-當月營收": 26133000
 },
 "2026-05": {
  "備註": "終端市場需求放緩，致使本月客戶較去年拉貨減少所致",
  "公司代號": 7770,
  "公司名稱": "君曜",
  "出表日期": 1150617,
  "營業收入-上月比較增減(%)": -2.2079363257184403,
  "營業收入-上月營收": 26133,
  "營業收入-去年同月增減(%)": -55.138152582242036,
  "營業收入-去年當月營收": 56966,
  "營業收入-當月營收": 25556,
  "產業別": "半導體業",
  "累計營業收入-前期比較增減(%)": -44.265468701933784,
  "累計營業收入-去年累計營收": 188542,
  "累計營業收入-當月累計營收": 105083,
  "資料年月": 11505
 }
}