{
 "2024-08": {
  "_src": "finmind",
  "公司代號": 7772,
  "營業收入-當月營收": 27162000
 },
 "2024-09": {
  "_src": "finmind",
  "公司代號": 7772,
  "營業收入-當月營收": 33808000
 },
 "2024-10": {
  "_src": "finmind",
  "公司代號": 7772,
  "營業收入-當月營收": 32042000
 },
 "2024-11": {
  "_src": "finmind",
  "公司代號": 7772,
  "營業收入-當月營收": 33549000
 },
 "2024-12": {
  "_src": "finmind",
  "公司代號": 7772,
  "營業收入-當月營收": 36719000
 },
 "2026-02": {
  "_src": "finmind",
  "公司代號": 7772,
  "營業收入-當月營收": 23198000
 },
 "2026-03": {
  "_src": "finmind",
  "公司代號": 7772,
  "營業收入-當月營收": 37778000
 },
 "2026-04": {
  "_src": "finmind",
  "公司代號": 7772,
  "營業收入-當月營收": 38924000
 },
 "2026-05": {
  "備註": null,
  "公司代號": 7772,
  "公司名稱": "耀穎",
  "出表日期": 1150617,
  "營業收入-上月比較增減(%)": -43.87781317439112,
  "營業收入-上月營收": 38924,
  "營業收入-去年同月增減(%)": -41.26898776717301,
  "營業收入-去年當月營收": 37195,
  "營業收入-當月營收": 21845,
  "產業別": "半導體業",
  "累計營業收入-前期比較增減(%)": -18.8337496269067,
  "累計營業收入-去年累計營收": 190971,
  "累計營業收入-當月累計營收": 155004,
  "資料年月": 11505
 }
}