{
 "2025-10": {
  "_src": "finmind",
  "公司代號": 7777,
  "營業收入-當月營收": -86711000
 },
 "2025-11": {
  "_src": "finmind",
  "公司代號": 7777,
  "營業收入-當月營收": 51231000
 },
 "2025-12": {
  "_src": "finmind",
  "公司代號": 7777,
  "營業收入-當月營收": 76055000
 },
 "2026-01": {
  "_src": "finmind",
  "公司代號": 7777,
  "營業收入-當月營收": 54141000
 },
 "2026-02": {
  "_src": "finmind",
  "公司代號": 7777,
  "營業收入-當月營收": 7299000
 },
 "2026-03": {
  "_src": "finmind",
  "公司代號": 7777,
  "營業收入-當月營收": -106459000
 },
 "2026-04": {
  "_src": "finmind",
  "公司代號": 7777,
  "營業收入-當月營收": 112447000
 },
 "2026-05": {
  "備註": "營業收入為投資標的之評價損益(含已實現及未實現)，投資標的的股數及公允價值變動情形，請參考本公司網站投資人專區/財務資訊。",
  "公司代號": 7777,
  "公司名稱": "能率亞洲",
  "出表日期": 1150617,
  "營業收入-上月比較增減(%)": -27.77930936352237,
  "營業收入-上月營收": 112447,
  "營業收入-去年同月增減(%)": 701.3773696682465,
  "營業收入-去年當月營收": -13504,
  "營業收入-當月營收": 81210,
  "產業別": "其他",
  "累計營業收入-前期比較增減(%)": 286.8438254223652,
  "累計營業收入-去年累計營收": -79552,
  "累計營業收入-當月累計營收": 148638,
  "資料年月": 11505
 }
}