{
 "2025-06": {
  "_src": "finmind",
  "公司代號": 7780,
  "營業收入-當月營收": 175609000
 },
 "2025-07": {
  "_src": "finmind",
  "公司代號": 7780,
  "營業收入-當月營收": 149342000
 },
 "2025-08": {
  "_src": "finmind",
  "公司代號": 7780,
  "營業收入-當月營收": 147044000
 },
 "2025-09": {
  "_src": "finmind",
  "公司代號": 7780,
  "營業收入-當月營收": 152939000
 },
 "2025-10": {
  "_src": "finmind",
  "公司代號": 7780,
  "營業收入-當月營收": 136218000
 },
 "2025-11": {
  "_src": "finmind",
  "公司代號": 7780,
  "營業收入-當月營收": 336900000
 },
 "2025-12": {
  "_src": "finmind",
  "公司代號": 7780,
  "營業收入-當月營收": 182993000
 },
 "2026-01": {
  "_src": "finmind",
  "公司代號": 7780,
  "營業收入-當月營收": 138385000
 },
 "2026-02": {
  "_src": "finmind",
  "公司代號": 7780,
  "營業收入-當月營收": 135700000
 },
 "2026-03": {
  "_src": "finmind",
  "公司代號": 7780,
  "營業收入-當月營收": 189757000
 },
 "2026-04": {
  "_src": "finmind",
  "公司代號": 7780,
  "營業收入-當月營收": 171837000
 },
 "2026-05": {
  "備註": null,
  "公司代號": 7780,
  "公司名稱": "大研生醫*",
  "出表日期": 1150617,
  "營業收入-上月比較增減(%)": 17.95189627379435,
  "營業收入-上月營收": 171837,
  "營業收入-去年同月增減(%)": 29.15878083440071,
  "營業收入-去年當月營收": 156927,
  "營業收入-當月營收": 202685,
  "產業別": "食品工業",
  "累計營業收入-前期比較增減(%)": 36.5315840558657,
  "累計營業收入-去年累計營收": 614044,
  "累計營業收入-當月累計營收": 838364,
  "資料年月": 11505
 }
}