{
 "2025-08": {
  "_src": "finmind",
  "公司代號": 7782,
  "營業收入-當月營收": 63040000
 },
 "2025-09": {
  "_src": "finmind",
  "公司代號": 7782,
  "營業收入-當月營收": 60613000
 },
 "2025-10": {
  "_src": "finmind",
  "公司代號": 7782,
  "營業收入-當月營收": 54595000
 },
 "2025-11": {
  "_src": "finmind",
  "公司代號": 7782,
  "營業收入-當月營收": 64392000
 },
 "2025-12": {
  "_src": "finmind",
  "公司代號": 7782,
  "營業收入-當月營收": 60884000
 },
 "2026-01": {
  "_src": "finmind",
  "公司代號": 7782,
  "營業收入-當月營收": 58020000
 },
 "2026-02": {
  "_src": "finmind",
  "公司代號": 7782,
  "營業收入-當月營收": 75927000
 },
 "2026-03": {
  "_src": "finmind",
  "公司代號": 7782,
  "營業收入-當月營收": 56628000
 },
 "2026-04": {
  "_src": "finmind",
  "公司代號": 7782,
  "營業收入-當月營收": 50686000
 },
 "2026-05": {
  "備註": null,
  "公司代號": 7782,
  "公司名稱": "光速火箭",
  "營業收入-上月比較增減(%)": 7.603677544095016,
  "營業收入-上月營收": 50686,
  "營業收入-去年同月增減(%)": 5.66900453365366,
  "營業收入-去年當月營收": 51614,
  "營業收入-當月營收": 54540,
  "產業別": "居家生活",
  "累計營業收入-前期比較增減(%)": 0.9735482968025151,
  "累計營業收入-去年累計營收": 292949,
  "累計營業收入-當月累計營收": 295801,
  "資料年月": 11505
 }
}