{
 "2025-09": {
  "_src": "finmind",
  "公司代號": 7786,
  "營業收入-當月營收": 1372411000
 },
 "2025-10": {
  "_src": "finmind",
  "公司代號": 7786,
  "營業收入-當月營收": 1100923000
 },
 "2025-11": {
  "_src": "finmind",
  "公司代號": 7786,
  "營業收入-當月營收": 620689000
 },
 "2025-12": {
  "_src": "finmind",
  "公司代號": 7786,
  "營業收入-當月營收": 359432000
 },
 "2026-01": {
  "_src": "finmind",
  "公司代號": 7786,
  "營業收入-當月營收": 319988000
 },
 "2026-02": {
  "_src": "finmind",
  "公司代號": 7786,
  "營業收入-當月營收": 341377000
 },
 "2026-03": {
  "_src": "finmind",
  "公司代號": 7786,
  "營業收入-當月營收": 1111610000
 },
 "2026-04": {
  "_src": "finmind",
  "公司代號": 7786,
  "營業收入-當月營收": 1288907000
 },
 "2026-05": {
  "備註": null,
  "公司代號": 7786,
  "公司名稱": "東方風能",
  "營業收入-上月比較增減(%)": 14.724491371371247,
  "營業收入-上月營收": 1288907,
  "營業收入-去年同月增減(%)": 37.694024659720625,
  "營業收入-去年當月營收": 1073897,
  "營業收入-當月營收": 1478692,
  "產業別": "綠能環保",
  "累計營業收入-前期比較增減(%)": 47.741852774006965,
  "累計營業收入-去年累計營收": 3073316,
  "累計營業收入-當月累計營收": 4540574,
  "資料年月": 11505
 },
 "2026-06": {
  "備註": null,
  "公司代號": 7786,
  "公司名稱": "東方風能",
  "營業收入-上月比較增減(%)": 3.2154769214954837,
  "營業收入-上月營收": 1478692,
  "營業收入-去年同月增減(%)": 18.581517854368027,
  "營業收入-去年當月營收": 1287080,
  "營業收入-當月營收": 1526239,
  "產業別": "綠能環保",
  "累計營業收入-前期比較增減(%)": 39.134450173791556,
  "累計營業收入-去年累計營收": 4360396,
  "累計營業收入-當月累計營收": 6066813,
  "資料年月": 11506
 }
}