{
 "2025-08": {
  "_src": "finmind",
  "公司代號": 7788,
  "營業收入-當月營收": 524040000
 },
 "2025-09": {
  "_src": "finmind",
  "公司代號": 7788,
  "營業收入-當月營收": 506170000
 },
 "2025-10": {
  "_src": "finmind",
  "公司代號": 7788,
  "營業收入-當月營收": 552829000
 },
 "2025-11": {
  "_src": "finmind",
  "公司代號": 7788,
  "營業收入-當月營收": 519734000
 },
 "2025-12": {
  "_src": "finmind",
  "公司代號": 7788,
  "營業收入-當月營收": 603208000
 },
 "2026-01": {
  "_src": "finmind",
  "公司代號": 7788,
  "營業收入-當月營收": 675951000
 },
 "2026-02": {
  "_src": "finmind",
  "公司代號": 7788,
  "營業收入-當月營收": 520666000
 },
 "2026-03": {
  "_src": "finmind",
  "公司代號": 7788,
  "營業收入-當月營收": 662505000
 },
 "2026-04": {
  "_src": "finmind",
  "公司代號": 7788,
  "營業收入-當月營收": 698719000
 },
 "2026-05": {
  "備註": null,
  "公司代號": 7788,
  "公司名稱": "松川精密",
  "營業收入-上月比較增減(%)": 4.578950908734413,
  "營業收入-上月營收": 698719,
  "營業收入-去年同月增減(%)": 43.08459601398903,
  "營業收入-去年當月營收": 510686,
  "營業收入-當月營收": 730713,
  "產業別": "電子零組件業",
  "累計營業收入-前期比較增減(%)": 20.301522574867583,
  "累計營業收入-去年累計營收": 2733593,
  "累計營業收入-當月累計營收": 3288554,
  "資料年月": 11505
 }
}