{
 "2025-08": {
  "_src": "finmind",
  "公司代號": 7791,
  "營業收入-當月營收": 287953000
 },
 "2025-09": {
  "_src": "finmind",
  "公司代號": 7791,
  "營業收入-當月營收": 239334000
 },
 "2025-10": {
  "_src": "finmind",
  "公司代號": 7791,
  "營業收入-當月營收": 197947000
 },
 "2025-11": {
  "_src": "finmind",
  "公司代號": 7791,
  "營業收入-當月營收": 160914000
 },
 "2025-12": {
  "_src": "finmind",
  "公司代號": 7791,
  "營業收入-當月營收": 148596000
 },
 "2026-01": {
  "_src": "finmind",
  "公司代號": 7791,
  "營業收入-當月營收": 139787000
 },
 "2026-02": {
  "_src": "finmind",
  "公司代號": 7791,
  "營業收入-當月營收": 176173000
 },
 "2026-03": {
  "_src": "finmind",
  "公司代號": 7791,
  "營業收入-當月營收": 170346000
 },
 "2026-04": {
  "_src": "finmind",
  "公司代號": 7791,
  "營業收入-當月營收": 210283000
 },
 "2026-05": {
  "備註": null,
  "公司代號": 7791,
  "公司名稱": "皇家可口",
  "營業收入-上月比較增減(%)": 3.8457697483866977,
  "營業收入-上月營收": 210283,
  "營業收入-去年同月增減(%)": -10.976216295547385,
  "營業收入-去年當月營收": 245294,
  "營業收入-當月營收": 218370,
  "產業別": "食品工業",
  "累計營業收入-前期比較增減(%)": -9.11647320355445,
  "累計營業收入-去年累計營收": 1006738,
  "累計營業收入-當月累計營收": 914959,
  "資料年月": 11505
 }
}