{
 "2025-11": {
  "_src": "finmind",
  "公司代號": 7792,
  "營業收入-當月營收": 332632000
 },
 "2025-12": {
  "_src": "finmind",
  "公司代號": 7792,
  "營業收入-當月營收": 921104000
 },
 "2026-01": {
  "_src": "finmind",
  "公司代號": 7792,
  "營業收入-當月營收": 451214000
 },
 "2026-02": {
  "_src": "finmind",
  "公司代號": 7792,
  "營業收入-當月營收": 309629000
 },
 "2026-03": {
  "_src": "finmind",
  "公司代號": 7792,
  "營業收入-當月營收": 607094000
 },
 "2026-04": {
  "_src": "finmind",
  "公司代號": 7792,
  "營業收入-當月營收": 336638000
 },
 "2026-05": {
  "備註": null,
  "公司代號": 7792,
  "公司名稱": "安葆",
  "出表日期": 1150617,
  "營業收入-上月比較增減(%)": 114.2886423992538,
  "營業收入-上月營收": 336638,
  "營業收入-去年同月增減(%)": 32.42325392702354,
  "營業收入-去年當月營收": 544751,
  "營業收入-當月營收": 721377,
  "產業別": "其他電子業",
  "累計營業收入-前期比較增減(%)": 15.569182339002655,
  "累計營業收入-去年累計營收": 2099134,
  "累計營業收入-當月累計營收": 2425952,
  "資料年月": 11505
 }
}