{
 "2026-02": {
  "_src": "finmind",
  "公司代號": 7794,
  "營業收入-當月營收": 77608000
 },
 "2026-03": {
  "_src": "finmind",
  "公司代號": 7794,
  "營業收入-當月營收": 90417000
 },
 "2026-04": {
  "_src": "finmind",
  "公司代號": 7794,
  "營業收入-當月營收": 100271000
 },
 "2026-05": {
  "備註": null,
  "公司代號": 7794,
  "公司名稱": "宏碁智新",
  "出表日期": 1150617,
  "營業收入-上月比較增減(%)": 27.440635876773943,
  "營業收入-上月營收": 100271,
  "營業收入-去年同月增減(%)": 44.86566148962703,
  "營業收入-去年當月營收": 88210,
  "營業收入-當月營收": 127786,
  "產業別": "居家生活",
  "累計營業收入-前期比較增減(%)": 38.306182448266554,
  "累計營業收入-去年累計營收": 352045,
  "累計營業收入-當月累計營收": 486900,
  "資料年月": 11505
 }
}