{
 "2025-11": {
  "_src": "finmind",
  "公司代號": 7795,
  "營業收入-當月營收": 135531000
 },
 "2025-12": {
  "_src": "finmind",
  "公司代號": 7795,
  "營業收入-當月營收": 362596000
 },
 "2026-01": {
  "_src": "finmind",
  "公司代號": 7795,
  "營業收入-當月營收": 128285000
 },
 "2026-02": {
  "_src": "finmind",
  "公司代號": 7795,
  "營業收入-當月營收": 161180000
 },
 "2026-03": {
  "_src": "finmind",
  "公司代號": 7795,
  "營業收入-當月營收": 128283000
 },
 "2026-04": {
  "_src": "finmind",
  "公司代號": 7795,
  "營業收入-當月營收": 160635000
 },
 "2026-05": {
  "備註": null,
  "公司代號": 7795,
  "公司名稱": "長廣",
  "營業收入-上月比較增減(%)": -15.336632738817817,
  "營業收入-上月營收": 160635,
  "營業收入-去年同月增減(%)": 24.513843111404086,
  "營業收入-去年當月營收": 109224,
  "營業收入-當月營收": 135999,
  "產業別": "電子零組件業",
  "累計營業收入-前期比較增減(%)": -5.595559813670752,
  "累計營業收入-去年累計營收": 756725,
  "累計營業收入-當月累計營收": 714382,
  "資料年月": 11505
 }
}