{
 "2024-11": {
  "_src": "finmind",
  "公司代號": 7803,
  "營業收入-當月營收": 1910000
 },
 "2024-12": {
  "_src": "finmind",
  "公司代號": 7803,
  "營業收入-當月營收": 48194000
 },
 "2025-01": {
  "_src": "finmind",
  "公司代號": 7803,
  "營業收入-當月營收": 243000
 },
 "2025-02": {
  "_src": "finmind",
  "公司代號": 7803,
  "營業收入-當月營收": 215000
 },
 "2025-03": {
  "_src": "finmind",
  "公司代號": 7803,
  "營業收入-當月營收": 11146000
 },
 "2025-04": {
  "_src": "finmind",
  "公司代號": 7803,
  "營業收入-當月營收": 15390000
 },
 "2025-05": {
  "_src": "finmind",
  "公司代號": 7803,
  "營業收入-當月營收": 1078000
 },
 "2025-06": {
  "_src": "finmind",
  "公司代號": 7803,
  "營業收入-當月營收": 21091000
 },
 "2025-07": {
  "_src": "finmind",
  "公司代號": 7803,
  "營業收入-當月營收": 2264000
 },
 "2025-08": {
  "_src": "finmind",
  "公司代號": 7803,
  "營業收入-當月營收": 63850000
 },
 "2025-09": {
  "_src": "finmind",
  "公司代號": 7803,
  "營業收入-當月營收": 24145000
 },
 "2025-10": {
  "_src": "finmind",
  "公司代號": 7803,
  "營業收入-當月營收": 48249000
 },
 "2025-11": {
  "_src": "finmind",
  "公司代號": 7803,
  "營業收入-當月營收": 884000
 },
 "2025-12": {
  "_src": "finmind",
  "公司代號": 7803,
  "營業收入-當月營收": 5248000
 },
 "2026-01": {
  "_src": "finmind",
  "公司代號": 7803,
  "營業收入-當月營收": 1615000
 },
 "2026-02": {
  "_src": "finmind",
  "公司代號": 7803,
  "營業收入-當月營收": 731000
 },
 "2026-03": {
  "_src": "finmind",
  "公司代號": 7803,
  "營業收入-當月營收": 8454000
 },
 "2026-04": {
  "_src": "finmind",
  "公司代號": 7803,
  "營業收入-當月營收": 1446000
 },
 "2026-05": {
  "備註": "本期有專案驗收完成，故認列收入",
  "公司代號": 7803,
  "公司名稱": "雲象科技-創",
  "營業收入-上月比較增減(%)": 1048.5477178423237,
  "營業收入-上月營收": 1446,
  "營業收入-去年同月增減(%)": 1440.6307977736549,
  "營業收入-去年當月營收": 1078,
  "營業收入-當月營收": 16608,
  "產業別": "生技醫療業",
  "累計營業收入-前期比較增減(%)": 2.7893555626803463,
  "累計營業收入-去年累計營收": 28071,
  "累計營業收入-當月累計營收": 28854,
  "資料年月": 11505
 },
 "2026-06": {
  "備註": "去年同期有專案驗收完成，故認列收入",
  "公司代號": 7803,
  "公司名稱": "雲象科技-創",
  "營業收入-上月比較增減(%)": -80.84657996146436,
  "營業收入-上月營收": 16608,
  "營業收入-去年同月增減(%)": -84.91773742354559,
  "營業收入-去年當月營收": 21091,
  "營業收入-當月營收": 3181,
  "產業別": "生技醫療業",
  "累計營業收入-前期比較增減(%)": -34.839917009072046,
  "累計營業收入-去年累計營收": 49162,
  "累計營業收入-當月累計營收": 32034,
  "資料年月": 11506
 }
}