{
 "2025-10": {
  "_src": "finmind",
  "公司代號": 7805,
  "營業收入-當月營收": 547302000
 },
 "2025-11": {
  "_src": "finmind",
  "公司代號": 7805,
  "營業收入-當月營收": 597084000
 },
 "2025-12": {
  "_src": "finmind",
  "公司代號": 7805,
  "營業收入-當月營收": 508151000
 },
 "2026-01": {
  "_src": "finmind",
  "公司代號": 7805,
  "營業收入-當月營收": 610743000
 },
 "2026-02": {
  "_src": "finmind",
  "公司代號": 7805,
  "營業收入-當月營收": 571637000
 },
 "2026-03": {
  "_src": "finmind",
  "公司代號": 7805,
  "營業收入-當月營收": 586485000
 },
 "2026-04": {
  "_src": "finmind",
  "公司代號": 7805,
  "營業收入-當月營收": 625032000
 },
 "2026-05": {
  "備註": null,
  "公司代號": 7805,
  "公司名稱": "威聯通",
  "出表日期": 1150617,
  "營業收入-上月比較增減(%)": -11.239744525080315,
  "營業收入-上月營收": 625032,
  "營業收入-去年同月增減(%)": 6.7046724406207865,
  "營業收入-去年當月營收": 519921,
  "營業收入-當月營收": 554780,
  "產業別": "數位雲端",
  "累計營業收入-前期比較增減(%)": 9.001702668154191,
  "累計營業收入-去年累計營收": 2705166,
  "累計營業收入-當月累計營收": 2948677,
  "資料年月": 11505
 }
}