{
 "2025-10": {
  "_src": "finmind",
  "公司代號": 7810,
  "營業收入-當月營收": 40069000
 },
 "2025-11": {
  "_src": "finmind",
  "公司代號": 7810,
  "營業收入-當月營收": 85706000
 },
 "2025-12": {
  "_src": "finmind",
  "公司代號": 7810,
  "營業收入-當月營收": 100237000
 },
 "2026-01": {
  "_src": "finmind",
  "公司代號": 7810,
  "營業收入-當月營收": 63584000
 },
 "2026-02": {
  "_src": "finmind",
  "公司代號": 7810,
  "營業收入-當月營收": 49933000
 },
 "2026-03": {
  "_src": "finmind",
  "公司代號": 7810,
  "營業收入-當月營收": 60738000
 },
 "2026-04": {
  "_src": "finmind",
  "公司代號": 7810,
  "營業收入-當月營收": 83816000
 },
 "2026-05": {
  "備註": "本月營收及本年累計營收較去年同期增加50%以上之原因，主要係各產品線銷售較去年同期成長所致。",
  "公司代號": 7810,
  "公司名稱": "捷創科技",
  "營業收入-上月比較增減(%)": -9.082991314307531,
  "營業收入-上月營收": 83816,
  "營業收入-去年同月增減(%)": 91.2917963650969,
  "營業收入-去年當月營收": 39836,
  "營業收入-當月營收": 76203,
  "產業別": "半導體業",
  "累計營業收入-前期比較增減(%)": 59.611325980041066,
  "累計營業收入-去年累計營收": 209430,
  "累計營業收入-當月累計營收": 334274,
  "資料年月": 11505
 },
 "2026-06": {
  "備註": "本月營收及本年累計營收較去年同期增加50%以上之原因，主要係各產品線銷售較去年同期成長所致。",
  "公司代號": 7810,
  "公司名稱": "捷創科技",
  "營業收入-上月比較增減(%)": 10.07178195084183,
  "營業收入-上月營收": 76203,
  "營業收入-去年同月增減(%)": 116.45935483870967,
  "營業收入-去年當月營收": 38750,
  "營業收入-當月營收": 83878,
  "產業別": "半導體業",
  "累計營業收入-前期比較增減(%)": 68.48738818599404,
  "累計營業收入-去年累計營收": 248180,
  "累計營業收入-當月累計營收": 418152,
  "資料年月": 11506
 }
}