{
 "2026-01": {
  "_src": "finmind",
  "公司代號": 7811,
  "營業收入-當月營收": 132397000
 },
 "2026-02": {
  "_src": "finmind",
  "公司代號": 7811,
  "營業收入-當月營收": 290847000
 },
 "2026-03": {
  "_src": "finmind",
  "公司代號": 7811,
  "營業收入-當月營收": 245797000
 },
 "2026-04": {
  "_src": "finmind",
  "公司代號": 7811,
  "營業收入-當月營收": 237796000
 },
 "2026-05": {
  "備註": null,
  "公司代號": 7811,
  "公司名稱": "民盛",
  "營業收入-上月比較增減(%)": -12.972463792494407,
  "營業收入-上月營收": 237796,
  "營業收入-去年同月增減(%)": 0.8567668989716848,
  "營業收入-去年當月營收": 205190,
  "營業收入-當月營收": 206948,
  "產業別": "運動休閒",
  "累計營業收入-前期比較增減(%)": -10.061418752180261,
  "累計營業收入-去年累計營收": 1238384,
  "累計營業收入-當月累計營收": 1113785,
  "資料年月": 11505
 },
 "2026-06": {
  "備註": null,
  "公司代號": 7811,
  "公司名稱": "民盛",
  "營業收入-上月比較增減(%)": 39.92113960995032,
  "營業收入-上月營收": 206948,
  "營業收入-去年同月增減(%)": 4.763420864116238,
  "營業收入-去年當月營收": 276398,
  "營業收入-當月營收": 289564,
  "產業別": "運動休閒",
  "累計營業收入-前期比較增減(%)": -7.356372072020925,
  "累計營業收入-去年累計營收": 1514782,
  "累計營業收入-當月累計營收": 1403349,
  "資料年月": 11506
 }
}