{
 "2026-06": {
  "備註": "主係客戶需求增加所致",
  "公司代號": 7814,
  "公司名稱": "海昌生技",
  "營業收入-上月比較增減(%)": 229.23454586029905,
  "營業收入-上月營收": 4481,
  "營業收入-去年同月增減(%)": 209.28721174004193,
  "營業收入-去年當月營收": 4770,
  "營業收入-當月營收": 14753,
  "產業別": "生技醫療業",
  "累計營業收入-前期比較增減(%)": 55.77910544162764,
  "累計營業收入-去年累計營收": 30965,
  "累計營業收入-當月累計營收": 48237,
  "資料年月": 11506
 }
}