{
 "2026-03": {
  "_src": "finmind",
  "公司代號": 7818,
  "營業收入-當月營收": 1019010000
 },
 "2026-04": {
  "_src": "finmind",
  "公司代號": 7818,
  "營業收入-當月營收": 1057317000
 },
 "2026-05": {
  "備註": null,
  "公司代號": 7818,
  "公司名稱": "溢泰實業",
  "出表日期": 1150617,
  "營業收入-上月比較增減(%)": -9.480789583445645,
  "營業收入-上月營收": 1057317,
  "營業收入-去年同月增減(%)": -16.359703742544404,
  "營業收入-去年當月營收": 1144275,
  "營業收入-當月營收": 957075,
  "產業別": "綠能環保",
  "累計營業收入-前期比較增減(%)": -13.744970739255251,
  "累計營業收入-去年累計營收": 5561205,
  "累計營業收入-當月累計營收": 4796819,
  "資料年月": 11505
 }
}