{
 "2025-01": {
  "_src": "finmind",
  "公司代號": 7819,
  "營業收入-當月營收": 28698000
 },
 "2025-02": {
  "_src": "finmind",
  "公司代號": 7819,
  "營業收入-當月營收": 30308000
 },
 "2025-03": {
  "_src": "finmind",
  "公司代號": 7819,
  "營業收入-當月營收": 41468000
 },
 "2025-04": {
  "_src": "finmind",
  "公司代號": 7819,
  "營業收入-當月營收": 26641000
 },
 "2025-05": {
  "_src": "finmind",
  "公司代號": 7819,
  "營業收入-當月營收": 39641000
 },
 "2025-06": {
  "_src": "finmind",
  "公司代號": 7819,
  "營業收入-當月營收": 82432000
 },
 "2025-07": {
  "_src": "finmind",
  "公司代號": 7819,
  "營業收入-當月營收": 80460000
 },
 "2025-08": {
  "_src": "finmind",
  "公司代號": 7819,
  "營業收入-當月營收": 33194000
 },
 "2025-09": {
  "_src": "finmind",
  "公司代號": 7819,
  "營業收入-當月營收": 38725000
 },
 "2025-10": {
  "_src": "finmind",
  "公司代號": 7819,
  "營業收入-當月營收": 35752000
 },
 "2025-11": {
  "_src": "finmind",
  "公司代號": 7819,
  "營業收入-當月營收": 41179000
 },
 "2025-12": {
  "_src": "finmind",
  "公司代號": 7819,
  "營業收入-當月營收": 53245000
 },
 "2026-01": {
  "_src": "finmind",
  "公司代號": 7819,
  "營業收入-當月營收": 30061000
 },
 "2026-02": {
  "_src": "finmind",
  "公司代號": 7819,
  "營業收入-當月營收": 30104000
 },
 "2026-03": {
  "_src": "finmind",
  "公司代號": 7819,
  "營業收入-當月營收": 43058000
 },
 "2026-04": {
  "_src": "finmind",
  "公司代號": 7819,
  "營業收入-當月營收": 23808000
 },
 "2026-05": {
  "備註": null,
  "公司代號": 7819,
  "公司名稱": "精誠金融",
  "營業收入-上月比較增減(%)": 6.098790322580645,
  "營業收入-上月營收": 23808,
  "營業收入-去年同月增減(%)": -36.27809591079942,
  "營業收入-去年當月營收": 39641,
  "營業收入-當月營收": 25260,
  "產業別": "資訊服務業",
  "累計營業收入-前期比較增減(%)": -11.158104749792903,
  "累計營業收入-去年累計營收": 171418,
  "累計營業收入-當月累計營收": 152291,
  "資料年月": 11505
 }
}