{
 "2026-02": {
  "_src": "finmind",
  "公司代號": 7820,
  "營業收入-當月營收": 30290000
 },
 "2026-03": {
  "_src": "finmind",
  "公司代號": 7820,
  "營業收入-當月營收": 33714000
 },
 "2026-04": {
  "_src": "finmind",
  "公司代號": 7820,
  "營業收入-當月營收": 33506000
 },
 "2026-05": {
  "備註": "本年營收較去年同期成長，主要係產能較去年同期擴增所致。",
  "公司代號": 7820,
  "公司名稱": "立盈",
  "出表日期": 1150617,
  "營業收入-上月比較增減(%)": 11.553154658867069,
  "營業收入-上月營收": 33506,
  "營業收入-去年同月增減(%)": 38.72105106888361,
  "營業收入-去年當月營收": 26944,
  "營業收入-當月營收": 37377,
  "產業別": "綠能環保",
  "累計營業收入-前期比較增減(%)": 56.08809008709159,
  "累計營業收入-去年累計營收": 108162,
  "累計營業收入-當月累計營收": 168828,
  "資料年月": 11505
 }
}