{
 "2026-02": {
  "_src": "finmind",
  "公司代號": 7821,
  "營業收入-當月營收": 637803000
 },
 "2026-03": {
  "_src": "finmind",
  "公司代號": 7821,
  "營業收入-當月營收": 862923000
 },
 "2026-04": {
  "_src": "finmind",
  "公司代號": 7821,
  "營業收入-當月營收": 707689000
 },
 "2026-05": {
  "備註": "本月營收較去年同期增加，主要係客戶需求成長及出貨量增加所致。",
  "公司代號": 7821,
  "公司名稱": "神數",
  "出表日期": 1150617,
  "營業收入-上月比較增減(%)": 12.477232230541947,
  "營業收入-上月營收": 707689,
  "營業收入-去年同月增減(%)": 61.38619682900126,
  "營業收入-去年當月營收": 493220,
  "營業收入-當月營收": 795989,
  "產業別": "汽車工業",
  "累計營業收入-前期比較增減(%)": 20.236824503512604,
  "累計營業收入-去年累計營收": 3322038,
  "累計營業收入-當月累計營收": 3994313,
  "資料年月": 11505
 }
}