{
 "2026-01": {
  "_src": "finmind",
  "公司代號": 7822,
  "營業收入-當月營收": 232737000
 },
 "2026-02": {
  "_src": "finmind",
  "公司代號": 7822,
  "營業收入-當月營收": 220878000
 },
 "2026-03": {
  "_src": "finmind",
  "公司代號": 7822,
  "營業收入-當月營收": 230827000
 },
 "2026-04": {
  "_src": "finmind",
  "公司代號": 7822,
  "營業收入-當月營收": 238741000
 },
 "2026-05": {
  "備註": "本月認列設備營收較前期多",
  "公司代號": 7822,
  "公司名稱": "倍利科",
  "營業收入-上月比較增減(%)": 1.6750369647442207,
  "營業收入-上月營收": 238741,
  "營業收入-去年同月增減(%)": 79.808739323995,
  "營業收入-去年當月營收": 134999,
  "營業收入-當月營收": 242740,
  "產業別": "半導體業",
  "累計營業收入-前期比較增減(%)": 103.34441394273198,
  "累計營業收入-去年累計營收": 573374,
  "累計營業收入-當月累計營收": 1165924,
  "資料年月": 11505
 }
}