{
 "2025-11": {
  "_src": "finmind",
  "公司代號": 7823,
  "營業收入-當月營收": 33073000
 },
 "2025-12": {
  "_src": "finmind",
  "公司代號": 7823,
  "營業收入-當月營收": 54860000
 },
 "2026-01": {
  "_src": "finmind",
  "公司代號": 7823,
  "營業收入-當月營收": 33184000
 },
 "2026-02": {
  "_src": "finmind",
  "公司代號": 7823,
  "營業收入-當月營收": 27062000
 },
 "2026-03": {
  "_src": "finmind",
  "公司代號": 7823,
  "營業收入-當月營收": 30707000
 },
 "2026-04": {
  "_src": "finmind",
  "公司代號": 7823,
  "營業收入-當月營收": 29166000
 },
 "2026-05": {
  "備註": null,
  "公司代號": 7823,
  "公司名稱": "奧義賽博-KY創",
  "營業收入-上月比較增減(%)": -3.5040800932592746,
  "營業收入-上月營收": 29166,
  "營業收入-去年同月增減(%)": 3.027418823443277,
  "營業收入-去年當月營收": 27317,
  "營業收入-當月營收": 28144,
  "產業別": "數位雲端",
  "累計營業收入-前期比較增減(%)": 19.221923800640088,
  "累計營業收入-去年累計營收": 124358,
  "累計營業收入-當月累計營收": 148262,
  "資料年月": 11505
 },
 "2026-06": {
  "備註": null,
  "公司代號": 7823,
  "公司名稱": "奧義賽博-KY創",
  "營業收入-上月比較增減(%)": 7.3266060261512225,
  "營業收入-上月營收": 28144,
  "營業收入-去年同月增減(%)": -23.899022473042425,
  "營業收入-去年當月營收": 39692,
  "營業收入-當月營收": 30206,
  "產業別": "數位雲端",
  "累計營業收入-前期比較增減(%)": 8.788783907345321,
  "累計營業收入-去年累計營收": 164050,
  "累計營業收入-當月累計營收": 178468,
  "資料年月": 11506
 }
}