{
 "2026-02": {
  "_src": "finmind",
  "公司代號": 7828,
  "營業收入-當月營收": 15578000
 },
 "2026-03": {
  "_src": "finmind",
  "公司代號": 7828,
  "營業收入-當月營收": 63692000
 },
 "2026-04": {
  "_src": "finmind",
  "公司代號": 7828,
  "營業收入-當月營收": 130035000
 },
 "2026-05": {
  "備註": "本月及累計營收成長顯著主係終端需求強勁帶動設備出貨量提升。目前訂單能見度良好後續將依時程持續交付營運動能維持成長趨勢",
  "公司代號": 7828,
  "公司名稱": "創新服務",
  "出表日期": 1150617,
  "營業收入-上月比較增減(%)": -13.598646518245088,
  "營業收入-上月營收": 130035,
  "營業收入-去年同月增減(%)": 258.64270437641653,
  "營業收入-去年當月營收": 31327,
  "營業收入-當月營收": 112352,
  "產業別": "半導體業",
  "累計營業收入-前期比較增減(%)": 198.95013520985933,
  "累計營業收入-去年累計營收": 132017,
  "累計營業收入-當月累計營收": 394665,
  "資料年月": 11505
 }
}