{
 "2025-05": {
  "_src": "finmind",
  "公司代號": 7839,
  "營業收入-當月營收": 15388000
 },
 "2025-06": {
  "_src": "finmind",
  "公司代號": 7839,
  "營業收入-當月營收": 13932000
 },
 "2025-07": {
  "_src": "finmind",
  "公司代號": 7839,
  "營業收入-當月營收": 14863000
 },
 "2025-08": {
  "_src": "finmind",
  "公司代號": 7839,
  "營業收入-當月營收": 14715000
 },
 "2025-09": {
  "_src": "finmind",
  "公司代號": 7839,
  "營業收入-當月營收": 14539000
 },
 "2025-10": {
  "_src": "finmind",
  "公司代號": 7839,
  "營業收入-當月營收": 14338000
 },
 "2025-11": {
  "_src": "finmind",
  "公司代號": 7839,
  "營業收入-當月營收": 14105000
 },
 "2025-12": {
  "_src": "finmind",
  "公司代號": 7839,
  "營業收入-當月營收": 14287000
 },
 "2026-01": {
  "_src": "finmind",
  "公司代號": 7839,
  "營業收入-當月營收": 15196000
 },
 "2026-02": {
  "_src": "finmind",
  "公司代號": 7839,
  "營業收入-當月營收": 10472000
 },
 "2026-03": {
  "_src": "finmind",
  "公司代號": 7839,
  "營業收入-當月營收": 17002000
 },
 "2026-04": {
  "_src": "finmind",
  "公司代號": 7839,
  "營業收入-當月營收": 15803000
 },
 "2026-05": {
  "備註": null,
  "公司代號": 7839,
  "公司名稱": "達人網",
  "出表日期": 1150617,
  "營業收入-上月比較增減(%)": 0.40498639498829336,
  "營業收入-上月營收": 15803,
  "營業收入-去年同月增減(%)": 6.597245549210615,
  "營業收入-去年當月營收": 14885,
  "營業收入-當月營收": 15867,
  "產業別": "數位雲端",
  "累計營業收入-前期比較增減(%)": 5.148514851485149,
  "累計營業收入-去年累計營收": 70700,
  "累計營業收入-當月累計營收": 74340,
  "資料年月": 11505
 }
}