{
 "2026-03": {
  "_src": "finmind",
  "公司代號": 7842,
  "營業收入-當月營收": 296193000
 },
 "2026-04": {
  "_src": "finmind",
  "公司代號": 7842,
  "營業收入-當月營收": 278159000
 },
 "2026-05": {
  "備註": "本月及本年累計營收增加，主要係因售電業務成長所致。",
  "公司代號": 7842,
  "公司名稱": "天能綠電",
  "出表日期": 1150617,
  "營業收入-上月比較增減(%)": 18.90177919822835,
  "營業收入-上月營收": 278159,
  "營業收入-去年同月增減(%)": 40.589160467587675,
  "營業收入-去年當月營收": 235250,
  "營業收入-當月營收": 330736,
  "產業別": "綠能環保",
  "累計營業收入-前期比較增減(%)": 65.61861090198664,
  "累計營業收入-去年累計營收": 803615,
  "累計營業收入-當月累計營收": 1330936,
  "資料年月": 11505
 }
}