{
 "2024-10": {
  "_src": "finmind",
  "公司代號": 8045,
  "營業收入-當月營收": 106619000
 },
 "2024-11": {
  "_src": "finmind",
  "公司代號": 8045,
  "營業收入-當月營收": 102075000
 },
 "2024-12": {
  "_src": "finmind",
  "公司代號": 8045,
  "營業收入-當月營收": 79731000
 },
 "2025-01": {
  "_src": "finmind",
  "公司代號": 8045,
  "營業收入-當月營收": 68880000
 },
 "2025-02": {
  "_src": "finmind",
  "公司代號": 8045,
  "營業收入-當月營收": 107130000
 },
 "2025-03": {
  "_src": "finmind",
  "公司代號": 8045,
  "營業收入-當月營收": 134850000
 },
 "2025-04": {
  "_src": "finmind",
  "公司代號": 8045,
  "營業收入-當月營收": 119472000
 },
 "2025-05": {
  "_src": "finmind",
  "公司代號": 8045,
  "營業收入-當月營收": 104111000
 },
 "2025-06": {
  "_src": "finmind",
  "公司代號": 8045,
  "營業收入-當月營收": 111477000
 },
 "2025-07": {
  "_src": "finmind",
  "公司代號": 8045,
  "營業收入-當月營收": 139157000
 },
 "2025-08": {
  "_src": "finmind",
  "公司代號": 8045,
  "營業收入-當月營收": 107371000
 },
 "2025-09": {
  "_src": "finmind",
  "公司代號": 8045,
  "營業收入-當月營收": 106412000
 },
 "2025-10": {
  "_src": "finmind",
  "公司代號": 8045,
  "營業收入-當月營收": 57599000
 },
 "2025-11": {
  "_src": "finmind",
  "公司代號": 8045,
  "營業收入-當月營收": 48123000
 },
 "2025-12": {
  "_src": "finmind",
  "公司代號": 8045,
  "營業收入-當月營收": 105543000
 },
 "2026-01": {
  "_src": "finmind",
  "公司代號": 8045,
  "營業收入-當月營收": 161815000
 },
 "2026-02": {
  "_src": "finmind",
  "公司代號": 8045,
  "營業收入-當月營收": 119217000
 },
 "2026-03": {
  "_src": "finmind",
  "公司代號": 8045,
  "營業收入-當月營收": 173782000
 },
 "2026-04": {
  "_src": "finmind",
  "公司代號": 8045,
  "營業收入-當月營收": 234095000
 },
 "2026-05": {
  "備註": "產品品項增換",
  "公司代號": 8045,
  "公司名稱": "達運光電",
  "出表日期": 1150617,
  "營業收入-上月比較增減(%)": -51.51455605630193,
  "營業收入-上月營收": 234095,
  "營業收入-去年同月增減(%)": 9.020180384397422,
  "營業收入-去年當月營收": 104111,
  "營業收入-當月營收": 113502,
  "產業別": "通信網路業",
  "累計營業收入-前期比較增減(%)": 50.13967813218622,
  "累計營業收入-去年累計營收": 534443,
  "累計營業收入-當月累計營收": 802411,
  "資料年月": 11505
 }
}