{
 "2025-10": {
  "_src": "finmind",
  "公司代號": 8102,
  "營業收入-當月營收": 31229000
 },
 "2025-11": {
  "_src": "finmind",
  "公司代號": 8102,
  "營業收入-當月營收": 35470000
 },
 "2025-12": {
  "_src": "finmind",
  "公司代號": 8102,
  "營業收入-當月營收": 41549000
 },
 "2026-01": {
  "_src": "finmind",
  "公司代號": 8102,
  "營業收入-當月營收": 27736000
 },
 "2026-02": {
  "_src": "finmind",
  "公司代號": 8102,
  "營業收入-當月營收": 19333000
 },
 "2026-03": {
  "_src": "finmind",
  "公司代號": 8102,
  "營業收入-當月營收": 54363000
 },
 "2026-04": {
  "_src": "finmind",
  "公司代號": 8102,
  "營業收入-當月營收": 32574000
 },
 "2026-05": {
  "備註": null,
  "公司代號": 8102,
  "公司名稱": "傑霖科技",
  "營業收入-上月比較增減(%)": 30.294099588628967,
  "營業收入-上月營收": 32574,
  "營業收入-去年同月增減(%)": 21.412020482306833,
  "營業收入-去年當月營收": 34957,
  "營業收入-當月營收": 42442,
  "產業別": "半導體業",
  "累計營業收入-前期比較增減(%)": -4.323260366227274,
  "累計營業收入-去年累計營收": 184421,
  "累計營業收入-當月累計營收": 176448,
  "資料年月": 11505
 }
}