{
 "2023-12": {
  "_src": "finmind",
  "公司代號": 8162,
  "營業收入-當月營收": 95445000
 },
 "2024-01": {
  "_src": "finmind",
  "公司代號": 8162,
  "營業收入-當月營收": 94802000
 },
 "2024-02": {
  "_src": "finmind",
  "公司代號": 8162,
  "營業收入-當月營收": 64263000
 },
 "2024-03": {
  "_src": "finmind",
  "公司代號": 8162,
  "營業收入-當月營收": 83048000
 },
 "2024-04": {
  "_src": "finmind",
  "公司代號": 8162,
  "營業收入-當月營收": 79432000
 },
 "2024-05": {
  "_src": "finmind",
  "公司代號": 8162,
  "營業收入-當月營收": 77692000
 },
 "2024-06": {
  "_src": "finmind",
  "公司代號": 8162,
  "營業收入-當月營收": 79739000
 },
 "2024-07": {
  "_src": "finmind",
  "公司代號": 8162,
  "營業收入-當月營收": 102328000
 },
 "2024-08": {
  "_src": "finmind",
  "公司代號": 8162,
  "營業收入-當月營收": 93426000
 },
 "2024-09": {
  "_src": "finmind",
  "公司代號": 8162,
  "營業收入-當月營收": 93977000
 },
 "2024-10": {
  "_src": "finmind",
  "公司代號": 8162,
  "營業收入-當月營收": 104533000
 },
 "2024-11": {
  "_src": "finmind",
  "公司代號": 8162,
  "營業收入-當月營收": 92656000
 },
 "2024-12": {
  "_src": "finmind",
  "公司代號": 8162,
  "營業收入-當月營收": 98256000
 },
 "2025-01": {
  "_src": "finmind",
  "公司代號": 8162,
  "營業收入-當月營收": 91270000
 },
 "2025-02": {
  "_src": "finmind",
  "公司代號": 8162,
  "營業收入-當月營收": 98132000
 },
 "2025-03": {
  "_src": "finmind",
  "公司代號": 8162,
  "營業收入-當月營收": 108476000
 },
 "2025-04": {
  "_src": "finmind",
  "公司代號": 8162,
  "營業收入-當月營收": 103424000
 },
 "2025-05": {
  "_src": "finmind",
  "公司代號": 8162,
  "營業收入-當月營收": 119193000
 },
 "2025-06": {
  "_src": "finmind",
  "公司代號": 8162,
  "營業收入-當月營收": 117132000
 },
 "2025-07": {
  "_src": "finmind",
  "公司代號": 8162,
  "營業收入-當月營收": 121553000
 },
 "2025-08": {
  "_src": "finmind",
  "公司代號": 8162,
  "營業收入-當月營收": 120011000
 },
 "2025-09": {
  "_src": "finmind",
  "公司代號": 8162,
  "營業收入-當月營收": 107458000
 },
 "2025-10": {
  "_src": "finmind",
  "公司代號": 8162,
  "營業收入-當月營收": 94701000
 },
 "2025-11": {
  "_src": "finmind",
  "公司代號": 8162,
  "營業收入-當月營收": 96142000
 },
 "2025-12": {
  "_src": "finmind",
  "公司代號": 8162,
  "營業收入-當月營收": 97281000
 },
 "2026-01": {
  "_src": "finmind",
  "公司代號": 8162,
  "營業收入-當月營收": 93425000
 },
 "2026-02": {
  "_src": "finmind",
  "公司代號": 8162,
  "營業收入-當月營收": 78969000
 },
 "2026-03": {
  "_src": "finmind",
  "公司代號": 8162,
  "營業收入-當月營收": 110970000
 },
 "2026-04": {
  "_src": "finmind",
  "公司代號": 8162,
  "營業收入-當月營收": 104317000
 },
 "2026-05": {
  "備註": null,
  "公司代號": 8162,
  "公司名稱": "微矽電子-創",
  "營業收入-上月比較增減(%)": 9.790350566063058,
  "營業收入-上月營收": 104317,
  "營業收入-去年同月增減(%)": -3.9121424915892713,
  "營業收入-去年當月營收": 119193,
  "營業收入-當月營收": 114530,
  "產業別": "半導體業",
  "累計營業收入-前期比較增減(%)": -3.5128099213248927,
  "累計營業收入-去年累計營收": 520495,
  "累計營業收入-當月累計營收": 502211,
  "資料年月": 11505
 },
 "2026-06": {
  "備註": null,
  "公司代號": 8162,
  "公司名稱": "微矽電子-創",
  "營業收入-上月比較增減(%)": 0.1152536453331005,
  "營業收入-上月營收": 114530,
  "營業收入-去年同月增減(%)": -2.1087320288221836,
  "營業收入-去年當月營收": 117132,
  "營業收入-當月營收": 114662,
  "產業別": "半導體業",
  "累計營業收入-前期比較增減(%)": -3.254880988414857,
  "累計營業收入-去年累計營收": 637627,
  "累計營業收入-當月累計營收": 616873,
  "資料年月": 11506
 }
}