{
 "2024-08": {
  "_src": "finmind",
  "公司代號": 8272,
  "營業收入-當月營收": 32752000
 },
 "2024-09": {
  "_src": "finmind",
  "公司代號": 8272,
  "營業收入-當月營收": 38801000
 },
 "2024-10": {
  "_src": "finmind",
  "公司代號": 8272,
  "營業收入-當月營收": 35007000
 },
 "2024-11": {
  "_src": "finmind",
  "公司代號": 8272,
  "營業收入-當月營收": 48985000
 },
 "2024-12": {
  "_src": "finmind",
  "公司代號": 8272,
  "營業收入-當月營收": 71578000
 },
 "2025-01": {
  "_src": "finmind",
  "公司代號": 8272,
  "營業收入-當月營收": 24685000
 },
 "2025-02": {
  "_src": "finmind",
  "公司代號": 8272,
  "營業收入-當月營收": 23179000
 },
 "2025-03": {
  "_src": "finmind",
  "公司代號": 8272,
  "營業收入-當月營收": 28873000
 },
 "2025-04": {
  "_src": "finmind",
  "公司代號": 8272,
  "營業收入-當月營收": 26779000
 },
 "2025-05": {
  "_src": "finmind",
  "公司代號": 8272,
  "營業收入-當月營收": 35205000
 },
 "2025-06": {
  "_src": "finmind",
  "公司代號": 8272,
  "營業收入-當月營收": 59329000
 },
 "2025-07": {
  "_src": "finmind",
  "公司代號": 8272,
  "營業收入-當月營收": 31540000
 },
 "2025-08": {
  "_src": "finmind",
  "公司代號": 8272,
  "營業收入-當月營收": 37149000
 },
 "2025-09": {
  "_src": "finmind",
  "公司代號": 8272,
  "營業收入-當月營收": 50258000
 },
 "2025-10": {
  "_src": "finmind",
  "公司代號": 8272,
  "營業收入-當月營收": 35050000
 },
 "2025-11": {
  "_src": "finmind",
  "公司代號": 8272,
  "營業收入-當月營收": 50329000
 },
 "2025-12": {
  "_src": "finmind",
  "公司代號": 8272,
  "營業收入-當月營收": 75864000
 },
 "2026-01": {
  "_src": "finmind",
  "公司代號": 8272,
  "營業收入-當月營收": 26824000
 },
 "2026-02": {
  "_src": "finmind",
  "公司代號": 8272,
  "營業收入-當月營收": 23803000
 },
 "2026-03": {
  "_src": "finmind",
  "公司代號": 8272,
  "營業收入-當月營收": 29416000
 },
 "2026-04": {
  "_src": "finmind",
  "公司代號": 8272,
  "營業收入-當月營收": 33122000
 },
 "2026-05": {
  "備註": null,
  "公司代號": 8272,
  "公司名稱": "全景軟體",
  "出表日期": 1150617,
  "營業收入-上月比較增減(%)": 4.543807741078437,
  "營業收入-上月營收": 33122,
  "營業收入-去年同月增減(%)": -1.641812242579179,
  "營業收入-去年當月營收": 35205,
  "營業收入-當月營收": 34627,
  "產業別": "資訊服務業",
  "累計營業收入-前期比較增減(%)": 6.5390243726616735,
  "累計營業收入-去年累計營收": 138721,
  "累計營業收入-當月累計營收": 147792,
  "資料年月": 11505
 }
}