{
 "2024-01": {
  "_src": "finmind",
  "公司代號": 8487,
  "營業收入-當月營收": 61535000
 },
 "2024-02": {
  "_src": "finmind",
  "公司代號": 8487,
  "營業收入-當月營收": 63930000
 },
 "2024-03": {
  "_src": "finmind",
  "公司代號": 8487,
  "營業收入-當月營收": 73547000
 },
 "2024-04": {
  "_src": "finmind",
  "公司代號": 8487,
  "營業收入-當月營收": 77766000
 },
 "2024-05": {
  "_src": "finmind",
  "公司代號": 8487,
  "營業收入-當月營收": 74497000
 },
 "2024-06": {
  "_src": "finmind",
  "公司代號": 8487,
  "營業收入-當月營收": 77480000
 },
 "2024-07": {
  "_src": "finmind",
  "公司代號": 8487,
  "營業收入-當月營收": 242154000
 },
 "2024-08": {
  "_src": "finmind",
  "公司代號": 8487,
  "營業收入-當月營收": 441364000
 },
 "2024-09": {
  "_src": "finmind",
  "公司代號": 8487,
  "營業收入-當月營收": 74693000
 },
 "2024-10": {
  "_src": "finmind",
  "公司代號": 8487,
  "營業收入-當月營收": 86954000
 },
 "2024-11": {
  "_src": "finmind",
  "公司代號": 8487,
  "營業收入-當月營收": 128690000
 },
 "2024-12": {
  "_src": "finmind",
  "公司代號": 8487,
  "營業收入-當月營收": 82945000
 },
 "2025-01": {
  "_src": "finmind",
  "公司代號": 8487,
  "營業收入-當月營收": 62839000
 },
 "2025-02": {
  "_src": "finmind",
  "公司代號": 8487,
  "營業收入-當月營收": 81269000
 },
 "2025-03": {
  "_src": "finmind",
  "公司代號": 8487,
  "營業收入-當月營收": 99918000
 },
 "2025-04": {
  "_src": "finmind",
  "公司代號": 8487,
  "營業收入-當月營收": 94758000
 },
 "2025-05": {
  "_src": "finmind",
  "公司代號": 8487,
  "營業收入-當月營收": 92813000
 },
 "2025-06": {
  "_src": "finmind",
  "公司代號": 8487,
  "營業收入-當月營收": 105854000
 },
 "2025-07": {
  "_src": "finmind",
  "公司代號": 8487,
  "營業收入-當月營收": 88748000
 },
 "2025-08": {
  "_src": "finmind",
  "公司代號": 8487,
  "營業收入-當月營收": 88782000
 },
 "2025-09": {
  "_src": "finmind",
  "公司代號": 8487,
  "營業收入-當月營收": 87183000
 },
 "2025-10": {
  "_src": "finmind",
  "公司代號": 8487,
  "營業收入-當月營收": 81694000
 },
 "2025-11": {
  "_src": "finmind",
  "公司代號": 8487,
  "營業收入-當月營收": 72162000
 },
 "2025-12": {
  "_src": "finmind",
  "公司代號": 8487,
  "營業收入-當月營收": 62580000
 },
 "2026-01": {
  "_src": "finmind",
  "公司代號": 8487,
  "營業收入-當月營收": 48355000
 },
 "2026-02": {
  "_src": "finmind",
  "公司代號": 8487,
  "營業收入-當月營收": 72177000
 },
 "2026-03": {
  "_src": "finmind",
  "公司代號": 8487,
  "營業收入-當月營收": 266052000
 },
 "2026-04": {
  "_src": "finmind",
  "公司代號": 8487,
  "營業收入-當月營收": 86925000
 },
 "2026-05": {
  "備註": null,
  "公司代號": 8487,
  "公司名稱": "愛爾達-創",
  "營業收入-上月比較增減(%)": 4.4797238999137186,
  "營業收入-上月營收": 86925,
  "營業收入-去年同月增減(%)": -2.1484059345134843,
  "營業收入-去年當月營收": 92813,
  "營業收入-當月營收": 90819,
  "產業別": "數位雲端",
  "累計營業收入-前期比較增減(%)": 30.753386252948346,
  "累計營業收入-去年累計營收": 431598,
  "累計營業收入-當月累計營收": 564329,
  "資料年月": 11505
 }
}